genre,track_name,artist_name,album,duration,listeners,playcount,track_url,raw_html,scraping_status
rock,"Lover, You Should've Come Over",Jeff Buckley,Grace,6:43,"1,421,908","25,355,541","https://www.last.fm/music/Jeff+Buckley/_/Lover,+You+Should%27ve+Come+Over","
<!DOCTYPE html>

<html class=""no-js playbar-masthead-release-shim youtube-provider-not-ready"" lang=""en"">
<head>
<meta charset=""utf-8""/>
<meta content=""IE=edge"" http-equiv=""X-UA-Compatible""/><script type=""text/javascript"">window.NREUM||(NREUM={});NREUM.info={""beacon"":""bam.nr-data.net"",""errorBeacon"":""bam.nr-data.net"",""licenseKey"":""0ed0ce50b0"",""applicationID"":""5588594"",""transactionName"":""Y1BRbUUFWkMEWxYMV1oadUxZB0BZClZNCV5ZG0RcVUpDRxIWAxVIRxteTEQNVx4TUQcSSxpWUk1WCFtXEF1YMUpVVlgXUAFA"",""queueTime"":0,""applicationTime"":839,""agent"":""""};
(window.NREUM||(NREUM={})).init={ajax:{deny_list:[""bam.nr-data.net""]}};(window.NREUM||(NREUM={})).loader_config={xpid:""UwYPV15QGwYFXFlXDgU="",licenseKey:""0ed0ce50b0"",applicationID:""5588594"",browserID:""5591142""};;/*! For license information please see nr-loader-full-1.302.0.min.js.LICENSE.txt */
(()=>{var e,t,r={384:(e,t,r)=>{""use strict"";r.d(t,{NT:()=>o,US:()=>u,Zm:()=>s,bQ:()=>d,dV:()=>c,pV:()=>l});var n=r(6154),i=r(1863),a=r(1910);const o={beacon:""bam.nr-data.net"",errorBeacon:""bam.nr-data.net""};function s(){return n.gm.NREUM||(n.gm.NREUM={}),void 0===n.gm.newrelic&&(n.gm.newrelic=n.gm.NREUM),n.gm.NREUM}function c(){let e=s();return e.o||(e.o={ST:n.gm.setTimeout,SI:n.gm.setImmediate||n.gm.setInterval,CT:n.gm.clearTimeout,XHR:n.gm.XMLHttpRequest,REQ:n.gm.Request,EV:n.gm.Event,PR:n.gm.Promise,MO:n.gm.MutationObserver,FETCH:n.gm.fetch,WS:n.gm.WebSocket},(0,a.i)(...Object.values(e.o))),e}function d(e,t){let r=s();r.initializedAgents??={},t.initializedAt={ms:(0,i.t)(),date:new Date},r.initializedAgents[e]=t}function u(e,t){s()[e]=t}function l(){return function(){let e=s();const t=e.info||{};e.info={beacon:o.beacon,errorBeacon:o.errorBeacon,...t}}(),function(){let e=s();const t=e.init||{};e.init={...t}}(),c(),function(){let e=s();const t=e.loader_config||{};e.loader_config={...t}}(),s()}},782:(e,t,r)=>{""use strict"";r.d(t,{T:()=>n});const n=r(860).K7.pageViewTiming},860:(e,t,r)=>{""use strict"";r.d(t,{$J:()=>u,K7:()=>c,P3:()=>d,XX:()=>i,Yy:()=>s,df:()=>a,qY:()=>n,v4:()=>o});const n=""events"",i=""jserrors"",a=""browser/blobs"",o=""rum"",s=""browser/logs"",c={ajax:""ajax"",genericEvents:""generic_events"",jserrors:i,logging:""logging"",metrics:""metrics"",pageAction:""page_action"",pageViewEvent:""page_view_event"",pageViewTiming:""page_view_timing"",sessionReplay:""session_replay"",sessionTrace:""session_trace"",softNav:""soft_navigations"",spa:""spa""},d={[c.pageViewEvent]:1,[c.pageViewTiming]:2,[c.metrics]:3,[c.jserrors]:4,[c.spa]:5,[c.ajax]:6,[c.sessionTrace]:7,[c.softNav]:8,[c.sessionReplay]:9,[c.logging]:10,[c.genericEvents]:11},u={[c.pageViewEvent]:o,[c.pageViewTiming]:n,[c.ajax]:n,[c.spa]:n,[c.softNav]:n,[c.metrics]:i,[c.jserrors]:i,[c.sessionTrace]:a,[c.sessionReplay]:a,[c.logging]:s,[c.genericEvents]:""ins""}},944:(e,t,r)=>{""use strict"";r.d(t,{R:()=>i});var n=r(3241);function i(e,t){""function""==typeof console.debug&&(console.debug(""New Relic Warning: https://github.com/newrelic/newrelic-browser-agent/blob/main/docs/warning-codes.md#"".concat(e),t),(0,n.W)({agentIdentifier:null,drained:null,type:""data"",name:""warn"",feature:""warn"",data:{code:e,secondary:t}}))}},993:(e,t,r)=>{""use strict"";r.d(t,{A$:()=>a,ET:()=>o,TZ:()=>s,p_:()=>i});var n=r(860);const i={ERROR:""ERROR"",WARN:""WARN"",INFO:""INFO"",DEBUG:""DEBUG"",TRACE:""TRACE""},a={OFF:0,ERROR:1,WARN:2,INFO:3,DEBUG:4,TRACE:5},o=""log"",s=n.K7.logging},1687:(e,t,r)=>{""use strict"";r.d(t,{Ak:()=>d,Ze:()=>f,x3:()=>u});var n=r(3241),i=r(7836),a=r(3606),o=r(860),s=r(2646);const c={};function d(e,t){const r={staged:!1,priority:o.P3[t]||0};l(e),c[e].get(t)||c[e].set(t,r)}function u(e,t){e&&c[e]&&(c[e].get(t)&&c[e].delete(t),p(e,t,!1),c[e].size&&h(e))}function l(e){if(!e)throw new Error(""agentIdentifier required"");c[e]||(c[e]=new Map)}function f(e="""",t=""feature"",r=!1){if(l(e),!e||!c[e].get(t)||r)return p(e,t);c[e].get(t).staged=!0,h(e)}function h(e){const t=Array.from(c[e]);t.every(([e,t])=>t.staged)&&(t.sort((e,t)=>e[1].priority-t[1].priority),t.forEach(([t])=>{c[e].delete(t),p(e,t)}))}function p(e,t,r=!0){const o=e?i.ee.get(e):i.ee,c=a.i.handlers;if(!o.aborted&&o.backlog&&c){if((0,n.W)({agentIdentifier:e,type:""lifecycle"",name:""drain"",feature:t}),r){const e=o.backlog[t],r=c[t];if(r){for(let t=0;e&&t<e.length;++t)g(e[t],r);Object.entries(r).forEach(([e,t])=>{Object.values(t||{}).forEach(t=>{t[0]?.on&&t[0]?.context()instanceof s.y&&t[0].on(e,t[1])})})}}o.isolatedBacklog||delete c[t],o.backlog[t]=null,o.emit(""drain-""+t,[])}}function g(e,t){var r=e[1];Object.values(t[r]||{}).forEach(t=>{var r=e[0];if(t[0]===r){var n=t[1],i=e[3],a=e[2];n.apply(i,a)}})}},1741:(e,t,r)=>{""use strict"";r.d(t,{W:()=>a});var n=r(944),i=r(4261);class a{#e(e,...t){if(this[e]!==a.prototype[e])return this[e](...t);(0,n.R)(35,e)}addPageAction(e,t){return this.#e(i.hG,e,t)}register(e){return this.#e(i.eY,e)}recordCustomEvent(e,t){return this.#e(i.fF,e,t)}setPageViewName(e,t){return this.#e(i.Fw,e,t)}setCustomAttribute(e,t,r){return this.#e(i.cD,e,t,r)}noticeError(e,t){return this.#e(i.o5,e,t)}setUserId(e){return this.#e(i.",success
rock,Iris,Goo Goo Dolls,Dizzy Up the Girl,4:49,"1,089,652","8,439,616",https://www.last.fm/music/Goo+Goo+Dolls/_/Iris,"
<!DOCTYPE html>

<html class=""no-js playbar-masthead-release-shim youtube-provider-not-ready"" lang=""en"">
<head>
<meta charset=""utf-8""/>
<meta content=""IE=edge"" http-equiv=""X-UA-Compatible""/><script type=""text/javascript"">window.NREUM||(NREUM={});NREUM.info={""beacon"":""bam.nr-data.net"",""errorBeacon"":""bam.nr-data.net"",""licenseKey"":""0ed0ce50b0"",""applicationID"":""5588594"",""transactionName"":""Y1BRbUUFWkMEWxYMV1oadUxZB0BZClZNCV5ZG0RcVUpDRxIWAxVIRxteTEQNVx4TUQcSSxpWUk1WCFtXEF1YMUpVVlgXUAFA"",""queueTime"":0,""applicationTime"":532,""agent"":""""};
(window.NREUM||(NREUM={})).init={ajax:{deny_list:[""bam.nr-data.net""]}};(window.NREUM||(NREUM={})).loader_config={xpid:""UwYPV15QGwYFXFlXDgU="",licenseKey:""0ed0ce50b0"",applicationID:""5588594"",browserID:""5591142""};;/*! For license information please see nr-loader-full-1.302.0.min.js.LICENSE.txt */
(()=>{var e,t,r={384:(e,t,r)=>{""use strict"";r.d(t,{NT:()=>o,US:()=>u,Zm:()=>s,bQ:()=>d,dV:()=>c,pV:()=>l});var n=r(6154),i=r(1863),a=r(1910);const o={beacon:""bam.nr-data.net"",errorBeacon:""bam.nr-data.net""};function s(){return n.gm.NREUM||(n.gm.NREUM={}),void 0===n.gm.newrelic&&(n.gm.newrelic=n.gm.NREUM),n.gm.NREUM}function c(){let e=s();return e.o||(e.o={ST:n.gm.setTimeout,SI:n.gm.setImmediate||n.gm.setInterval,CT:n.gm.clearTimeout,XHR:n.gm.XMLHttpRequest,REQ:n.gm.Request,EV:n.gm.Event,PR:n.gm.Promise,MO:n.gm.MutationObserver,FETCH:n.gm.fetch,WS:n.gm.WebSocket},(0,a.i)(...Object.values(e.o))),e}function d(e,t){let r=s();r.initializedAgents??={},t.initializedAt={ms:(0,i.t)(),date:new Date},r.initializedAgents[e]=t}function u(e,t){s()[e]=t}function l(){return function(){let e=s();const t=e.info||{};e.info={beacon:o.beacon,errorBeacon:o.errorBeacon,...t}}(),function(){let e=s();const t=e.init||{};e.init={...t}}(),c(),function(){let e=s();const t=e.loader_config||{};e.loader_config={...t}}(),s()}},782:(e,t,r)=>{""use strict"";r.d(t,{T:()=>n});const n=r(860).K7.pageViewTiming},860:(e,t,r)=>{""use strict"";r.d(t,{$J:()=>u,K7:()=>c,P3:()=>d,XX:()=>i,Yy:()=>s,df:()=>a,qY:()=>n,v4:()=>o});const n=""events"",i=""jserrors"",a=""browser/blobs"",o=""rum"",s=""browser/logs"",c={ajax:""ajax"",genericEvents:""generic_events"",jserrors:i,logging:""logging"",metrics:""metrics"",pageAction:""page_action"",pageViewEvent:""page_view_event"",pageViewTiming:""page_view_timing"",sessionReplay:""session_replay"",sessionTrace:""session_trace"",softNav:""soft_navigations"",spa:""spa""},d={[c.pageViewEvent]:1,[c.pageViewTiming]:2,[c.metrics]:3,[c.jserrors]:4,[c.spa]:5,[c.ajax]:6,[c.sessionTrace]:7,[c.softNav]:8,[c.sessionReplay]:9,[c.logging]:10,[c.genericEvents]:11},u={[c.pageViewEvent]:o,[c.pageViewTiming]:n,[c.ajax]:n,[c.spa]:n,[c.softNav]:n,[c.metrics]:i,[c.jserrors]:i,[c.sessionTrace]:a,[c.sessionReplay]:a,[c.logging]:s,[c.genericEvents]:""ins""}},944:(e,t,r)=>{""use strict"";r.d(t,{R:()=>i});var n=r(3241);function i(e,t){""function""==typeof console.debug&&(console.debug(""New Relic Warning: https://github.com/newrelic/newrelic-browser-agent/blob/main/docs/warning-codes.md#"".concat(e),t),(0,n.W)({agentIdentifier:null,drained:null,type:""data"",name:""warn"",feature:""warn"",data:{code:e,secondary:t}}))}},993:(e,t,r)=>{""use strict"";r.d(t,{A$:()=>a,ET:()=>o,TZ:()=>s,p_:()=>i});var n=r(860);const i={ERROR:""ERROR"",WARN:""WARN"",INFO:""INFO"",DEBUG:""DEBUG"",TRACE:""TRACE""},a={OFF:0,ERROR:1,WARN:2,INFO:3,DEBUG:4,TRACE:5},o=""log"",s=n.K7.logging},1687:(e,t,r)=>{""use strict"";r.d(t,{Ak:()=>d,Ze:()=>f,x3:()=>u});var n=r(3241),i=r(7836),a=r(3606),o=r(860),s=r(2646);const c={};function d(e,t){const r={staged:!1,priority:o.P3[t]||0};l(e),c[e].get(t)||c[e].set(t,r)}function u(e,t){e&&c[e]&&(c[e].get(t)&&c[e].delete(t),p(e,t,!1),c[e].size&&h(e))}function l(e){if(!e)throw new Error(""agentIdentifier required"");c[e]||(c[e]=new Map)}function f(e="""",t=""feature"",r=!1){if(l(e),!e||!c[e].get(t)||r)return p(e,t);c[e].get(t).staged=!0,h(e)}function h(e){const t=Array.from(c[e]);t.every(([e,t])=>t.staged)&&(t.sort((e,t)=>e[1].priority-t[1].priority),t.forEach(([t])=>{c[e].delete(t),p(e,t)}))}function p(e,t,r=!0){const o=e?i.ee.get(e):i.ee,c=a.i.handlers;if(!o.aborted&&o.backlog&&c){if((0,n.W)({agentIdentifier:e,type:""lifecycle"",name:""drain"",feature:t}),r){const e=o.backlog[t],r=c[t];if(r){for(let t=0;e&&t<e.length;++t)g(e[t],r);Object.entries(r).forEach(([e,t])=>{Object.values(t||{}).forEach(t=>{t[0]?.on&&t[0]?.context()instanceof s.y&&t[0].on(e,t[1])})})}}o.isolatedBacklog||delete c[t],o.backlog[t]=null,o.emit(""drain-""+t,[])}}function g(e,t){var r=e[1];Object.values(t[r]||{}).forEach(t=>{var r=e[0];if(t[0]===r){var n=t[1],i=e[3],a=e[2];n.apply(i,a)}})}},1741:(e,t,r)=>{""use strict"";r.d(t,{W:()=>a});var n=r(944),i=r(4261);class a{#e(e,...t){if(this[e]!==a.prototype[e])return this[e](...t);(0,n.R)(35,e)}addPageAction(e,t){return this.#e(i.hG,e,t)}register(e){return this.#e(i.eY,e)}recordCustomEvent(e,t){return this.#e(i.fF,e,t)}setPageViewName(e,t){return this.#e(i.Fw,e,t)}setCustomAttribute(e,t,r){return this.#e(i.cD,e,t,r)}noticeError(e,t){return this.#e(i.o5,e,t)}setUserId(e){return this.#e(i.",success
rock,Sparks,Coldplay,Parachutes,3:47,"2,360,192","33,150,397",https://www.last.fm/music/Coldplay/_/Sparks,"
<!DOCTYPE html>

<html class=""no-js playbar-masthead-release-shim youtube-provider-not-ready"" lang=""en"">
<head>
<meta charset=""utf-8""/>
<meta content=""IE=edge"" http-equiv=""X-UA-Compatible""/><script type=""text/javascript"">window.NREUM||(NREUM={});NREUM.info={""beacon"":""bam.nr-data.net"",""errorBeacon"":""bam.nr-data.net"",""licenseKey"":""0ed0ce50b0"",""applicationID"":""5588594"",""transactionName"":""Y1BRbUUFWkMEWxYMV1oadUxZB0BZClZNCV5ZG0RcVUpDRxIWAxVIRxteTEQNVx4TUQcSSxpWUk1WCFtXEF1YMUpVVlgXUAFA"",""queueTime"":0,""applicationTime"":900,""agent"":""""};
(window.NREUM||(NREUM={})).init={ajax:{deny_list:[""bam.nr-data.net""]}};(window.NREUM||(NREUM={})).loader_config={xpid:""UwYPV15QGwYFXFlXDgU="",licenseKey:""0ed0ce50b0"",applicationID:""5588594"",browserID:""5591142""};;/*! For license information please see nr-loader-full-1.302.0.min.js.LICENSE.txt */
(()=>{var e,t,r={384:(e,t,r)=>{""use strict"";r.d(t,{NT:()=>o,US:()=>u,Zm:()=>s,bQ:()=>d,dV:()=>c,pV:()=>l});var n=r(6154),i=r(1863),a=r(1910);const o={beacon:""bam.nr-data.net"",errorBeacon:""bam.nr-data.net""};function s(){return n.gm.NREUM||(n.gm.NREUM={}),void 0===n.gm.newrelic&&(n.gm.newrelic=n.gm.NREUM),n.gm.NREUM}function c(){let e=s();return e.o||(e.o={ST:n.gm.setTimeout,SI:n.gm.setImmediate||n.gm.setInterval,CT:n.gm.clearTimeout,XHR:n.gm.XMLHttpRequest,REQ:n.gm.Request,EV:n.gm.Event,PR:n.gm.Promise,MO:n.gm.MutationObserver,FETCH:n.gm.fetch,WS:n.gm.WebSocket},(0,a.i)(...Object.values(e.o))),e}function d(e,t){let r=s();r.initializedAgents??={},t.initializedAt={ms:(0,i.t)(),date:new Date},r.initializedAgents[e]=t}function u(e,t){s()[e]=t}function l(){return function(){let e=s();const t=e.info||{};e.info={beacon:o.beacon,errorBeacon:o.errorBeacon,...t}}(),function(){let e=s();const t=e.init||{};e.init={...t}}(),c(),function(){let e=s();const t=e.loader_config||{};e.loader_config={...t}}(),s()}},782:(e,t,r)=>{""use strict"";r.d(t,{T:()=>n});const n=r(860).K7.pageViewTiming},860:(e,t,r)=>{""use strict"";r.d(t,{$J:()=>u,K7:()=>c,P3:()=>d,XX:()=>i,Yy:()=>s,df:()=>a,qY:()=>n,v4:()=>o});const n=""events"",i=""jserrors"",a=""browser/blobs"",o=""rum"",s=""browser/logs"",c={ajax:""ajax"",genericEvents:""generic_events"",jserrors:i,logging:""logging"",metrics:""metrics"",pageAction:""page_action"",pageViewEvent:""page_view_event"",pageViewTiming:""page_view_timing"",sessionReplay:""session_replay"",sessionTrace:""session_trace"",softNav:""soft_navigations"",spa:""spa""},d={[c.pageViewEvent]:1,[c.pageViewTiming]:2,[c.metrics]:3,[c.jserrors]:4,[c.spa]:5,[c.ajax]:6,[c.sessionTrace]:7,[c.softNav]:8,[c.sessionReplay]:9,[c.logging]:10,[c.genericEvents]:11},u={[c.pageViewEvent]:o,[c.pageViewTiming]:n,[c.ajax]:n,[c.spa]:n,[c.softNav]:n,[c.metrics]:i,[c.jserrors]:i,[c.sessionTrace]:a,[c.sessionReplay]:a,[c.logging]:s,[c.genericEvents]:""ins""}},944:(e,t,r)=>{""use strict"";r.d(t,{R:()=>i});var n=r(3241);function i(e,t){""function""==typeof console.debug&&(console.debug(""New Relic Warning: https://github.com/newrelic/newrelic-browser-agent/blob/main/docs/warning-codes.md#"".concat(e),t),(0,n.W)({agentIdentifier:null,drained:null,type:""data"",name:""warn"",feature:""warn"",data:{code:e,secondary:t}}))}},993:(e,t,r)=>{""use strict"";r.d(t,{A$:()=>a,ET:()=>o,TZ:()=>s,p_:()=>i});var n=r(860);const i={ERROR:""ERROR"",WARN:""WARN"",INFO:""INFO"",DEBUG:""DEBUG"",TRACE:""TRACE""},a={OFF:0,ERROR:1,WARN:2,INFO:3,DEBUG:4,TRACE:5},o=""log"",s=n.K7.logging},1687:(e,t,r)=>{""use strict"";r.d(t,{Ak:()=>d,Ze:()=>f,x3:()=>u});var n=r(3241),i=r(7836),a=r(3606),o=r(860),s=r(2646);const c={};function d(e,t){const r={staged:!1,priority:o.P3[t]||0};l(e),c[e].get(t)||c[e].set(t,r)}function u(e,t){e&&c[e]&&(c[e].get(t)&&c[e].delete(t),p(e,t,!1),c[e].size&&h(e))}function l(e){if(!e)throw new Error(""agentIdentifier required"");c[e]||(c[e]=new Map)}function f(e="""",t=""feature"",r=!1){if(l(e),!e||!c[e].get(t)||r)return p(e,t);c[e].get(t).staged=!0,h(e)}function h(e){const t=Array.from(c[e]);t.every(([e,t])=>t.staged)&&(t.sort((e,t)=>e[1].priority-t[1].priority),t.forEach(([t])=>{c[e].delete(t),p(e,t)}))}function p(e,t,r=!0){const o=e?i.ee.get(e):i.ee,c=a.i.handlers;if(!o.aborted&&o.backlog&&c){if((0,n.W)({agentIdentifier:e,type:""lifecycle"",name:""drain"",feature:t}),r){const e=o.backlog[t],r=c[t];if(r){for(let t=0;e&&t<e.length;++t)g(e[t],r);Object.entries(r).forEach(([e,t])=>{Object.values(t||{}).forEach(t=>{t[0]?.on&&t[0]?.context()instanceof s.y&&t[0].on(e,t[1])})})}}o.isolatedBacklog||delete c[t],o.backlog[t]=null,o.emit(""drain-""+t,[])}}function g(e,t){var r=e[1];Object.values(t[r]||{}).forEach(t=>{var r=e[0];if(t[0]===r){var n=t[1],i=e[3],a=e[2];n.apply(i,a)}})}},1741:(e,t,r)=>{""use strict"";r.d(t,{W:()=>a});var n=r(944),i=r(4261);class a{#e(e,...t){if(this[e]!==a.prototype[e])return this[e](...t);(0,n.R)(35,e)}addPageAction(e,t){return this.#e(i.hG,e,t)}register(e){return this.#e(i.eY,e)}recordCustomEvent(e,t){return this.#e(i.fF,e,t)}setPageViewName(e,t){return this.#e(i.Fw,e,t)}setCustomAttribute(e,t,r){return this.#e(i.cD,e,t,r)}noticeError(e,t){return this.#e(i.o5,e,t)}setUserId(e){return this.#e(i.",success
rock,The Chain - 2004 Remaster,Fleetwood Mac,N/A,4:29,"1,565,281","19,065,682",https://www.last.fm/music/Fleetwood+Mac/_/The+Chain+-+2004+Remaster,"
<!DOCTYPE html>

<html class=""no-js playbar-masthead-release-shim youtube-provider-not-ready"" lang=""en"">
<head>
<meta charset=""utf-8""/>
<meta content=""IE=edge"" http-equiv=""X-UA-Compatible""/><script type=""text/javascript"">window.NREUM||(NREUM={});NREUM.info={""beacon"":""bam.nr-data.net"",""errorBeacon"":""bam.nr-data.net"",""licenseKey"":""0ed0ce50b0"",""applicationID"":""5588594"",""transactionName"":""Y1BRbUUFWkMEWxYMV1oadUxZB0BZClZNCV5ZG0RcVUpDRxIWAxVIRxteTEQNVx4TUQcSSxpWUk1WCFtXEF1YMUpVVlgXUAFA"",""queueTime"":0,""applicationTime"":551,""agent"":""""};
(window.NREUM||(NREUM={})).init={ajax:{deny_list:[""bam.nr-data.net""]}};(window.NREUM||(NREUM={})).loader_config={xpid:""UwYPV15QGwYFXFlXDgU="",licenseKey:""0ed0ce50b0"",applicationID:""5588594"",browserID:""5591142""};;/*! For license information please see nr-loader-full-1.302.0.min.js.LICENSE.txt */
(()=>{var e,t,r={384:(e,t,r)=>{""use strict"";r.d(t,{NT:()=>o,US:()=>u,Zm:()=>s,bQ:()=>d,dV:()=>c,pV:()=>l});var n=r(6154),i=r(1863),a=r(1910);const o={beacon:""bam.nr-data.net"",errorBeacon:""bam.nr-data.net""};function s(){return n.gm.NREUM||(n.gm.NREUM={}),void 0===n.gm.newrelic&&(n.gm.newrelic=n.gm.NREUM),n.gm.NREUM}function c(){let e=s();return e.o||(e.o={ST:n.gm.setTimeout,SI:n.gm.setImmediate||n.gm.setInterval,CT:n.gm.clearTimeout,XHR:n.gm.XMLHttpRequest,REQ:n.gm.Request,EV:n.gm.Event,PR:n.gm.Promise,MO:n.gm.MutationObserver,FETCH:n.gm.fetch,WS:n.gm.WebSocket},(0,a.i)(...Object.values(e.o))),e}function d(e,t){let r=s();r.initializedAgents??={},t.initializedAt={ms:(0,i.t)(),date:new Date},r.initializedAgents[e]=t}function u(e,t){s()[e]=t}function l(){return function(){let e=s();const t=e.info||{};e.info={beacon:o.beacon,errorBeacon:o.errorBeacon,...t}}(),function(){let e=s();const t=e.init||{};e.init={...t}}(),c(),function(){let e=s();const t=e.loader_config||{};e.loader_config={...t}}(),s()}},782:(e,t,r)=>{""use strict"";r.d(t,{T:()=>n});const n=r(860).K7.pageViewTiming},860:(e,t,r)=>{""use strict"";r.d(t,{$J:()=>u,K7:()=>c,P3:()=>d,XX:()=>i,Yy:()=>s,df:()=>a,qY:()=>n,v4:()=>o});const n=""events"",i=""jserrors"",a=""browser/blobs"",o=""rum"",s=""browser/logs"",c={ajax:""ajax"",genericEvents:""generic_events"",jserrors:i,logging:""logging"",metrics:""metrics"",pageAction:""page_action"",pageViewEvent:""page_view_event"",pageViewTiming:""page_view_timing"",sessionReplay:""session_replay"",sessionTrace:""session_trace"",softNav:""soft_navigations"",spa:""spa""},d={[c.pageViewEvent]:1,[c.pageViewTiming]:2,[c.metrics]:3,[c.jserrors]:4,[c.spa]:5,[c.ajax]:6,[c.sessionTrace]:7,[c.softNav]:8,[c.sessionReplay]:9,[c.logging]:10,[c.genericEvents]:11},u={[c.pageViewEvent]:o,[c.pageViewTiming]:n,[c.ajax]:n,[c.spa]:n,[c.softNav]:n,[c.metrics]:i,[c.jserrors]:i,[c.sessionTrace]:a,[c.sessionReplay]:a,[c.logging]:s,[c.genericEvents]:""ins""}},944:(e,t,r)=>{""use strict"";r.d(t,{R:()=>i});var n=r(3241);function i(e,t){""function""==typeof console.debug&&(console.debug(""New Relic Warning: https://github.com/newrelic/newrelic-browser-agent/blob/main/docs/warning-codes.md#"".concat(e),t),(0,n.W)({agentIdentifier:null,drained:null,type:""data"",name:""warn"",feature:""warn"",data:{code:e,secondary:t}}))}},993:(e,t,r)=>{""use strict"";r.d(t,{A$:()=>a,ET:()=>o,TZ:()=>s,p_:()=>i});var n=r(860);const i={ERROR:""ERROR"",WARN:""WARN"",INFO:""INFO"",DEBUG:""DEBUG"",TRACE:""TRACE""},a={OFF:0,ERROR:1,WARN:2,INFO:3,DEBUG:4,TRACE:5},o=""log"",s=n.K7.logging},1687:(e,t,r)=>{""use strict"";r.d(t,{Ak:()=>d,Ze:()=>f,x3:()=>u});var n=r(3241),i=r(7836),a=r(3606),o=r(860),s=r(2646);const c={};function d(e,t){const r={staged:!1,priority:o.P3[t]||0};l(e),c[e].get(t)||c[e].set(t,r)}function u(e,t){e&&c[e]&&(c[e].get(t)&&c[e].delete(t),p(e,t,!1),c[e].size&&h(e))}function l(e){if(!e)throw new Error(""agentIdentifier required"");c[e]||(c[e]=new Map)}function f(e="""",t=""feature"",r=!1){if(l(e),!e||!c[e].get(t)||r)return p(e,t);c[e].get(t).staged=!0,h(e)}function h(e){const t=Array.from(c[e]);t.every(([e,t])=>t.staged)&&(t.sort((e,t)=>e[1].priority-t[1].priority),t.forEach(([t])=>{c[e].delete(t),p(e,t)}))}function p(e,t,r=!0){const o=e?i.ee.get(e):i.ee,c=a.i.handlers;if(!o.aborted&&o.backlog&&c){if((0,n.W)({agentIdentifier:e,type:""lifecycle"",name:""drain"",feature:t}),r){const e=o.backlog[t],r=c[t];if(r){for(let t=0;e&&t<e.length;++t)g(e[t],r);Object.entries(r).forEach(([e,t])=>{Object.values(t||{}).forEach(t=>{t[0]?.on&&t[0]?.context()instanceof s.y&&t[0].on(e,t[1])})})}}o.isolatedBacklog||delete c[t],o.backlog[t]=null,o.emit(""drain-""+t,[])}}function g(e,t){var r=e[1];Object.values(t[r]||{}).forEach(t=>{var r=e[0];if(t[0]===r){var n=t[1],i=e[3],a=e[2];n.apply(i,a)}})}},1741:(e,t,r)=>{""use strict"";r.d(t,{W:()=>a});var n=r(944),i=r(4261);class a{#e(e,...t){if(this[e]!==a.prototype[e])return this[e](...t);(0,n.R)(35,e)}addPageAction(e,t){return this.#e(i.hG,e,t)}register(e){return this.#e(i.eY,e)}recordCustomEvent(e,t){return this.#e(i.fF,e,t)}setPageViewName(e,t){return this.#e(i.Fw,e,t)}setCustomAttribute(e,t,r){return this.#e(i.cD,e,t,r)}noticeError(e,t){return this.#e(i.o5,e,t)}setUserId(e){return this.#e(i.",success
rock,Still Into You,Paramore,Paramore,3:36,"1,824,275","24,093,561",https://www.last.fm/music/Paramore/_/Still+Into+You,"
<!DOCTYPE html>

<html class=""no-js playbar-masthead-release-shim youtube-provider-not-ready"" lang=""en"">
<head>
<meta charset=""utf-8""/>
<meta content=""IE=edge"" http-equiv=""X-UA-Compatible""/><script type=""text/javascript"">window.NREUM||(NREUM={});NREUM.info={""beacon"":""bam.nr-data.net"",""errorBeacon"":""bam.nr-data.net"",""licenseKey"":""0ed0ce50b0"",""applicationID"":""5588594"",""transactionName"":""Y1BRbUUFWkMEWxYMV1oadUxZB0BZClZNCV5ZG0RcVUpDRxIWAxVIRxteTEQNVx4TUQcSSxpWUk1WCFtXEF1YMUpVVlgXUAFA"",""queueTime"":0,""applicationTime"":1273,""agent"":""""};
(window.NREUM||(NREUM={})).init={ajax:{deny_list:[""bam.nr-data.net""]}};(window.NREUM||(NREUM={})).loader_config={xpid:""UwYPV15QGwYFXFlXDgU="",licenseKey:""0ed0ce50b0"",applicationID:""5588594"",browserID:""5591142""};;/*! For license information please see nr-loader-full-1.302.0.min.js.LICENSE.txt */
(()=>{var e,t,r={384:(e,t,r)=>{""use strict"";r.d(t,{NT:()=>o,US:()=>u,Zm:()=>s,bQ:()=>d,dV:()=>c,pV:()=>l});var n=r(6154),i=r(1863),a=r(1910);const o={beacon:""bam.nr-data.net"",errorBeacon:""bam.nr-data.net""};function s(){return n.gm.NREUM||(n.gm.NREUM={}),void 0===n.gm.newrelic&&(n.gm.newrelic=n.gm.NREUM),n.gm.NREUM}function c(){let e=s();return e.o||(e.o={ST:n.gm.setTimeout,SI:n.gm.setImmediate||n.gm.setInterval,CT:n.gm.clearTimeout,XHR:n.gm.XMLHttpRequest,REQ:n.gm.Request,EV:n.gm.Event,PR:n.gm.Promise,MO:n.gm.MutationObserver,FETCH:n.gm.fetch,WS:n.gm.WebSocket},(0,a.i)(...Object.values(e.o))),e}function d(e,t){let r=s();r.initializedAgents??={},t.initializedAt={ms:(0,i.t)(),date:new Date},r.initializedAgents[e]=t}function u(e,t){s()[e]=t}function l(){return function(){let e=s();const t=e.info||{};e.info={beacon:o.beacon,errorBeacon:o.errorBeacon,...t}}(),function(){let e=s();const t=e.init||{};e.init={...t}}(),c(),function(){let e=s();const t=e.loader_config||{};e.loader_config={...t}}(),s()}},782:(e,t,r)=>{""use strict"";r.d(t,{T:()=>n});const n=r(860).K7.pageViewTiming},860:(e,t,r)=>{""use strict"";r.d(t,{$J:()=>u,K7:()=>c,P3:()=>d,XX:()=>i,Yy:()=>s,df:()=>a,qY:()=>n,v4:()=>o});const n=""events"",i=""jserrors"",a=""browser/blobs"",o=""rum"",s=""browser/logs"",c={ajax:""ajax"",genericEvents:""generic_events"",jserrors:i,logging:""logging"",metrics:""metrics"",pageAction:""page_action"",pageViewEvent:""page_view_event"",pageViewTiming:""page_view_timing"",sessionReplay:""session_replay"",sessionTrace:""session_trace"",softNav:""soft_navigations"",spa:""spa""},d={[c.pageViewEvent]:1,[c.pageViewTiming]:2,[c.metrics]:3,[c.jserrors]:4,[c.spa]:5,[c.ajax]:6,[c.sessionTrace]:7,[c.softNav]:8,[c.sessionReplay]:9,[c.logging]:10,[c.genericEvents]:11},u={[c.pageViewEvent]:o,[c.pageViewTiming]:n,[c.ajax]:n,[c.spa]:n,[c.softNav]:n,[c.metrics]:i,[c.jserrors]:i,[c.sessionTrace]:a,[c.sessionReplay]:a,[c.logging]:s,[c.genericEvents]:""ins""}},944:(e,t,r)=>{""use strict"";r.d(t,{R:()=>i});var n=r(3241);function i(e,t){""function""==typeof console.debug&&(console.debug(""New Relic Warning: https://github.com/newrelic/newrelic-browser-agent/blob/main/docs/warning-codes.md#"".concat(e),t),(0,n.W)({agentIdentifier:null,drained:null,type:""data"",name:""warn"",feature:""warn"",data:{code:e,secondary:t}}))}},993:(e,t,r)=>{""use strict"";r.d(t,{A$:()=>a,ET:()=>o,TZ:()=>s,p_:()=>i});var n=r(860);const i={ERROR:""ERROR"",WARN:""WARN"",INFO:""INFO"",DEBUG:""DEBUG"",TRACE:""TRACE""},a={OFF:0,ERROR:1,WARN:2,INFO:3,DEBUG:4,TRACE:5},o=""log"",s=n.K7.logging},1687:(e,t,r)=>{""use strict"";r.d(t,{Ak:()=>d,Ze:()=>f,x3:()=>u});var n=r(3241),i=r(7836),a=r(3606),o=r(860),s=r(2646);const c={};function d(e,t){const r={staged:!1,priority:o.P3[t]||0};l(e),c[e].get(t)||c[e].set(t,r)}function u(e,t){e&&c[e]&&(c[e].get(t)&&c[e].delete(t),p(e,t,!1),c[e].size&&h(e))}function l(e){if(!e)throw new Error(""agentIdentifier required"");c[e]||(c[e]=new Map)}function f(e="""",t=""feature"",r=!1){if(l(e),!e||!c[e].get(t)||r)return p(e,t);c[e].get(t).staged=!0,h(e)}function h(e){const t=Array.from(c[e]);t.every(([e,t])=>t.staged)&&(t.sort((e,t)=>e[1].priority-t[1].priority),t.forEach(([t])=>{c[e].delete(t),p(e,t)}))}function p(e,t,r=!0){const o=e?i.ee.get(e):i.ee,c=a.i.handlers;if(!o.aborted&&o.backlog&&c){if((0,n.W)({agentIdentifier:e,type:""lifecycle"",name:""drain"",feature:t}),r){const e=o.backlog[t],r=c[t];if(r){for(let t=0;e&&t<e.length;++t)g(e[t],r);Object.entries(r).forEach(([e,t])=>{Object.values(t||{}).forEach(t=>{t[0]?.on&&t[0]?.context()instanceof s.y&&t[0].on(e,t[1])})})}}o.isolatedBacklog||delete c[t],o.backlog[t]=null,o.emit(""drain-""+t,[])}}function g(e,t){var r=e[1];Object.values(t[r]||{}).forEach(t=>{var r=e[0];if(t[0]===r){var n=t[1],i=e[3],a=e[2];n.apply(i,a)}})}},1741:(e,t,r)=>{""use strict"";r.d(t,{W:()=>a});var n=r(944),i=r(4261);class a{#e(e,...t){if(this[e]!==a.prototype[e])return this[e](...t);(0,n.R)(35,e)}addPageAction(e,t){return this.#e(i.hG,e,t)}register(e){return this.#e(i.eY,e)}recordCustomEvent(e,t){return this.#e(i.fF,e,t)}setPageViewName(e,t){return this.#e(i.Fw,e,t)}setCustomAttribute(e,t,r){return this.#e(i.cD,e,t,r)}noticeError(e,t){return this.#e(i.o5,e,t)}setUserId(e){return this.#e(i",success
rock,Everlong,Foo Fighters,The Colour and the Shape,6:05,"2,942,551","42,281,700",https://www.last.fm/music/Foo+Fighters/_/Everlong,"
<!DOCTYPE html>

<html class=""no-js playbar-masthead-release-shim youtube-provider-not-ready"" lang=""en"">
<head>
<meta charset=""utf-8""/>
<meta content=""IE=edge"" http-equiv=""X-UA-Compatible""/><script type=""text/javascript"">window.NREUM||(NREUM={});NREUM.info={""beacon"":""bam.nr-data.net"",""errorBeacon"":""bam.nr-data.net"",""licenseKey"":""0ed0ce50b0"",""applicationID"":""5588594"",""transactionName"":""Y1BRbUUFWkMEWxYMV1oadUxZB0BZClZNCV5ZG0RcVUpDRxIWAxVIRxteTEQNVx4TUQcSSxpWUk1WCFtXEF1YMUpVVlgXUAFA"",""queueTime"":0,""applicationTime"":563,""agent"":""""};
(window.NREUM||(NREUM={})).init={ajax:{deny_list:[""bam.nr-data.net""]}};(window.NREUM||(NREUM={})).loader_config={xpid:""UwYPV15QGwYFXFlXDgU="",licenseKey:""0ed0ce50b0"",applicationID:""5588594"",browserID:""5591142""};;/*! For license information please see nr-loader-full-1.302.0.min.js.LICENSE.txt */
(()=>{var e,t,r={384:(e,t,r)=>{""use strict"";r.d(t,{NT:()=>o,US:()=>u,Zm:()=>s,bQ:()=>d,dV:()=>c,pV:()=>l});var n=r(6154),i=r(1863),a=r(1910);const o={beacon:""bam.nr-data.net"",errorBeacon:""bam.nr-data.net""};function s(){return n.gm.NREUM||(n.gm.NREUM={}),void 0===n.gm.newrelic&&(n.gm.newrelic=n.gm.NREUM),n.gm.NREUM}function c(){let e=s();return e.o||(e.o={ST:n.gm.setTimeout,SI:n.gm.setImmediate||n.gm.setInterval,CT:n.gm.clearTimeout,XHR:n.gm.XMLHttpRequest,REQ:n.gm.Request,EV:n.gm.Event,PR:n.gm.Promise,MO:n.gm.MutationObserver,FETCH:n.gm.fetch,WS:n.gm.WebSocket},(0,a.i)(...Object.values(e.o))),e}function d(e,t){let r=s();r.initializedAgents??={},t.initializedAt={ms:(0,i.t)(),date:new Date},r.initializedAgents[e]=t}function u(e,t){s()[e]=t}function l(){return function(){let e=s();const t=e.info||{};e.info={beacon:o.beacon,errorBeacon:o.errorBeacon,...t}}(),function(){let e=s();const t=e.init||{};e.init={...t}}(),c(),function(){let e=s();const t=e.loader_config||{};e.loader_config={...t}}(),s()}},782:(e,t,r)=>{""use strict"";r.d(t,{T:()=>n});const n=r(860).K7.pageViewTiming},860:(e,t,r)=>{""use strict"";r.d(t,{$J:()=>u,K7:()=>c,P3:()=>d,XX:()=>i,Yy:()=>s,df:()=>a,qY:()=>n,v4:()=>o});const n=""events"",i=""jserrors"",a=""browser/blobs"",o=""rum"",s=""browser/logs"",c={ajax:""ajax"",genericEvents:""generic_events"",jserrors:i,logging:""logging"",metrics:""metrics"",pageAction:""page_action"",pageViewEvent:""page_view_event"",pageViewTiming:""page_view_timing"",sessionReplay:""session_replay"",sessionTrace:""session_trace"",softNav:""soft_navigations"",spa:""spa""},d={[c.pageViewEvent]:1,[c.pageViewTiming]:2,[c.metrics]:3,[c.jserrors]:4,[c.spa]:5,[c.ajax]:6,[c.sessionTrace]:7,[c.softNav]:8,[c.sessionReplay]:9,[c.logging]:10,[c.genericEvents]:11},u={[c.pageViewEvent]:o,[c.pageViewTiming]:n,[c.ajax]:n,[c.spa]:n,[c.softNav]:n,[c.metrics]:i,[c.jserrors]:i,[c.sessionTrace]:a,[c.sessionReplay]:a,[c.logging]:s,[c.genericEvents]:""ins""}},944:(e,t,r)=>{""use strict"";r.d(t,{R:()=>i});var n=r(3241);function i(e,t){""function""==typeof console.debug&&(console.debug(""New Relic Warning: https://github.com/newrelic/newrelic-browser-agent/blob/main/docs/warning-codes.md#"".concat(e),t),(0,n.W)({agentIdentifier:null,drained:null,type:""data"",name:""warn"",feature:""warn"",data:{code:e,secondary:t}}))}},993:(e,t,r)=>{""use strict"";r.d(t,{A$:()=>a,ET:()=>o,TZ:()=>s,p_:()=>i});var n=r(860);const i={ERROR:""ERROR"",WARN:""WARN"",INFO:""INFO"",DEBUG:""DEBUG"",TRACE:""TRACE""},a={OFF:0,ERROR:1,WARN:2,INFO:3,DEBUG:4,TRACE:5},o=""log"",s=n.K7.logging},1687:(e,t,r)=>{""use strict"";r.d(t,{Ak:()=>d,Ze:()=>f,x3:()=>u});var n=r(3241),i=r(7836),a=r(3606),o=r(860),s=r(2646);const c={};function d(e,t){const r={staged:!1,priority:o.P3[t]||0};l(e),c[e].get(t)||c[e].set(t,r)}function u(e,t){e&&c[e]&&(c[e].get(t)&&c[e].delete(t),p(e,t,!1),c[e].size&&h(e))}function l(e){if(!e)throw new Error(""agentIdentifier required"");c[e]||(c[e]=new Map)}function f(e="""",t=""feature"",r=!1){if(l(e),!e||!c[e].get(t)||r)return p(e,t);c[e].get(t).staged=!0,h(e)}function h(e){const t=Array.from(c[e]);t.every(([e,t])=>t.staged)&&(t.sort((e,t)=>e[1].priority-t[1].priority),t.forEach(([t])=>{c[e].delete(t),p(e,t)}))}function p(e,t,r=!0){const o=e?i.ee.get(e):i.ee,c=a.i.handlers;if(!o.aborted&&o.backlog&&c){if((0,n.W)({agentIdentifier:e,type:""lifecycle"",name:""drain"",feature:t}),r){const e=o.backlog[t],r=c[t];if(r){for(let t=0;e&&t<e.length;++t)g(e[t],r);Object.entries(r).forEach(([e,t])=>{Object.values(t||{}).forEach(t=>{t[0]?.on&&t[0]?.context()instanceof s.y&&t[0].on(e,t[1])})})}}o.isolatedBacklog||delete c[t],o.backlog[t]=null,o.emit(""drain-""+t,[])}}function g(e,t){var r=e[1];Object.values(t[r]||{}).forEach(t=>{var r=e[0];if(t[0]===r){var n=t[1],i=e[3],a=e[2];n.apply(i,a)}})}},1741:(e,t,r)=>{""use strict"";r.d(t,{W:()=>a});var n=r(944),i=r(4261);class a{#e(e,...t){if(this[e]!==a.prototype[e])return this[e](...t);(0,n.R)(35,e)}addPageAction(e,t){return this.#e(i.hG,e,t)}register(e){return this.#e(i.eY,e)}recordCustomEvent(e,t){return this.#e(i.fF,e,t)}setPageViewName(e,t){return this.#e(i.Fw,e,t)}setCustomAttribute(e,t,r){return this.#e(i.cD,e,t,r)}noticeError(e,t){return this.#e(i.o5,e,t)}setUserId(e){return this.#e(i.",success
rock,All I Wanted,Paramore,brand new eyes,3:45,"1,543,566","20,315,992",https://www.last.fm/music/Paramore/_/All+I+Wanted,"
<!DOCTYPE html>

<html class=""no-js playbar-masthead-release-shim youtube-provider-not-ready"" lang=""en"">
<head>
<meta charset=""utf-8""/>
<meta content=""IE=edge"" http-equiv=""X-UA-Compatible""/><script type=""text/javascript"">window.NREUM||(NREUM={});NREUM.info={""beacon"":""bam.nr-data.net"",""errorBeacon"":""bam.nr-data.net"",""licenseKey"":""0ed0ce50b0"",""applicationID"":""5588594"",""transactionName"":""Y1BRbUUFWkMEWxYMV1oadUxZB0BZClZNCV5ZG0RcVUpDRxIWAxVIRxteTEQNVx4TUQcSSxpWUk1WCFtXEF1YMUpVVlgXUAFA"",""queueTime"":0,""applicationTime"":1186,""agent"":""""};
(window.NREUM||(NREUM={})).init={ajax:{deny_list:[""bam.nr-data.net""]}};(window.NREUM||(NREUM={})).loader_config={xpid:""UwYPV15QGwYFXFlXDgU="",licenseKey:""0ed0ce50b0"",applicationID:""5588594"",browserID:""5591142""};;/*! For license information please see nr-loader-full-1.302.0.min.js.LICENSE.txt */
(()=>{var e,t,r={384:(e,t,r)=>{""use strict"";r.d(t,{NT:()=>o,US:()=>u,Zm:()=>s,bQ:()=>d,dV:()=>c,pV:()=>l});var n=r(6154),i=r(1863),a=r(1910);const o={beacon:""bam.nr-data.net"",errorBeacon:""bam.nr-data.net""};function s(){return n.gm.NREUM||(n.gm.NREUM={}),void 0===n.gm.newrelic&&(n.gm.newrelic=n.gm.NREUM),n.gm.NREUM}function c(){let e=s();return e.o||(e.o={ST:n.gm.setTimeout,SI:n.gm.setImmediate||n.gm.setInterval,CT:n.gm.clearTimeout,XHR:n.gm.XMLHttpRequest,REQ:n.gm.Request,EV:n.gm.Event,PR:n.gm.Promise,MO:n.gm.MutationObserver,FETCH:n.gm.fetch,WS:n.gm.WebSocket},(0,a.i)(...Object.values(e.o))),e}function d(e,t){let r=s();r.initializedAgents??={},t.initializedAt={ms:(0,i.t)(),date:new Date},r.initializedAgents[e]=t}function u(e,t){s()[e]=t}function l(){return function(){let e=s();const t=e.info||{};e.info={beacon:o.beacon,errorBeacon:o.errorBeacon,...t}}(),function(){let e=s();const t=e.init||{};e.init={...t}}(),c(),function(){let e=s();const t=e.loader_config||{};e.loader_config={...t}}(),s()}},782:(e,t,r)=>{""use strict"";r.d(t,{T:()=>n});const n=r(860).K7.pageViewTiming},860:(e,t,r)=>{""use strict"";r.d(t,{$J:()=>u,K7:()=>c,P3:()=>d,XX:()=>i,Yy:()=>s,df:()=>a,qY:()=>n,v4:()=>o});const n=""events"",i=""jserrors"",a=""browser/blobs"",o=""rum"",s=""browser/logs"",c={ajax:""ajax"",genericEvents:""generic_events"",jserrors:i,logging:""logging"",metrics:""metrics"",pageAction:""page_action"",pageViewEvent:""page_view_event"",pageViewTiming:""page_view_timing"",sessionReplay:""session_replay"",sessionTrace:""session_trace"",softNav:""soft_navigations"",spa:""spa""},d={[c.pageViewEvent]:1,[c.pageViewTiming]:2,[c.metrics]:3,[c.jserrors]:4,[c.spa]:5,[c.ajax]:6,[c.sessionTrace]:7,[c.softNav]:8,[c.sessionReplay]:9,[c.logging]:10,[c.genericEvents]:11},u={[c.pageViewEvent]:o,[c.pageViewTiming]:n,[c.ajax]:n,[c.spa]:n,[c.softNav]:n,[c.metrics]:i,[c.jserrors]:i,[c.sessionTrace]:a,[c.sessionReplay]:a,[c.logging]:s,[c.genericEvents]:""ins""}},944:(e,t,r)=>{""use strict"";r.d(t,{R:()=>i});var n=r(3241);function i(e,t){""function""==typeof console.debug&&(console.debug(""New Relic Warning: https://github.com/newrelic/newrelic-browser-agent/blob/main/docs/warning-codes.md#"".concat(e),t),(0,n.W)({agentIdentifier:null,drained:null,type:""data"",name:""warn"",feature:""warn"",data:{code:e,secondary:t}}))}},993:(e,t,r)=>{""use strict"";r.d(t,{A$:()=>a,ET:()=>o,TZ:()=>s,p_:()=>i});var n=r(860);const i={ERROR:""ERROR"",WARN:""WARN"",INFO:""INFO"",DEBUG:""DEBUG"",TRACE:""TRACE""},a={OFF:0,ERROR:1,WARN:2,INFO:3,DEBUG:4,TRACE:5},o=""log"",s=n.K7.logging},1687:(e,t,r)=>{""use strict"";r.d(t,{Ak:()=>d,Ze:()=>f,x3:()=>u});var n=r(3241),i=r(7836),a=r(3606),o=r(860),s=r(2646);const c={};function d(e,t){const r={staged:!1,priority:o.P3[t]||0};l(e),c[e].get(t)||c[e].set(t,r)}function u(e,t){e&&c[e]&&(c[e].get(t)&&c[e].delete(t),p(e,t,!1),c[e].size&&h(e))}function l(e){if(!e)throw new Error(""agentIdentifier required"");c[e]||(c[e]=new Map)}function f(e="""",t=""feature"",r=!1){if(l(e),!e||!c[e].get(t)||r)return p(e,t);c[e].get(t).staged=!0,h(e)}function h(e){const t=Array.from(c[e]);t.every(([e,t])=>t.staged)&&(t.sort((e,t)=>e[1].priority-t[1].priority),t.forEach(([t])=>{c[e].delete(t),p(e,t)}))}function p(e,t,r=!0){const o=e?i.ee.get(e):i.ee,c=a.i.handlers;if(!o.aborted&&o.backlog&&c){if((0,n.W)({agentIdentifier:e,type:""lifecycle"",name:""drain"",feature:t}),r){const e=o.backlog[t],r=c[t];if(r){for(let t=0;e&&t<e.length;++t)g(e[t],r);Object.entries(r).forEach(([e,t])=>{Object.values(t||{}).forEach(t=>{t[0]?.on&&t[0]?.context()instanceof s.y&&t[0].on(e,t[1])})})}}o.isolatedBacklog||delete c[t],o.backlog[t]=null,o.emit(""drain-""+t,[])}}function g(e,t){var r=e[1];Object.values(t[r]||{}).forEach(t=>{var r=e[0];if(t[0]===r){var n=t[1],i=e[3],a=e[2];n.apply(i,a)}})}},1741:(e,t,r)=>{""use strict"";r.d(t,{W:()=>a});var n=r(944),i=r(4261);class a{#e(e,...t){if(this[e]!==a.prototype[e])return this[e](...t);(0,n.R)(35,e)}addPageAction(e,t){return this.#e(i.hG,e,t)}register(e){return this.#e(i.eY,e)}recordCustomEvent(e,t){return this.#e(i.fF,e,t)}setPageViewName(e,t){return this.#e(i.Fw,e,t)}setCustomAttribute(e,t,r){return this.#e(i.cD,e,t,r)}noticeError(e,t){return this.#e(i.o5,e,t)}setUserId(e){return this.#e(i",success
rock,Bring Me to Life,Evanescence,Fallen,3:57,"2,619,672","27,034,762",https://www.last.fm/music/Evanescence/_/Bring+Me+to+Life,"
<!DOCTYPE html>

<html class=""no-js playbar-masthead-release-shim youtube-provider-not-ready"" lang=""en"">
<head>
<meta charset=""utf-8""/>
<meta content=""IE=edge"" http-equiv=""X-UA-Compatible""/><script type=""text/javascript"">window.NREUM||(NREUM={});NREUM.info={""beacon"":""bam.nr-data.net"",""errorBeacon"":""bam.nr-data.net"",""licenseKey"":""0ed0ce50b0"",""applicationID"":""5588594"",""transactionName"":""Y1BRbUUFWkMEWxYMV1oadUxZB0BZClZNCV5ZG0RcVUpDRxIWAxVIRxteTEQNVx4TUQcSSxpWUk1WCFtXEF1YMUpVVlgXUAFA"",""queueTime"":0,""applicationTime"":688,""agent"":""""};
(window.NREUM||(NREUM={})).init={ajax:{deny_list:[""bam.nr-data.net""]}};(window.NREUM||(NREUM={})).loader_config={xpid:""UwYPV15QGwYFXFlXDgU="",licenseKey:""0ed0ce50b0"",applicationID:""5588594"",browserID:""5591142""};;/*! For license information please see nr-loader-full-1.302.0.min.js.LICENSE.txt */
(()=>{var e,t,r={384:(e,t,r)=>{""use strict"";r.d(t,{NT:()=>o,US:()=>u,Zm:()=>s,bQ:()=>d,dV:()=>c,pV:()=>l});var n=r(6154),i=r(1863),a=r(1910);const o={beacon:""bam.nr-data.net"",errorBeacon:""bam.nr-data.net""};function s(){return n.gm.NREUM||(n.gm.NREUM={}),void 0===n.gm.newrelic&&(n.gm.newrelic=n.gm.NREUM),n.gm.NREUM}function c(){let e=s();return e.o||(e.o={ST:n.gm.setTimeout,SI:n.gm.setImmediate||n.gm.setInterval,CT:n.gm.clearTimeout,XHR:n.gm.XMLHttpRequest,REQ:n.gm.Request,EV:n.gm.Event,PR:n.gm.Promise,MO:n.gm.MutationObserver,FETCH:n.gm.fetch,WS:n.gm.WebSocket},(0,a.i)(...Object.values(e.o))),e}function d(e,t){let r=s();r.initializedAgents??={},t.initializedAt={ms:(0,i.t)(),date:new Date},r.initializedAgents[e]=t}function u(e,t){s()[e]=t}function l(){return function(){let e=s();const t=e.info||{};e.info={beacon:o.beacon,errorBeacon:o.errorBeacon,...t}}(),function(){let e=s();const t=e.init||{};e.init={...t}}(),c(),function(){let e=s();const t=e.loader_config||{};e.loader_config={...t}}(),s()}},782:(e,t,r)=>{""use strict"";r.d(t,{T:()=>n});const n=r(860).K7.pageViewTiming},860:(e,t,r)=>{""use strict"";r.d(t,{$J:()=>u,K7:()=>c,P3:()=>d,XX:()=>i,Yy:()=>s,df:()=>a,qY:()=>n,v4:()=>o});const n=""events"",i=""jserrors"",a=""browser/blobs"",o=""rum"",s=""browser/logs"",c={ajax:""ajax"",genericEvents:""generic_events"",jserrors:i,logging:""logging"",metrics:""metrics"",pageAction:""page_action"",pageViewEvent:""page_view_event"",pageViewTiming:""page_view_timing"",sessionReplay:""session_replay"",sessionTrace:""session_trace"",softNav:""soft_navigations"",spa:""spa""},d={[c.pageViewEvent]:1,[c.pageViewTiming]:2,[c.metrics]:3,[c.jserrors]:4,[c.spa]:5,[c.ajax]:6,[c.sessionTrace]:7,[c.softNav]:8,[c.sessionReplay]:9,[c.logging]:10,[c.genericEvents]:11},u={[c.pageViewEvent]:o,[c.pageViewTiming]:n,[c.ajax]:n,[c.spa]:n,[c.softNav]:n,[c.metrics]:i,[c.jserrors]:i,[c.sessionTrace]:a,[c.sessionReplay]:a,[c.logging]:s,[c.genericEvents]:""ins""}},944:(e,t,r)=>{""use strict"";r.d(t,{R:()=>i});var n=r(3241);function i(e,t){""function""==typeof console.debug&&(console.debug(""New Relic Warning: https://github.com/newrelic/newrelic-browser-agent/blob/main/docs/warning-codes.md#"".concat(e),t),(0,n.W)({agentIdentifier:null,drained:null,type:""data"",name:""warn"",feature:""warn"",data:{code:e,secondary:t}}))}},993:(e,t,r)=>{""use strict"";r.d(t,{A$:()=>a,ET:()=>o,TZ:()=>s,p_:()=>i});var n=r(860);const i={ERROR:""ERROR"",WARN:""WARN"",INFO:""INFO"",DEBUG:""DEBUG"",TRACE:""TRACE""},a={OFF:0,ERROR:1,WARN:2,INFO:3,DEBUG:4,TRACE:5},o=""log"",s=n.K7.logging},1687:(e,t,r)=>{""use strict"";r.d(t,{Ak:()=>d,Ze:()=>f,x3:()=>u});var n=r(3241),i=r(7836),a=r(3606),o=r(860),s=r(2646);const c={};function d(e,t){const r={staged:!1,priority:o.P3[t]||0};l(e),c[e].get(t)||c[e].set(t,r)}function u(e,t){e&&c[e]&&(c[e].get(t)&&c[e].delete(t),p(e,t,!1),c[e].size&&h(e))}function l(e){if(!e)throw new Error(""agentIdentifier required"");c[e]||(c[e]=new Map)}function f(e="""",t=""feature"",r=!1){if(l(e),!e||!c[e].get(t)||r)return p(e,t);c[e].get(t).staged=!0,h(e)}function h(e){const t=Array.from(c[e]);t.every(([e,t])=>t.staged)&&(t.sort((e,t)=>e[1].priority-t[1].priority),t.forEach(([t])=>{c[e].delete(t),p(e,t)}))}function p(e,t,r=!0){const o=e?i.ee.get(e):i.ee,c=a.i.handlers;if(!o.aborted&&o.backlog&&c){if((0,n.W)({agentIdentifier:e,type:""lifecycle"",name:""drain"",feature:t}),r){const e=o.backlog[t],r=c[t];if(r){for(let t=0;e&&t<e.length;++t)g(e[t],r);Object.entries(r).forEach(([e,t])=>{Object.values(t||{}).forEach(t=>{t[0]?.on&&t[0]?.context()instanceof s.y&&t[0].on(e,t[1])})})}}o.isolatedBacklog||delete c[t],o.backlog[t]=null,o.emit(""drain-""+t,[])}}function g(e,t){var r=e[1];Object.values(t[r]||{}).forEach(t=>{var r=e[0];if(t[0]===r){var n=t[1],i=e[3],a=e[2];n.apply(i,a)}})}},1741:(e,t,r)=>{""use strict"";r.d(t,{W:()=>a});var n=r(944),i=r(4261);class a{#e(e,...t){if(this[e]!==a.prototype[e])return this[e](...t);(0,n.R)(35,e)}addPageAction(e,t){return this.#e(i.hG,e,t)}register(e){return this.#e(i.eY,e)}recordCustomEvent(e,t){return this.#e(i.fF,e,t)}setPageViewName(e,t){return this.#e(i.Fw,e,t)}setCustomAttribute(e,t,r){return this.#e(i.cD,e,t,r)}noticeError(e,t){return this.#e(i.o5,e,t)}setUserId(e){return this.#e(i.",success
rock,In the End,Linkin Park,Hybrid Theory (Bonus Track Version),3:36,"3,083,795","36,263,645",https://www.last.fm/music/Linkin+Park/_/In+the+End,"
<!DOCTYPE html>

<html class=""no-js playbar-masthead-release-shim youtube-provider-not-ready"" lang=""en"">
<head>
<meta charset=""utf-8""/>
<meta content=""IE=edge"" http-equiv=""X-UA-Compatible""/><script type=""text/javascript"">window.NREUM||(NREUM={});NREUM.info={""beacon"":""bam.nr-data.net"",""errorBeacon"":""bam.nr-data.net"",""licenseKey"":""0ed0ce50b0"",""applicationID"":""5588594"",""transactionName"":""Y1BRbUUFWkMEWxYMV1oadUxZB0BZClZNCV5ZG0RcVUpDRxIWAxVIRxteTEQNVx4TUQcSSxpWUk1WCFtXEF1YMUpVVlgXUAFA"",""queueTime"":0,""applicationTime"":933,""agent"":""""};
(window.NREUM||(NREUM={})).init={ajax:{deny_list:[""bam.nr-data.net""]}};(window.NREUM||(NREUM={})).loader_config={xpid:""UwYPV15QGwYFXFlXDgU="",licenseKey:""0ed0ce50b0"",applicationID:""5588594"",browserID:""5591142""};;/*! For license information please see nr-loader-full-1.302.0.min.js.LICENSE.txt */
(()=>{var e,t,r={384:(e,t,r)=>{""use strict"";r.d(t,{NT:()=>o,US:()=>u,Zm:()=>s,bQ:()=>d,dV:()=>c,pV:()=>l});var n=r(6154),i=r(1863),a=r(1910);const o={beacon:""bam.nr-data.net"",errorBeacon:""bam.nr-data.net""};function s(){return n.gm.NREUM||(n.gm.NREUM={}),void 0===n.gm.newrelic&&(n.gm.newrelic=n.gm.NREUM),n.gm.NREUM}function c(){let e=s();return e.o||(e.o={ST:n.gm.setTimeout,SI:n.gm.setImmediate||n.gm.setInterval,CT:n.gm.clearTimeout,XHR:n.gm.XMLHttpRequest,REQ:n.gm.Request,EV:n.gm.Event,PR:n.gm.Promise,MO:n.gm.MutationObserver,FETCH:n.gm.fetch,WS:n.gm.WebSocket},(0,a.i)(...Object.values(e.o))),e}function d(e,t){let r=s();r.initializedAgents??={},t.initializedAt={ms:(0,i.t)(),date:new Date},r.initializedAgents[e]=t}function u(e,t){s()[e]=t}function l(){return function(){let e=s();const t=e.info||{};e.info={beacon:o.beacon,errorBeacon:o.errorBeacon,...t}}(),function(){let e=s();const t=e.init||{};e.init={...t}}(),c(),function(){let e=s();const t=e.loader_config||{};e.loader_config={...t}}(),s()}},782:(e,t,r)=>{""use strict"";r.d(t,{T:()=>n});const n=r(860).K7.pageViewTiming},860:(e,t,r)=>{""use strict"";r.d(t,{$J:()=>u,K7:()=>c,P3:()=>d,XX:()=>i,Yy:()=>s,df:()=>a,qY:()=>n,v4:()=>o});const n=""events"",i=""jserrors"",a=""browser/blobs"",o=""rum"",s=""browser/logs"",c={ajax:""ajax"",genericEvents:""generic_events"",jserrors:i,logging:""logging"",metrics:""metrics"",pageAction:""page_action"",pageViewEvent:""page_view_event"",pageViewTiming:""page_view_timing"",sessionReplay:""session_replay"",sessionTrace:""session_trace"",softNav:""soft_navigations"",spa:""spa""},d={[c.pageViewEvent]:1,[c.pageViewTiming]:2,[c.metrics]:3,[c.jserrors]:4,[c.spa]:5,[c.ajax]:6,[c.sessionTrace]:7,[c.softNav]:8,[c.sessionReplay]:9,[c.logging]:10,[c.genericEvents]:11},u={[c.pageViewEvent]:o,[c.pageViewTiming]:n,[c.ajax]:n,[c.spa]:n,[c.softNav]:n,[c.metrics]:i,[c.jserrors]:i,[c.sessionTrace]:a,[c.sessionReplay]:a,[c.logging]:s,[c.genericEvents]:""ins""}},944:(e,t,r)=>{""use strict"";r.d(t,{R:()=>i});var n=r(3241);function i(e,t){""function""==typeof console.debug&&(console.debug(""New Relic Warning: https://github.com/newrelic/newrelic-browser-agent/blob/main/docs/warning-codes.md#"".concat(e),t),(0,n.W)({agentIdentifier:null,drained:null,type:""data"",name:""warn"",feature:""warn"",data:{code:e,secondary:t}}))}},993:(e,t,r)=>{""use strict"";r.d(t,{A$:()=>a,ET:()=>o,TZ:()=>s,p_:()=>i});var n=r(860);const i={ERROR:""ERROR"",WARN:""WARN"",INFO:""INFO"",DEBUG:""DEBUG"",TRACE:""TRACE""},a={OFF:0,ERROR:1,WARN:2,INFO:3,DEBUG:4,TRACE:5},o=""log"",s=n.K7.logging},1687:(e,t,r)=>{""use strict"";r.d(t,{Ak:()=>d,Ze:()=>f,x3:()=>u});var n=r(3241),i=r(7836),a=r(3606),o=r(860),s=r(2646);const c={};function d(e,t){const r={staged:!1,priority:o.P3[t]||0};l(e),c[e].get(t)||c[e].set(t,r)}function u(e,t){e&&c[e]&&(c[e].get(t)&&c[e].delete(t),p(e,t,!1),c[e].size&&h(e))}function l(e){if(!e)throw new Error(""agentIdentifier required"");c[e]||(c[e]=new Map)}function f(e="""",t=""feature"",r=!1){if(l(e),!e||!c[e].get(t)||r)return p(e,t);c[e].get(t).staged=!0,h(e)}function h(e){const t=Array.from(c[e]);t.every(([e,t])=>t.staged)&&(t.sort((e,t)=>e[1].priority-t[1].priority),t.forEach(([t])=>{c[e].delete(t),p(e,t)}))}function p(e,t,r=!0){const o=e?i.ee.get(e):i.ee,c=a.i.handlers;if(!o.aborted&&o.backlog&&c){if((0,n.W)({agentIdentifier:e,type:""lifecycle"",name:""drain"",feature:t}),r){const e=o.backlog[t],r=c[t];if(r){for(let t=0;e&&t<e.length;++t)g(e[t],r);Object.entries(r).forEach(([e,t])=>{Object.values(t||{}).forEach(t=>{t[0]?.on&&t[0]?.context()instanceof s.y&&t[0].on(e,t[1])})})}}o.isolatedBacklog||delete c[t],o.backlog[t]=null,o.emit(""drain-""+t,[])}}function g(e,t){var r=e[1];Object.values(t[r]||{}).forEach(t=>{var r=e[0];if(t[0]===r){var n=t[1],i=e[3],a=e[2];n.apply(i,a)}})}},1741:(e,t,r)=>{""use strict"";r.d(t,{W:()=>a});var n=r(944),i=r(4261);class a{#e(e,...t){if(this[e]!==a.prototype[e])return this[e](...t);(0,n.R)(35,e)}addPageAction(e,t){return this.#e(i.hG,e,t)}register(e){return this.#e(i.eY,e)}recordCustomEvent(e,t){return this.#e(i.fF,e,t)}setPageViewName(e,t){return this.#e(i.Fw,e,t)}setCustomAttribute(e,t,r){return this.#e(i.cD,e,t,r)}noticeError(e,t){return this.#e(i.o5,e,t)}setUserId(e){return this.#e(i.",success
rock,Scar Tissue,Red Hot Chili Peppers,Californication,3:39,"2,630,335","25,543,295",https://www.last.fm/music/Red+Hot+Chili+Peppers/_/Scar+Tissue,"
<!DOCTYPE html>

<html class=""no-js playbar-masthead-release-shim youtube-provider-not-ready"" lang=""en"">
<head>
<meta charset=""utf-8""/>
<meta content=""IE=edge"" http-equiv=""X-UA-Compatible""/><script type=""text/javascript"">window.NREUM||(NREUM={});NREUM.info={""beacon"":""bam.nr-data.net"",""errorBeacon"":""bam.nr-data.net"",""licenseKey"":""0ed0ce50b0"",""applicationID"":""5588594"",""transactionName"":""Y1BRbUUFWkMEWxYMV1oadUxZB0BZClZNCV5ZG0RcVUpDRxIWAxVIRxteTEQNVx4TUQcSSxpWUk1WCFtXEF1YMUpVVlgXUAFA"",""queueTime"":0,""applicationTime"":734,""agent"":""""};
(window.NREUM||(NREUM={})).init={ajax:{deny_list:[""bam.nr-data.net""]}};(window.NREUM||(NREUM={})).loader_config={xpid:""UwYPV15QGwYFXFlXDgU="",licenseKey:""0ed0ce50b0"",applicationID:""5588594"",browserID:""5591142""};;/*! For license information please see nr-loader-full-1.302.0.min.js.LICENSE.txt */
(()=>{var e,t,r={384:(e,t,r)=>{""use strict"";r.d(t,{NT:()=>o,US:()=>u,Zm:()=>s,bQ:()=>d,dV:()=>c,pV:()=>l});var n=r(6154),i=r(1863),a=r(1910);const o={beacon:""bam.nr-data.net"",errorBeacon:""bam.nr-data.net""};function s(){return n.gm.NREUM||(n.gm.NREUM={}),void 0===n.gm.newrelic&&(n.gm.newrelic=n.gm.NREUM),n.gm.NREUM}function c(){let e=s();return e.o||(e.o={ST:n.gm.setTimeout,SI:n.gm.setImmediate||n.gm.setInterval,CT:n.gm.clearTimeout,XHR:n.gm.XMLHttpRequest,REQ:n.gm.Request,EV:n.gm.Event,PR:n.gm.Promise,MO:n.gm.MutationObserver,FETCH:n.gm.fetch,WS:n.gm.WebSocket},(0,a.i)(...Object.values(e.o))),e}function d(e,t){let r=s();r.initializedAgents??={},t.initializedAt={ms:(0,i.t)(),date:new Date},r.initializedAgents[e]=t}function u(e,t){s()[e]=t}function l(){return function(){let e=s();const t=e.info||{};e.info={beacon:o.beacon,errorBeacon:o.errorBeacon,...t}}(),function(){let e=s();const t=e.init||{};e.init={...t}}(),c(),function(){let e=s();const t=e.loader_config||{};e.loader_config={...t}}(),s()}},782:(e,t,r)=>{""use strict"";r.d(t,{T:()=>n});const n=r(860).K7.pageViewTiming},860:(e,t,r)=>{""use strict"";r.d(t,{$J:()=>u,K7:()=>c,P3:()=>d,XX:()=>i,Yy:()=>s,df:()=>a,qY:()=>n,v4:()=>o});const n=""events"",i=""jserrors"",a=""browser/blobs"",o=""rum"",s=""browser/logs"",c={ajax:""ajax"",genericEvents:""generic_events"",jserrors:i,logging:""logging"",metrics:""metrics"",pageAction:""page_action"",pageViewEvent:""page_view_event"",pageViewTiming:""page_view_timing"",sessionReplay:""session_replay"",sessionTrace:""session_trace"",softNav:""soft_navigations"",spa:""spa""},d={[c.pageViewEvent]:1,[c.pageViewTiming]:2,[c.metrics]:3,[c.jserrors]:4,[c.spa]:5,[c.ajax]:6,[c.sessionTrace]:7,[c.softNav]:8,[c.sessionReplay]:9,[c.logging]:10,[c.genericEvents]:11},u={[c.pageViewEvent]:o,[c.pageViewTiming]:n,[c.ajax]:n,[c.spa]:n,[c.softNav]:n,[c.metrics]:i,[c.jserrors]:i,[c.sessionTrace]:a,[c.sessionReplay]:a,[c.logging]:s,[c.genericEvents]:""ins""}},944:(e,t,r)=>{""use strict"";r.d(t,{R:()=>i});var n=r(3241);function i(e,t){""function""==typeof console.debug&&(console.debug(""New Relic Warning: https://github.com/newrelic/newrelic-browser-agent/blob/main/docs/warning-codes.md#"".concat(e),t),(0,n.W)({agentIdentifier:null,drained:null,type:""data"",name:""warn"",feature:""warn"",data:{code:e,secondary:t}}))}},993:(e,t,r)=>{""use strict"";r.d(t,{A$:()=>a,ET:()=>o,TZ:()=>s,p_:()=>i});var n=r(860);const i={ERROR:""ERROR"",WARN:""WARN"",INFO:""INFO"",DEBUG:""DEBUG"",TRACE:""TRACE""},a={OFF:0,ERROR:1,WARN:2,INFO:3,DEBUG:4,TRACE:5},o=""log"",s=n.K7.logging},1687:(e,t,r)=>{""use strict"";r.d(t,{Ak:()=>d,Ze:()=>f,x3:()=>u});var n=r(3241),i=r(7836),a=r(3606),o=r(860),s=r(2646);const c={};function d(e,t){const r={staged:!1,priority:o.P3[t]||0};l(e),c[e].get(t)||c[e].set(t,r)}function u(e,t){e&&c[e]&&(c[e].get(t)&&c[e].delete(t),p(e,t,!1),c[e].size&&h(e))}function l(e){if(!e)throw new Error(""agentIdentifier required"");c[e]||(c[e]=new Map)}function f(e="""",t=""feature"",r=!1){if(l(e),!e||!c[e].get(t)||r)return p(e,t);c[e].get(t).staged=!0,h(e)}function h(e){const t=Array.from(c[e]);t.every(([e,t])=>t.staged)&&(t.sort((e,t)=>e[1].priority-t[1].priority),t.forEach(([t])=>{c[e].delete(t),p(e,t)}))}function p(e,t,r=!0){const o=e?i.ee.get(e):i.ee,c=a.i.handlers;if(!o.aborted&&o.backlog&&c){if((0,n.W)({agentIdentifier:e,type:""lifecycle"",name:""drain"",feature:t}),r){const e=o.backlog[t],r=c[t];if(r){for(let t=0;e&&t<e.length;++t)g(e[t],r);Object.entries(r).forEach(([e,t])=>{Object.values(t||{}).forEach(t=>{t[0]?.on&&t[0]?.context()instanceof s.y&&t[0].on(e,t[1])})})}}o.isolatedBacklog||delete c[t],o.backlog[t]=null,o.emit(""drain-""+t,[])}}function g(e,t){var r=e[1];Object.values(t[r]||{}).forEach(t=>{var r=e[0];if(t[0]===r){var n=t[1],i=e[3],a=e[2];n.apply(i,a)}})}},1741:(e,t,r)=>{""use strict"";r.d(t,{W:()=>a});var n=r(944),i=r(4261);class a{#e(e,...t){if(this[e]!==a.prototype[e])return this[e](...t);(0,n.R)(35,e)}addPageAction(e,t){return this.#e(i.hG,e,t)}register(e){return this.#e(i.eY,e)}recordCustomEvent(e,t){return this.#e(i.fF,e,t)}setPageViewName(e,t){return this.#e(i.Fw,e,t)}setCustomAttribute(e,t,r){return this.#e(i.cD,e,t,r)}noticeError(e,t){return this.#e(i.o5,e,t)}setUserId(e){return this.#e(i.",success
rock,Linger,The Cranberries,"Everybody Else Is Doing It, So Why Can't We?",4:36,"2,265,078","29,164,394",https://www.last.fm/music/The+Cranberries/_/Linger,"
<!DOCTYPE html>

<html class=""no-js playbar-masthead-release-shim youtube-provider-not-ready"" lang=""en"">
<head>
<meta charset=""utf-8""/>
<meta content=""IE=edge"" http-equiv=""X-UA-Compatible""/><script type=""text/javascript"">window.NREUM||(NREUM={});NREUM.info={""beacon"":""bam.nr-data.net"",""errorBeacon"":""bam.nr-data.net"",""licenseKey"":""0ed0ce50b0"",""applicationID"":""5588594"",""transactionName"":""Y1BRbUUFWkMEWxYMV1oadUxZB0BZClZNCV5ZG0RcVUpDRxIWAxVIRxteTEQNVx4TUQcSSxpWUk1WCFtXEF1YMUpVVlgXUAFA"",""queueTime"":0,""applicationTime"":874,""agent"":""""};
(window.NREUM||(NREUM={})).init={ajax:{deny_list:[""bam.nr-data.net""]}};(window.NREUM||(NREUM={})).loader_config={xpid:""UwYPV15QGwYFXFlXDgU="",licenseKey:""0ed0ce50b0"",applicationID:""5588594"",browserID:""5591142""};;/*! For license information please see nr-loader-full-1.302.0.min.js.LICENSE.txt */
(()=>{var e,t,r={384:(e,t,r)=>{""use strict"";r.d(t,{NT:()=>o,US:()=>u,Zm:()=>s,bQ:()=>d,dV:()=>c,pV:()=>l});var n=r(6154),i=r(1863),a=r(1910);const o={beacon:""bam.nr-data.net"",errorBeacon:""bam.nr-data.net""};function s(){return n.gm.NREUM||(n.gm.NREUM={}),void 0===n.gm.newrelic&&(n.gm.newrelic=n.gm.NREUM),n.gm.NREUM}function c(){let e=s();return e.o||(e.o={ST:n.gm.setTimeout,SI:n.gm.setImmediate||n.gm.setInterval,CT:n.gm.clearTimeout,XHR:n.gm.XMLHttpRequest,REQ:n.gm.Request,EV:n.gm.Event,PR:n.gm.Promise,MO:n.gm.MutationObserver,FETCH:n.gm.fetch,WS:n.gm.WebSocket},(0,a.i)(...Object.values(e.o))),e}function d(e,t){let r=s();r.initializedAgents??={},t.initializedAt={ms:(0,i.t)(),date:new Date},r.initializedAgents[e]=t}function u(e,t){s()[e]=t}function l(){return function(){let e=s();const t=e.info||{};e.info={beacon:o.beacon,errorBeacon:o.errorBeacon,...t}}(),function(){let e=s();const t=e.init||{};e.init={...t}}(),c(),function(){let e=s();const t=e.loader_config||{};e.loader_config={...t}}(),s()}},782:(e,t,r)=>{""use strict"";r.d(t,{T:()=>n});const n=r(860).K7.pageViewTiming},860:(e,t,r)=>{""use strict"";r.d(t,{$J:()=>u,K7:()=>c,P3:()=>d,XX:()=>i,Yy:()=>s,df:()=>a,qY:()=>n,v4:()=>o});const n=""events"",i=""jserrors"",a=""browser/blobs"",o=""rum"",s=""browser/logs"",c={ajax:""ajax"",genericEvents:""generic_events"",jserrors:i,logging:""logging"",metrics:""metrics"",pageAction:""page_action"",pageViewEvent:""page_view_event"",pageViewTiming:""page_view_timing"",sessionReplay:""session_replay"",sessionTrace:""session_trace"",softNav:""soft_navigations"",spa:""spa""},d={[c.pageViewEvent]:1,[c.pageViewTiming]:2,[c.metrics]:3,[c.jserrors]:4,[c.spa]:5,[c.ajax]:6,[c.sessionTrace]:7,[c.softNav]:8,[c.sessionReplay]:9,[c.logging]:10,[c.genericEvents]:11},u={[c.pageViewEvent]:o,[c.pageViewTiming]:n,[c.ajax]:n,[c.spa]:n,[c.softNav]:n,[c.metrics]:i,[c.jserrors]:i,[c.sessionTrace]:a,[c.sessionReplay]:a,[c.logging]:s,[c.genericEvents]:""ins""}},944:(e,t,r)=>{""use strict"";r.d(t,{R:()=>i});var n=r(3241);function i(e,t){""function""==typeof console.debug&&(console.debug(""New Relic Warning: https://github.com/newrelic/newrelic-browser-agent/blob/main/docs/warning-codes.md#"".concat(e),t),(0,n.W)({agentIdentifier:null,drained:null,type:""data"",name:""warn"",feature:""warn"",data:{code:e,secondary:t}}))}},993:(e,t,r)=>{""use strict"";r.d(t,{A$:()=>a,ET:()=>o,TZ:()=>s,p_:()=>i});var n=r(860);const i={ERROR:""ERROR"",WARN:""WARN"",INFO:""INFO"",DEBUG:""DEBUG"",TRACE:""TRACE""},a={OFF:0,ERROR:1,WARN:2,INFO:3,DEBUG:4,TRACE:5},o=""log"",s=n.K7.logging},1687:(e,t,r)=>{""use strict"";r.d(t,{Ak:()=>d,Ze:()=>f,x3:()=>u});var n=r(3241),i=r(7836),a=r(3606),o=r(860),s=r(2646);const c={};function d(e,t){const r={staged:!1,priority:o.P3[t]||0};l(e),c[e].get(t)||c[e].set(t,r)}function u(e,t){e&&c[e]&&(c[e].get(t)&&c[e].delete(t),p(e,t,!1),c[e].size&&h(e))}function l(e){if(!e)throw new Error(""agentIdentifier required"");c[e]||(c[e]=new Map)}function f(e="""",t=""feature"",r=!1){if(l(e),!e||!c[e].get(t)||r)return p(e,t);c[e].get(t).staged=!0,h(e)}function h(e){const t=Array.from(c[e]);t.every(([e,t])=>t.staged)&&(t.sort((e,t)=>e[1].priority-t[1].priority),t.forEach(([t])=>{c[e].delete(t),p(e,t)}))}function p(e,t,r=!0){const o=e?i.ee.get(e):i.ee,c=a.i.handlers;if(!o.aborted&&o.backlog&&c){if((0,n.W)({agentIdentifier:e,type:""lifecycle"",name:""drain"",feature:t}),r){const e=o.backlog[t],r=c[t];if(r){for(let t=0;e&&t<e.length;++t)g(e[t],r);Object.entries(r).forEach(([e,t])=>{Object.values(t||{}).forEach(t=>{t[0]?.on&&t[0]?.context()instanceof s.y&&t[0].on(e,t[1])})})}}o.isolatedBacklog||delete c[t],o.backlog[t]=null,o.emit(""drain-""+t,[])}}function g(e,t){var r=e[1];Object.values(t[r]||{}).forEach(t=>{var r=e[0];if(t[0]===r){var n=t[1],i=e[3],a=e[2];n.apply(i,a)}})}},1741:(e,t,r)=>{""use strict"";r.d(t,{W:()=>a});var n=r(944),i=r(4261);class a{#e(e,...t){if(this[e]!==a.prototype[e])return this[e](...t);(0,n.R)(35,e)}addPageAction(e,t){return this.#e(i.hG,e,t)}register(e){return this.#e(i.eY,e)}recordCustomEvent(e,t){return this.#e(i.fF,e,t)}setPageViewName(e,t){return this.#e(i.Fw,e,t)}setCustomAttribute(e,t,r){return this.#e(i.cD,e,t,r)}noticeError(e,t){return this.#e(i.o5,e,t)}setUserId(e){return this.#e(i.",success
rock,Mr. Brightside,The Killers,Hot Fuss,3:42,"3,450,953","46,344,097",https://www.last.fm/music/The+Killers/_/Mr.+Brightside,"
<!DOCTYPE html>

<html class=""no-js playbar-masthead-release-shim youtube-provider-not-ready"" lang=""en"">
<head>
<meta charset=""utf-8""/>
<meta content=""IE=edge"" http-equiv=""X-UA-Compatible""/><script type=""text/javascript"">window.NREUM||(NREUM={});NREUM.info={""beacon"":""bam.nr-data.net"",""errorBeacon"":""bam.nr-data.net"",""licenseKey"":""0ed0ce50b0"",""applicationID"":""5588594"",""transactionName"":""Y1BRbUUFWkMEWxYMV1oadUxZB0BZClZNCV5ZG0RcVUpDRxIWAxVIRxteTEQNVx4TUQcSSxpWUk1WCFtXEF1YMUpVVlgXUAFA"",""queueTime"":0,""applicationTime"":752,""agent"":""""};
(window.NREUM||(NREUM={})).init={ajax:{deny_list:[""bam.nr-data.net""]}};(window.NREUM||(NREUM={})).loader_config={xpid:""UwYPV15QGwYFXFlXDgU="",licenseKey:""0ed0ce50b0"",applicationID:""5588594"",browserID:""5591142""};;/*! For license information please see nr-loader-full-1.302.0.min.js.LICENSE.txt */
(()=>{var e,t,r={384:(e,t,r)=>{""use strict"";r.d(t,{NT:()=>o,US:()=>u,Zm:()=>s,bQ:()=>d,dV:()=>c,pV:()=>l});var n=r(6154),i=r(1863),a=r(1910);const o={beacon:""bam.nr-data.net"",errorBeacon:""bam.nr-data.net""};function s(){return n.gm.NREUM||(n.gm.NREUM={}),void 0===n.gm.newrelic&&(n.gm.newrelic=n.gm.NREUM),n.gm.NREUM}function c(){let e=s();return e.o||(e.o={ST:n.gm.setTimeout,SI:n.gm.setImmediate||n.gm.setInterval,CT:n.gm.clearTimeout,XHR:n.gm.XMLHttpRequest,REQ:n.gm.Request,EV:n.gm.Event,PR:n.gm.Promise,MO:n.gm.MutationObserver,FETCH:n.gm.fetch,WS:n.gm.WebSocket},(0,a.i)(...Object.values(e.o))),e}function d(e,t){let r=s();r.initializedAgents??={},t.initializedAt={ms:(0,i.t)(),date:new Date},r.initializedAgents[e]=t}function u(e,t){s()[e]=t}function l(){return function(){let e=s();const t=e.info||{};e.info={beacon:o.beacon,errorBeacon:o.errorBeacon,...t}}(),function(){let e=s();const t=e.init||{};e.init={...t}}(),c(),function(){let e=s();const t=e.loader_config||{};e.loader_config={...t}}(),s()}},782:(e,t,r)=>{""use strict"";r.d(t,{T:()=>n});const n=r(860).K7.pageViewTiming},860:(e,t,r)=>{""use strict"";r.d(t,{$J:()=>u,K7:()=>c,P3:()=>d,XX:()=>i,Yy:()=>s,df:()=>a,qY:()=>n,v4:()=>o});const n=""events"",i=""jserrors"",a=""browser/blobs"",o=""rum"",s=""browser/logs"",c={ajax:""ajax"",genericEvents:""generic_events"",jserrors:i,logging:""logging"",metrics:""metrics"",pageAction:""page_action"",pageViewEvent:""page_view_event"",pageViewTiming:""page_view_timing"",sessionReplay:""session_replay"",sessionTrace:""session_trace"",softNav:""soft_navigations"",spa:""spa""},d={[c.pageViewEvent]:1,[c.pageViewTiming]:2,[c.metrics]:3,[c.jserrors]:4,[c.spa]:5,[c.ajax]:6,[c.sessionTrace]:7,[c.softNav]:8,[c.sessionReplay]:9,[c.logging]:10,[c.genericEvents]:11},u={[c.pageViewEvent]:o,[c.pageViewTiming]:n,[c.ajax]:n,[c.spa]:n,[c.softNav]:n,[c.metrics]:i,[c.jserrors]:i,[c.sessionTrace]:a,[c.sessionReplay]:a,[c.logging]:s,[c.genericEvents]:""ins""}},944:(e,t,r)=>{""use strict"";r.d(t,{R:()=>i});var n=r(3241);function i(e,t){""function""==typeof console.debug&&(console.debug(""New Relic Warning: https://github.com/newrelic/newrelic-browser-agent/blob/main/docs/warning-codes.md#"".concat(e),t),(0,n.W)({agentIdentifier:null,drained:null,type:""data"",name:""warn"",feature:""warn"",data:{code:e,secondary:t}}))}},993:(e,t,r)=>{""use strict"";r.d(t,{A$:()=>a,ET:()=>o,TZ:()=>s,p_:()=>i});var n=r(860);const i={ERROR:""ERROR"",WARN:""WARN"",INFO:""INFO"",DEBUG:""DEBUG"",TRACE:""TRACE""},a={OFF:0,ERROR:1,WARN:2,INFO:3,DEBUG:4,TRACE:5},o=""log"",s=n.K7.logging},1687:(e,t,r)=>{""use strict"";r.d(t,{Ak:()=>d,Ze:()=>f,x3:()=>u});var n=r(3241),i=r(7836),a=r(3606),o=r(860),s=r(2646);const c={};function d(e,t){const r={staged:!1,priority:o.P3[t]||0};l(e),c[e].get(t)||c[e].set(t,r)}function u(e,t){e&&c[e]&&(c[e].get(t)&&c[e].delete(t),p(e,t,!1),c[e].size&&h(e))}function l(e){if(!e)throw new Error(""agentIdentifier required"");c[e]||(c[e]=new Map)}function f(e="""",t=""feature"",r=!1){if(l(e),!e||!c[e].get(t)||r)return p(e,t);c[e].get(t).staged=!0,h(e)}function h(e){const t=Array.from(c[e]);t.every(([e,t])=>t.staged)&&(t.sort((e,t)=>e[1].priority-t[1].priority),t.forEach(([t])=>{c[e].delete(t),p(e,t)}))}function p(e,t,r=!0){const o=e?i.ee.get(e):i.ee,c=a.i.handlers;if(!o.aborted&&o.backlog&&c){if((0,n.W)({agentIdentifier:e,type:""lifecycle"",name:""drain"",feature:t}),r){const e=o.backlog[t],r=c[t];if(r){for(let t=0;e&&t<e.length;++t)g(e[t],r);Object.entries(r).forEach(([e,t])=>{Object.values(t||{}).forEach(t=>{t[0]?.on&&t[0]?.context()instanceof s.y&&t[0].on(e,t[1])})})}}o.isolatedBacklog||delete c[t],o.backlog[t]=null,o.emit(""drain-""+t,[])}}function g(e,t){var r=e[1];Object.values(t[r]||{}).forEach(t=>{var r=e[0];if(t[0]===r){var n=t[1],i=e[3],a=e[2];n.apply(i,a)}})}},1741:(e,t,r)=>{""use strict"";r.d(t,{W:()=>a});var n=r(944),i=r(4261);class a{#e(e,...t){if(this[e]!==a.prototype[e])return this[e](...t);(0,n.R)(35,e)}addPageAction(e,t){return this.#e(i.hG,e,t)}register(e){return this.#e(i.eY,e)}recordCustomEvent(e,t){return this.#e(i.fF,e,t)}setPageViewName(e,t){return this.#e(i.Fw,e,t)}setCustomAttribute(e,t,r){return this.#e(i.cD,e,t,r)}noticeError(e,t){return this.#e(i.o5,e,t)}setUserId(e){return this.#e(i.",success
rock,Misery Business,Paramore,RIOT!,3:31,"2,539,910","34,354,643",https://www.last.fm/music/Paramore/_/Misery+Business,"
<!DOCTYPE html>

<html class=""no-js playbar-masthead-release-shim youtube-provider-not-ready"" lang=""en"">
<head>
<meta charset=""utf-8""/>
<meta content=""IE=edge"" http-equiv=""X-UA-Compatible""/><script type=""text/javascript"">window.NREUM||(NREUM={});NREUM.info={""beacon"":""bam.nr-data.net"",""errorBeacon"":""bam.nr-data.net"",""licenseKey"":""0ed0ce50b0"",""applicationID"":""5588594"",""transactionName"":""Y1BRbUUFWkMEWxYMV1oadUxZB0BZClZNCV5ZG0RcVUpDRxIWAxVIRxteTEQNVx4TUQcSSxpWUk1WCFtXEF1YMUpVVlgXUAFA"",""queueTime"":0,""applicationTime"":614,""agent"":""""};
(window.NREUM||(NREUM={})).init={ajax:{deny_list:[""bam.nr-data.net""]}};(window.NREUM||(NREUM={})).loader_config={xpid:""UwYPV15QGwYFXFlXDgU="",licenseKey:""0ed0ce50b0"",applicationID:""5588594"",browserID:""5591142""};;/*! For license information please see nr-loader-full-1.302.0.min.js.LICENSE.txt */
(()=>{var e,t,r={384:(e,t,r)=>{""use strict"";r.d(t,{NT:()=>o,US:()=>u,Zm:()=>s,bQ:()=>d,dV:()=>c,pV:()=>l});var n=r(6154),i=r(1863),a=r(1910);const o={beacon:""bam.nr-data.net"",errorBeacon:""bam.nr-data.net""};function s(){return n.gm.NREUM||(n.gm.NREUM={}),void 0===n.gm.newrelic&&(n.gm.newrelic=n.gm.NREUM),n.gm.NREUM}function c(){let e=s();return e.o||(e.o={ST:n.gm.setTimeout,SI:n.gm.setImmediate||n.gm.setInterval,CT:n.gm.clearTimeout,XHR:n.gm.XMLHttpRequest,REQ:n.gm.Request,EV:n.gm.Event,PR:n.gm.Promise,MO:n.gm.MutationObserver,FETCH:n.gm.fetch,WS:n.gm.WebSocket},(0,a.i)(...Object.values(e.o))),e}function d(e,t){let r=s();r.initializedAgents??={},t.initializedAt={ms:(0,i.t)(),date:new Date},r.initializedAgents[e]=t}function u(e,t){s()[e]=t}function l(){return function(){let e=s();const t=e.info||{};e.info={beacon:o.beacon,errorBeacon:o.errorBeacon,...t}}(),function(){let e=s();const t=e.init||{};e.init={...t}}(),c(),function(){let e=s();const t=e.loader_config||{};e.loader_config={...t}}(),s()}},782:(e,t,r)=>{""use strict"";r.d(t,{T:()=>n});const n=r(860).K7.pageViewTiming},860:(e,t,r)=>{""use strict"";r.d(t,{$J:()=>u,K7:()=>c,P3:()=>d,XX:()=>i,Yy:()=>s,df:()=>a,qY:()=>n,v4:()=>o});const n=""events"",i=""jserrors"",a=""browser/blobs"",o=""rum"",s=""browser/logs"",c={ajax:""ajax"",genericEvents:""generic_events"",jserrors:i,logging:""logging"",metrics:""metrics"",pageAction:""page_action"",pageViewEvent:""page_view_event"",pageViewTiming:""page_view_timing"",sessionReplay:""session_replay"",sessionTrace:""session_trace"",softNav:""soft_navigations"",spa:""spa""},d={[c.pageViewEvent]:1,[c.pageViewTiming]:2,[c.metrics]:3,[c.jserrors]:4,[c.spa]:5,[c.ajax]:6,[c.sessionTrace]:7,[c.softNav]:8,[c.sessionReplay]:9,[c.logging]:10,[c.genericEvents]:11},u={[c.pageViewEvent]:o,[c.pageViewTiming]:n,[c.ajax]:n,[c.spa]:n,[c.softNav]:n,[c.metrics]:i,[c.jserrors]:i,[c.sessionTrace]:a,[c.sessionReplay]:a,[c.logging]:s,[c.genericEvents]:""ins""}},944:(e,t,r)=>{""use strict"";r.d(t,{R:()=>i});var n=r(3241);function i(e,t){""function""==typeof console.debug&&(console.debug(""New Relic Warning: https://github.com/newrelic/newrelic-browser-agent/blob/main/docs/warning-codes.md#"".concat(e),t),(0,n.W)({agentIdentifier:null,drained:null,type:""data"",name:""warn"",feature:""warn"",data:{code:e,secondary:t}}))}},993:(e,t,r)=>{""use strict"";r.d(t,{A$:()=>a,ET:()=>o,TZ:()=>s,p_:()=>i});var n=r(860);const i={ERROR:""ERROR"",WARN:""WARN"",INFO:""INFO"",DEBUG:""DEBUG"",TRACE:""TRACE""},a={OFF:0,ERROR:1,WARN:2,INFO:3,DEBUG:4,TRACE:5},o=""log"",s=n.K7.logging},1687:(e,t,r)=>{""use strict"";r.d(t,{Ak:()=>d,Ze:()=>f,x3:()=>u});var n=r(3241),i=r(7836),a=r(3606),o=r(860),s=r(2646);const c={};function d(e,t){const r={staged:!1,priority:o.P3[t]||0};l(e),c[e].get(t)||c[e].set(t,r)}function u(e,t){e&&c[e]&&(c[e].get(t)&&c[e].delete(t),p(e,t,!1),c[e].size&&h(e))}function l(e){if(!e)throw new Error(""agentIdentifier required"");c[e]||(c[e]=new Map)}function f(e="""",t=""feature"",r=!1){if(l(e),!e||!c[e].get(t)||r)return p(e,t);c[e].get(t).staged=!0,h(e)}function h(e){const t=Array.from(c[e]);t.every(([e,t])=>t.staged)&&(t.sort((e,t)=>e[1].priority-t[1].priority),t.forEach(([t])=>{c[e].delete(t),p(e,t)}))}function p(e,t,r=!0){const o=e?i.ee.get(e):i.ee,c=a.i.handlers;if(!o.aborted&&o.backlog&&c){if((0,n.W)({agentIdentifier:e,type:""lifecycle"",name:""drain"",feature:t}),r){const e=o.backlog[t],r=c[t];if(r){for(let t=0;e&&t<e.length;++t)g(e[t],r);Object.entries(r).forEach(([e,t])=>{Object.values(t||{}).forEach(t=>{t[0]?.on&&t[0]?.context()instanceof s.y&&t[0].on(e,t[1])})})}}o.isolatedBacklog||delete c[t],o.backlog[t]=null,o.emit(""drain-""+t,[])}}function g(e,t){var r=e[1];Object.values(t[r]||{}).forEach(t=>{var r=e[0];if(t[0]===r){var n=t[1],i=e[3],a=e[2];n.apply(i,a)}})}},1741:(e,t,r)=>{""use strict"";r.d(t,{W:()=>a});var n=r(944),i=r(4261);class a{#e(e,...t){if(this[e]!==a.prototype[e])return this[e](...t);(0,n.R)(35,e)}addPageAction(e,t){return this.#e(i.hG,e,t)}register(e){return this.#e(i.eY,e)}recordCustomEvent(e,t){return this.#e(i.fF,e,t)}setPageViewName(e,t){return this.#e(i.Fw,e,t)}setCustomAttribute(e,t,r){return this.#e(i.cD,e,t,r)}noticeError(e,t){return this.#e(i.o5,e,t)}setUserId(e){return this.#e(i.",success
rock,Numb,Linkin Park,Meteora,3:34,"2,869,209","33,112,621",https://www.last.fm/music/Linkin+Park/_/Numb,"
<!DOCTYPE html>

<html class=""no-js playbar-masthead-release-shim youtube-provider-not-ready"" lang=""en"">
<head>
<meta charset=""utf-8""/>
<meta content=""IE=edge"" http-equiv=""X-UA-Compatible""/><script type=""text/javascript"">window.NREUM||(NREUM={});NREUM.info={""beacon"":""bam.nr-data.net"",""errorBeacon"":""bam.nr-data.net"",""licenseKey"":""0ed0ce50b0"",""applicationID"":""5588594"",""transactionName"":""Y1BRbUUFWkMEWxYMV1oadUxZB0BZClZNCV5ZG0RcVUpDRxIWAxVIRxteTEQNVx4TUQcSSxpWUk1WCFtXEF1YMUpVVlgXUAFA"",""queueTime"":0,""applicationTime"":870,""agent"":""""};
(window.NREUM||(NREUM={})).init={ajax:{deny_list:[""bam.nr-data.net""]}};(window.NREUM||(NREUM={})).loader_config={xpid:""UwYPV15QGwYFXFlXDgU="",licenseKey:""0ed0ce50b0"",applicationID:""5588594"",browserID:""5591142""};;/*! For license information please see nr-loader-full-1.302.0.min.js.LICENSE.txt */
(()=>{var e,t,r={384:(e,t,r)=>{""use strict"";r.d(t,{NT:()=>o,US:()=>u,Zm:()=>s,bQ:()=>d,dV:()=>c,pV:()=>l});var n=r(6154),i=r(1863),a=r(1910);const o={beacon:""bam.nr-data.net"",errorBeacon:""bam.nr-data.net""};function s(){return n.gm.NREUM||(n.gm.NREUM={}),void 0===n.gm.newrelic&&(n.gm.newrelic=n.gm.NREUM),n.gm.NREUM}function c(){let e=s();return e.o||(e.o={ST:n.gm.setTimeout,SI:n.gm.setImmediate||n.gm.setInterval,CT:n.gm.clearTimeout,XHR:n.gm.XMLHttpRequest,REQ:n.gm.Request,EV:n.gm.Event,PR:n.gm.Promise,MO:n.gm.MutationObserver,FETCH:n.gm.fetch,WS:n.gm.WebSocket},(0,a.i)(...Object.values(e.o))),e}function d(e,t){let r=s();r.initializedAgents??={},t.initializedAt={ms:(0,i.t)(),date:new Date},r.initializedAgents[e]=t}function u(e,t){s()[e]=t}function l(){return function(){let e=s();const t=e.info||{};e.info={beacon:o.beacon,errorBeacon:o.errorBeacon,...t}}(),function(){let e=s();const t=e.init||{};e.init={...t}}(),c(),function(){let e=s();const t=e.loader_config||{};e.loader_config={...t}}(),s()}},782:(e,t,r)=>{""use strict"";r.d(t,{T:()=>n});const n=r(860).K7.pageViewTiming},860:(e,t,r)=>{""use strict"";r.d(t,{$J:()=>u,K7:()=>c,P3:()=>d,XX:()=>i,Yy:()=>s,df:()=>a,qY:()=>n,v4:()=>o});const n=""events"",i=""jserrors"",a=""browser/blobs"",o=""rum"",s=""browser/logs"",c={ajax:""ajax"",genericEvents:""generic_events"",jserrors:i,logging:""logging"",metrics:""metrics"",pageAction:""page_action"",pageViewEvent:""page_view_event"",pageViewTiming:""page_view_timing"",sessionReplay:""session_replay"",sessionTrace:""session_trace"",softNav:""soft_navigations"",spa:""spa""},d={[c.pageViewEvent]:1,[c.pageViewTiming]:2,[c.metrics]:3,[c.jserrors]:4,[c.spa]:5,[c.ajax]:6,[c.sessionTrace]:7,[c.softNav]:8,[c.sessionReplay]:9,[c.logging]:10,[c.genericEvents]:11},u={[c.pageViewEvent]:o,[c.pageViewTiming]:n,[c.ajax]:n,[c.spa]:n,[c.softNav]:n,[c.metrics]:i,[c.jserrors]:i,[c.sessionTrace]:a,[c.sessionReplay]:a,[c.logging]:s,[c.genericEvents]:""ins""}},944:(e,t,r)=>{""use strict"";r.d(t,{R:()=>i});var n=r(3241);function i(e,t){""function""==typeof console.debug&&(console.debug(""New Relic Warning: https://github.com/newrelic/newrelic-browser-agent/blob/main/docs/warning-codes.md#"".concat(e),t),(0,n.W)({agentIdentifier:null,drained:null,type:""data"",name:""warn"",feature:""warn"",data:{code:e,secondary:t}}))}},993:(e,t,r)=>{""use strict"";r.d(t,{A$:()=>a,ET:()=>o,TZ:()=>s,p_:()=>i});var n=r(860);const i={ERROR:""ERROR"",WARN:""WARN"",INFO:""INFO"",DEBUG:""DEBUG"",TRACE:""TRACE""},a={OFF:0,ERROR:1,WARN:2,INFO:3,DEBUG:4,TRACE:5},o=""log"",s=n.K7.logging},1687:(e,t,r)=>{""use strict"";r.d(t,{Ak:()=>d,Ze:()=>f,x3:()=>u});var n=r(3241),i=r(7836),a=r(3606),o=r(860),s=r(2646);const c={};function d(e,t){const r={staged:!1,priority:o.P3[t]||0};l(e),c[e].get(t)||c[e].set(t,r)}function u(e,t){e&&c[e]&&(c[e].get(t)&&c[e].delete(t),p(e,t,!1),c[e].size&&h(e))}function l(e){if(!e)throw new Error(""agentIdentifier required"");c[e]||(c[e]=new Map)}function f(e="""",t=""feature"",r=!1){if(l(e),!e||!c[e].get(t)||r)return p(e,t);c[e].get(t).staged=!0,h(e)}function h(e){const t=Array.from(c[e]);t.every(([e,t])=>t.staged)&&(t.sort((e,t)=>e[1].priority-t[1].priority),t.forEach(([t])=>{c[e].delete(t),p(e,t)}))}function p(e,t,r=!0){const o=e?i.ee.get(e):i.ee,c=a.i.handlers;if(!o.aborted&&o.backlog&&c){if((0,n.W)({agentIdentifier:e,type:""lifecycle"",name:""drain"",feature:t}),r){const e=o.backlog[t],r=c[t];if(r){for(let t=0;e&&t<e.length;++t)g(e[t],r);Object.entries(r).forEach(([e,t])=>{Object.values(t||{}).forEach(t=>{t[0]?.on&&t[0]?.context()instanceof s.y&&t[0].on(e,t[1])})})}}o.isolatedBacklog||delete c[t],o.backlog[t]=null,o.emit(""drain-""+t,[])}}function g(e,t){var r=e[1];Object.values(t[r]||{}).forEach(t=>{var r=e[0];if(t[0]===r){var n=t[1],i=e[3],a=e[2];n.apply(i,a)}})}},1741:(e,t,r)=>{""use strict"";r.d(t,{W:()=>a});var n=r(944),i=r(4261);class a{#e(e,...t){if(this[e]!==a.prototype[e])return this[e](...t);(0,n.R)(35,e)}addPageAction(e,t){return this.#e(i.hG,e,t)}register(e){return this.#e(i.eY,e)}recordCustomEvent(e,t){return this.#e(i.fF,e,t)}setPageViewName(e,t){return this.#e(i.Fw,e,t)}setCustomAttribute(e,t,r){return this.#e(i.cD,e,t,r)}noticeError(e,t){return this.#e(i.o5,e,t)}setUserId(e){return this.#e(i.",success
rock,Can't Stop,Red Hot Chili Peppers,By the Way,4:29,"2,352,341","23,949,405",https://www.last.fm/music/Red+Hot+Chili+Peppers/_/Can%27t+Stop,"
<!DOCTYPE html>

<html class=""no-js playbar-masthead-release-shim youtube-provider-not-ready"" lang=""en"">
<head>
<meta charset=""utf-8""/>
<meta content=""IE=edge"" http-equiv=""X-UA-Compatible""/><script type=""text/javascript"">window.NREUM||(NREUM={});NREUM.info={""beacon"":""bam.nr-data.net"",""errorBeacon"":""bam.nr-data.net"",""licenseKey"":""0ed0ce50b0"",""applicationID"":""5588594"",""transactionName"":""Y1BRbUUFWkMEWxYMV1oadUxZB0BZClZNCV5ZG0RcVUpDRxIWAxVIRxteTEQNVx4TUQcSSxpWUk1WCFtXEF1YMUpVVlgXUAFA"",""queueTime"":0,""applicationTime"":1005,""agent"":""""};
(window.NREUM||(NREUM={})).init={ajax:{deny_list:[""bam.nr-data.net""]}};(window.NREUM||(NREUM={})).loader_config={xpid:""UwYPV15QGwYFXFlXDgU="",licenseKey:""0ed0ce50b0"",applicationID:""5588594"",browserID:""5591142""};;/*! For license information please see nr-loader-full-1.302.0.min.js.LICENSE.txt */
(()=>{var e,t,r={384:(e,t,r)=>{""use strict"";r.d(t,{NT:()=>o,US:()=>u,Zm:()=>s,bQ:()=>d,dV:()=>c,pV:()=>l});var n=r(6154),i=r(1863),a=r(1910);const o={beacon:""bam.nr-data.net"",errorBeacon:""bam.nr-data.net""};function s(){return n.gm.NREUM||(n.gm.NREUM={}),void 0===n.gm.newrelic&&(n.gm.newrelic=n.gm.NREUM),n.gm.NREUM}function c(){let e=s();return e.o||(e.o={ST:n.gm.setTimeout,SI:n.gm.setImmediate||n.gm.setInterval,CT:n.gm.clearTimeout,XHR:n.gm.XMLHttpRequest,REQ:n.gm.Request,EV:n.gm.Event,PR:n.gm.Promise,MO:n.gm.MutationObserver,FETCH:n.gm.fetch,WS:n.gm.WebSocket},(0,a.i)(...Object.values(e.o))),e}function d(e,t){let r=s();r.initializedAgents??={},t.initializedAt={ms:(0,i.t)(),date:new Date},r.initializedAgents[e]=t}function u(e,t){s()[e]=t}function l(){return function(){let e=s();const t=e.info||{};e.info={beacon:o.beacon,errorBeacon:o.errorBeacon,...t}}(),function(){let e=s();const t=e.init||{};e.init={...t}}(),c(),function(){let e=s();const t=e.loader_config||{};e.loader_config={...t}}(),s()}},782:(e,t,r)=>{""use strict"";r.d(t,{T:()=>n});const n=r(860).K7.pageViewTiming},860:(e,t,r)=>{""use strict"";r.d(t,{$J:()=>u,K7:()=>c,P3:()=>d,XX:()=>i,Yy:()=>s,df:()=>a,qY:()=>n,v4:()=>o});const n=""events"",i=""jserrors"",a=""browser/blobs"",o=""rum"",s=""browser/logs"",c={ajax:""ajax"",genericEvents:""generic_events"",jserrors:i,logging:""logging"",metrics:""metrics"",pageAction:""page_action"",pageViewEvent:""page_view_event"",pageViewTiming:""page_view_timing"",sessionReplay:""session_replay"",sessionTrace:""session_trace"",softNav:""soft_navigations"",spa:""spa""},d={[c.pageViewEvent]:1,[c.pageViewTiming]:2,[c.metrics]:3,[c.jserrors]:4,[c.spa]:5,[c.ajax]:6,[c.sessionTrace]:7,[c.softNav]:8,[c.sessionReplay]:9,[c.logging]:10,[c.genericEvents]:11},u={[c.pageViewEvent]:o,[c.pageViewTiming]:n,[c.ajax]:n,[c.spa]:n,[c.softNav]:n,[c.metrics]:i,[c.jserrors]:i,[c.sessionTrace]:a,[c.sessionReplay]:a,[c.logging]:s,[c.genericEvents]:""ins""}},944:(e,t,r)=>{""use strict"";r.d(t,{R:()=>i});var n=r(3241);function i(e,t){""function""==typeof console.debug&&(console.debug(""New Relic Warning: https://github.com/newrelic/newrelic-browser-agent/blob/main/docs/warning-codes.md#"".concat(e),t),(0,n.W)({agentIdentifier:null,drained:null,type:""data"",name:""warn"",feature:""warn"",data:{code:e,secondary:t}}))}},993:(e,t,r)=>{""use strict"";r.d(t,{A$:()=>a,ET:()=>o,TZ:()=>s,p_:()=>i});var n=r(860);const i={ERROR:""ERROR"",WARN:""WARN"",INFO:""INFO"",DEBUG:""DEBUG"",TRACE:""TRACE""},a={OFF:0,ERROR:1,WARN:2,INFO:3,DEBUG:4,TRACE:5},o=""log"",s=n.K7.logging},1687:(e,t,r)=>{""use strict"";r.d(t,{Ak:()=>d,Ze:()=>f,x3:()=>u});var n=r(3241),i=r(7836),a=r(3606),o=r(860),s=r(2646);const c={};function d(e,t){const r={staged:!1,priority:o.P3[t]||0};l(e),c[e].get(t)||c[e].set(t,r)}function u(e,t){e&&c[e]&&(c[e].get(t)&&c[e].delete(t),p(e,t,!1),c[e].size&&h(e))}function l(e){if(!e)throw new Error(""agentIdentifier required"");c[e]||(c[e]=new Map)}function f(e="""",t=""feature"",r=!1){if(l(e),!e||!c[e].get(t)||r)return p(e,t);c[e].get(t).staged=!0,h(e)}function h(e){const t=Array.from(c[e]);t.every(([e,t])=>t.staged)&&(t.sort((e,t)=>e[1].priority-t[1].priority),t.forEach(([t])=>{c[e].delete(t),p(e,t)}))}function p(e,t,r=!0){const o=e?i.ee.get(e):i.ee,c=a.i.handlers;if(!o.aborted&&o.backlog&&c){if((0,n.W)({agentIdentifier:e,type:""lifecycle"",name:""drain"",feature:t}),r){const e=o.backlog[t],r=c[t];if(r){for(let t=0;e&&t<e.length;++t)g(e[t],r);Object.entries(r).forEach(([e,t])=>{Object.values(t||{}).forEach(t=>{t[0]?.on&&t[0]?.context()instanceof s.y&&t[0].on(e,t[1])})})}}o.isolatedBacklog||delete c[t],o.backlog[t]=null,o.emit(""drain-""+t,[])}}function g(e,t){var r=e[1];Object.values(t[r]||{}).forEach(t=>{var r=e[0];if(t[0]===r){var n=t[1],i=e[3],a=e[2];n.apply(i,a)}})}},1741:(e,t,r)=>{""use strict"";r.d(t,{W:()=>a});var n=r(944),i=r(4261);class a{#e(e,...t){if(this[e]!==a.prototype[e])return this[e](...t);(0,n.R)(35,e)}addPageAction(e,t){return this.#e(i.hG,e,t)}register(e){return this.#e(i.eY,e)}recordCustomEvent(e,t){return this.#e(i.fF,e,t)}setPageViewName(e,t){return this.#e(i.Fw,e,t)}setCustomAttribute(e,t,r){return this.#e(i.cD,e,t,r)}noticeError(e,t){return this.#e(i.o5,e,t)}setUserId(e){return this.#e(i",success
rock,Teenagers,My Chemical Romance,The Black Parade,2:41,"2,175,328","24,882,486",https://www.last.fm/music/My+Chemical+Romance/_/Teenagers,"
<!DOCTYPE html>

<html class=""no-js playbar-masthead-release-shim youtube-provider-not-ready"" lang=""en"">
<head>
<meta charset=""utf-8""/>
<meta content=""IE=edge"" http-equiv=""X-UA-Compatible""/><script type=""text/javascript"">window.NREUM||(NREUM={});NREUM.info={""beacon"":""bam.nr-data.net"",""errorBeacon"":""bam.nr-data.net"",""licenseKey"":""0ed0ce50b0"",""applicationID"":""5588594"",""transactionName"":""Y1BRbUUFWkMEWxYMV1oadUxZB0BZClZNCV5ZG0RcVUpDRxIWAxVIRxteTEQNVx4TUQcSSxpWUk1WCFtXEF1YMUpVVlgXUAFA"",""queueTime"":0,""applicationTime"":787,""agent"":""""};
(window.NREUM||(NREUM={})).init={ajax:{deny_list:[""bam.nr-data.net""]}};(window.NREUM||(NREUM={})).loader_config={xpid:""UwYPV15QGwYFXFlXDgU="",licenseKey:""0ed0ce50b0"",applicationID:""5588594"",browserID:""5591142""};;/*! For license information please see nr-loader-full-1.302.0.min.js.LICENSE.txt */
(()=>{var e,t,r={384:(e,t,r)=>{""use strict"";r.d(t,{NT:()=>o,US:()=>u,Zm:()=>s,bQ:()=>d,dV:()=>c,pV:()=>l});var n=r(6154),i=r(1863),a=r(1910);const o={beacon:""bam.nr-data.net"",errorBeacon:""bam.nr-data.net""};function s(){return n.gm.NREUM||(n.gm.NREUM={}),void 0===n.gm.newrelic&&(n.gm.newrelic=n.gm.NREUM),n.gm.NREUM}function c(){let e=s();return e.o||(e.o={ST:n.gm.setTimeout,SI:n.gm.setImmediate||n.gm.setInterval,CT:n.gm.clearTimeout,XHR:n.gm.XMLHttpRequest,REQ:n.gm.Request,EV:n.gm.Event,PR:n.gm.Promise,MO:n.gm.MutationObserver,FETCH:n.gm.fetch,WS:n.gm.WebSocket},(0,a.i)(...Object.values(e.o))),e}function d(e,t){let r=s();r.initializedAgents??={},t.initializedAt={ms:(0,i.t)(),date:new Date},r.initializedAgents[e]=t}function u(e,t){s()[e]=t}function l(){return function(){let e=s();const t=e.info||{};e.info={beacon:o.beacon,errorBeacon:o.errorBeacon,...t}}(),function(){let e=s();const t=e.init||{};e.init={...t}}(),c(),function(){let e=s();const t=e.loader_config||{};e.loader_config={...t}}(),s()}},782:(e,t,r)=>{""use strict"";r.d(t,{T:()=>n});const n=r(860).K7.pageViewTiming},860:(e,t,r)=>{""use strict"";r.d(t,{$J:()=>u,K7:()=>c,P3:()=>d,XX:()=>i,Yy:()=>s,df:()=>a,qY:()=>n,v4:()=>o});const n=""events"",i=""jserrors"",a=""browser/blobs"",o=""rum"",s=""browser/logs"",c={ajax:""ajax"",genericEvents:""generic_events"",jserrors:i,logging:""logging"",metrics:""metrics"",pageAction:""page_action"",pageViewEvent:""page_view_event"",pageViewTiming:""page_view_timing"",sessionReplay:""session_replay"",sessionTrace:""session_trace"",softNav:""soft_navigations"",spa:""spa""},d={[c.pageViewEvent]:1,[c.pageViewTiming]:2,[c.metrics]:3,[c.jserrors]:4,[c.spa]:5,[c.ajax]:6,[c.sessionTrace]:7,[c.softNav]:8,[c.sessionReplay]:9,[c.logging]:10,[c.genericEvents]:11},u={[c.pageViewEvent]:o,[c.pageViewTiming]:n,[c.ajax]:n,[c.spa]:n,[c.softNav]:n,[c.metrics]:i,[c.jserrors]:i,[c.sessionTrace]:a,[c.sessionReplay]:a,[c.logging]:s,[c.genericEvents]:""ins""}},944:(e,t,r)=>{""use strict"";r.d(t,{R:()=>i});var n=r(3241);function i(e,t){""function""==typeof console.debug&&(console.debug(""New Relic Warning: https://github.com/newrelic/newrelic-browser-agent/blob/main/docs/warning-codes.md#"".concat(e),t),(0,n.W)({agentIdentifier:null,drained:null,type:""data"",name:""warn"",feature:""warn"",data:{code:e,secondary:t}}))}},993:(e,t,r)=>{""use strict"";r.d(t,{A$:()=>a,ET:()=>o,TZ:()=>s,p_:()=>i});var n=r(860);const i={ERROR:""ERROR"",WARN:""WARN"",INFO:""INFO"",DEBUG:""DEBUG"",TRACE:""TRACE""},a={OFF:0,ERROR:1,WARN:2,INFO:3,DEBUG:4,TRACE:5},o=""log"",s=n.K7.logging},1687:(e,t,r)=>{""use strict"";r.d(t,{Ak:()=>d,Ze:()=>f,x3:()=>u});var n=r(3241),i=r(7836),a=r(3606),o=r(860),s=r(2646);const c={};function d(e,t){const r={staged:!1,priority:o.P3[t]||0};l(e),c[e].get(t)||c[e].set(t,r)}function u(e,t){e&&c[e]&&(c[e].get(t)&&c[e].delete(t),p(e,t,!1),c[e].size&&h(e))}function l(e){if(!e)throw new Error(""agentIdentifier required"");c[e]||(c[e]=new Map)}function f(e="""",t=""feature"",r=!1){if(l(e),!e||!c[e].get(t)||r)return p(e,t);c[e].get(t).staged=!0,h(e)}function h(e){const t=Array.from(c[e]);t.every(([e,t])=>t.staged)&&(t.sort((e,t)=>e[1].priority-t[1].priority),t.forEach(([t])=>{c[e].delete(t),p(e,t)}))}function p(e,t,r=!0){const o=e?i.ee.get(e):i.ee,c=a.i.handlers;if(!o.aborted&&o.backlog&&c){if((0,n.W)({agentIdentifier:e,type:""lifecycle"",name:""drain"",feature:t}),r){const e=o.backlog[t],r=c[t];if(r){for(let t=0;e&&t<e.length;++t)g(e[t],r);Object.entries(r).forEach(([e,t])=>{Object.values(t||{}).forEach(t=>{t[0]?.on&&t[0]?.context()instanceof s.y&&t[0].on(e,t[1])})})}}o.isolatedBacklog||delete c[t],o.backlog[t]=null,o.emit(""drain-""+t,[])}}function g(e,t){var r=e[1];Object.values(t[r]||{}).forEach(t=>{var r=e[0];if(t[0]===r){var n=t[1],i=e[3],a=e[2];n.apply(i,a)}})}},1741:(e,t,r)=>{""use strict"";r.d(t,{W:()=>a});var n=r(944),i=r(4261);class a{#e(e,...t){if(this[e]!==a.prototype[e])return this[e](...t);(0,n.R)(35,e)}addPageAction(e,t){return this.#e(i.hG,e,t)}register(e){return this.#e(i.eY,e)}recordCustomEvent(e,t){return this.#e(i.fF,e,t)}setPageViewName(e,t){return this.#e(i.Fw,e,t)}setCustomAttribute(e,t,r){return this.#e(i.cD,e,t,r)}noticeError(e,t){return this.#e(i.o5,e,t)}setUserId(e){return this.#e(i.",success
rock,Sign of the Times,Harry Styles,Harry Styles,5:35,"1,263,424","16,016,213",https://www.last.fm/music/Harry+Styles/_/Sign+of+the+Times,"
<!DOCTYPE html>

<html class=""no-js playbar-masthead-release-shim youtube-provider-not-ready"" lang=""en"">
<head>
<meta charset=""utf-8""/>
<meta content=""IE=edge"" http-equiv=""X-UA-Compatible""/><script type=""text/javascript"">window.NREUM||(NREUM={});NREUM.info={""beacon"":""bam.nr-data.net"",""errorBeacon"":""bam.nr-data.net"",""licenseKey"":""0ed0ce50b0"",""applicationID"":""5588594"",""transactionName"":""Y1BRbUUFWkMEWxYMV1oadUxZB0BZClZNCV5ZG0RcVUpDRxIWAxVIRxteTEQNVx4TUQcSSxpWUk1WCFtXEF1YMUpVVlgXUAFA"",""queueTime"":0,""applicationTime"":581,""agent"":""""};
(window.NREUM||(NREUM={})).init={ajax:{deny_list:[""bam.nr-data.net""]}};(window.NREUM||(NREUM={})).loader_config={xpid:""UwYPV15QGwYFXFlXDgU="",licenseKey:""0ed0ce50b0"",applicationID:""5588594"",browserID:""5591142""};;/*! For license information please see nr-loader-full-1.302.0.min.js.LICENSE.txt */
(()=>{var e,t,r={384:(e,t,r)=>{""use strict"";r.d(t,{NT:()=>o,US:()=>u,Zm:()=>s,bQ:()=>d,dV:()=>c,pV:()=>l});var n=r(6154),i=r(1863),a=r(1910);const o={beacon:""bam.nr-data.net"",errorBeacon:""bam.nr-data.net""};function s(){return n.gm.NREUM||(n.gm.NREUM={}),void 0===n.gm.newrelic&&(n.gm.newrelic=n.gm.NREUM),n.gm.NREUM}function c(){let e=s();return e.o||(e.o={ST:n.gm.setTimeout,SI:n.gm.setImmediate||n.gm.setInterval,CT:n.gm.clearTimeout,XHR:n.gm.XMLHttpRequest,REQ:n.gm.Request,EV:n.gm.Event,PR:n.gm.Promise,MO:n.gm.MutationObserver,FETCH:n.gm.fetch,WS:n.gm.WebSocket},(0,a.i)(...Object.values(e.o))),e}function d(e,t){let r=s();r.initializedAgents??={},t.initializedAt={ms:(0,i.t)(),date:new Date},r.initializedAgents[e]=t}function u(e,t){s()[e]=t}function l(){return function(){let e=s();const t=e.info||{};e.info={beacon:o.beacon,errorBeacon:o.errorBeacon,...t}}(),function(){let e=s();const t=e.init||{};e.init={...t}}(),c(),function(){let e=s();const t=e.loader_config||{};e.loader_config={...t}}(),s()}},782:(e,t,r)=>{""use strict"";r.d(t,{T:()=>n});const n=r(860).K7.pageViewTiming},860:(e,t,r)=>{""use strict"";r.d(t,{$J:()=>u,K7:()=>c,P3:()=>d,XX:()=>i,Yy:()=>s,df:()=>a,qY:()=>n,v4:()=>o});const n=""events"",i=""jserrors"",a=""browser/blobs"",o=""rum"",s=""browser/logs"",c={ajax:""ajax"",genericEvents:""generic_events"",jserrors:i,logging:""logging"",metrics:""metrics"",pageAction:""page_action"",pageViewEvent:""page_view_event"",pageViewTiming:""page_view_timing"",sessionReplay:""session_replay"",sessionTrace:""session_trace"",softNav:""soft_navigations"",spa:""spa""},d={[c.pageViewEvent]:1,[c.pageViewTiming]:2,[c.metrics]:3,[c.jserrors]:4,[c.spa]:5,[c.ajax]:6,[c.sessionTrace]:7,[c.softNav]:8,[c.sessionReplay]:9,[c.logging]:10,[c.genericEvents]:11},u={[c.pageViewEvent]:o,[c.pageViewTiming]:n,[c.ajax]:n,[c.spa]:n,[c.softNav]:n,[c.metrics]:i,[c.jserrors]:i,[c.sessionTrace]:a,[c.sessionReplay]:a,[c.logging]:s,[c.genericEvents]:""ins""}},944:(e,t,r)=>{""use strict"";r.d(t,{R:()=>i});var n=r(3241);function i(e,t){""function""==typeof console.debug&&(console.debug(""New Relic Warning: https://github.com/newrelic/newrelic-browser-agent/blob/main/docs/warning-codes.md#"".concat(e),t),(0,n.W)({agentIdentifier:null,drained:null,type:""data"",name:""warn"",feature:""warn"",data:{code:e,secondary:t}}))}},993:(e,t,r)=>{""use strict"";r.d(t,{A$:()=>a,ET:()=>o,TZ:()=>s,p_:()=>i});var n=r(860);const i={ERROR:""ERROR"",WARN:""WARN"",INFO:""INFO"",DEBUG:""DEBUG"",TRACE:""TRACE""},a={OFF:0,ERROR:1,WARN:2,INFO:3,DEBUG:4,TRACE:5},o=""log"",s=n.K7.logging},1687:(e,t,r)=>{""use strict"";r.d(t,{Ak:()=>d,Ze:()=>f,x3:()=>u});var n=r(3241),i=r(7836),a=r(3606),o=r(860),s=r(2646);const c={};function d(e,t){const r={staged:!1,priority:o.P3[t]||0};l(e),c[e].get(t)||c[e].set(t,r)}function u(e,t){e&&c[e]&&(c[e].get(t)&&c[e].delete(t),p(e,t,!1),c[e].size&&h(e))}function l(e){if(!e)throw new Error(""agentIdentifier required"");c[e]||(c[e]=new Map)}function f(e="""",t=""feature"",r=!1){if(l(e),!e||!c[e].get(t)||r)return p(e,t);c[e].get(t).staged=!0,h(e)}function h(e){const t=Array.from(c[e]);t.every(([e,t])=>t.staged)&&(t.sort((e,t)=>e[1].priority-t[1].priority),t.forEach(([t])=>{c[e].delete(t),p(e,t)}))}function p(e,t,r=!0){const o=e?i.ee.get(e):i.ee,c=a.i.handlers;if(!o.aborted&&o.backlog&&c){if((0,n.W)({agentIdentifier:e,type:""lifecycle"",name:""drain"",feature:t}),r){const e=o.backlog[t],r=c[t];if(r){for(let t=0;e&&t<e.length;++t)g(e[t],r);Object.entries(r).forEach(([e,t])=>{Object.values(t||{}).forEach(t=>{t[0]?.on&&t[0]?.context()instanceof s.y&&t[0].on(e,t[1])})})}}o.isolatedBacklog||delete c[t],o.backlog[t]=null,o.emit(""drain-""+t,[])}}function g(e,t){var r=e[1];Object.values(t[r]||{}).forEach(t=>{var r=e[0];if(t[0]===r){var n=t[1],i=e[3],a=e[2];n.apply(i,a)}})}},1741:(e,t,r)=>{""use strict"";r.d(t,{W:()=>a});var n=r(944),i=r(4261);class a{#e(e,...t){if(this[e]!==a.prototype[e])return this[e](...t);(0,n.R)(35,e)}addPageAction(e,t){return this.#e(i.hG,e,t)}register(e){return this.#e(i.eY,e)}recordCustomEvent(e,t){return this.#e(i.fF,e,t)}setPageViewName(e,t){return this.#e(i.Fw,e,t)}setCustomAttribute(e,t,r){return this.#e(i.cD,e,t,r)}noticeError(e,t){return this.#e(i.o5,e,t)}setUserId(e){return this.#e(i.",success
rock,Helena,My Chemical Romance,May Death Never Stop You,3:24,"1,797,431","23,584,700",https://www.last.fm/music/My+Chemical+Romance/_/Helena,"
<!DOCTYPE html>

<html class=""no-js playbar-masthead-release-shim youtube-provider-not-ready"" lang=""en"">
<head>
<meta charset=""utf-8""/>
<meta content=""IE=edge"" http-equiv=""X-UA-Compatible""/><script type=""text/javascript"">window.NREUM||(NREUM={});NREUM.info={""beacon"":""bam.nr-data.net"",""errorBeacon"":""bam.nr-data.net"",""licenseKey"":""0ed0ce50b0"",""applicationID"":""5588594"",""transactionName"":""Y1BRbUUFWkMEWxYMV1oadUxZB0BZClZNCV5ZG0RcVUpDRxIWAxVIRxteTEQNVx4TUQcSSxpWUk1WCFtXEF1YMUpVVlgXUAFA"",""queueTime"":0,""applicationTime"":586,""agent"":""""};
(window.NREUM||(NREUM={})).init={ajax:{deny_list:[""bam.nr-data.net""]}};(window.NREUM||(NREUM={})).loader_config={xpid:""UwYPV15QGwYFXFlXDgU="",licenseKey:""0ed0ce50b0"",applicationID:""5588594"",browserID:""5591142""};;/*! For license information please see nr-loader-full-1.302.0.min.js.LICENSE.txt */
(()=>{var e,t,r={384:(e,t,r)=>{""use strict"";r.d(t,{NT:()=>o,US:()=>u,Zm:()=>s,bQ:()=>d,dV:()=>c,pV:()=>l});var n=r(6154),i=r(1863),a=r(1910);const o={beacon:""bam.nr-data.net"",errorBeacon:""bam.nr-data.net""};function s(){return n.gm.NREUM||(n.gm.NREUM={}),void 0===n.gm.newrelic&&(n.gm.newrelic=n.gm.NREUM),n.gm.NREUM}function c(){let e=s();return e.o||(e.o={ST:n.gm.setTimeout,SI:n.gm.setImmediate||n.gm.setInterval,CT:n.gm.clearTimeout,XHR:n.gm.XMLHttpRequest,REQ:n.gm.Request,EV:n.gm.Event,PR:n.gm.Promise,MO:n.gm.MutationObserver,FETCH:n.gm.fetch,WS:n.gm.WebSocket},(0,a.i)(...Object.values(e.o))),e}function d(e,t){let r=s();r.initializedAgents??={},t.initializedAt={ms:(0,i.t)(),date:new Date},r.initializedAgents[e]=t}function u(e,t){s()[e]=t}function l(){return function(){let e=s();const t=e.info||{};e.info={beacon:o.beacon,errorBeacon:o.errorBeacon,...t}}(),function(){let e=s();const t=e.init||{};e.init={...t}}(),c(),function(){let e=s();const t=e.loader_config||{};e.loader_config={...t}}(),s()}},782:(e,t,r)=>{""use strict"";r.d(t,{T:()=>n});const n=r(860).K7.pageViewTiming},860:(e,t,r)=>{""use strict"";r.d(t,{$J:()=>u,K7:()=>c,P3:()=>d,XX:()=>i,Yy:()=>s,df:()=>a,qY:()=>n,v4:()=>o});const n=""events"",i=""jserrors"",a=""browser/blobs"",o=""rum"",s=""browser/logs"",c={ajax:""ajax"",genericEvents:""generic_events"",jserrors:i,logging:""logging"",metrics:""metrics"",pageAction:""page_action"",pageViewEvent:""page_view_event"",pageViewTiming:""page_view_timing"",sessionReplay:""session_replay"",sessionTrace:""session_trace"",softNav:""soft_navigations"",spa:""spa""},d={[c.pageViewEvent]:1,[c.pageViewTiming]:2,[c.metrics]:3,[c.jserrors]:4,[c.spa]:5,[c.ajax]:6,[c.sessionTrace]:7,[c.softNav]:8,[c.sessionReplay]:9,[c.logging]:10,[c.genericEvents]:11},u={[c.pageViewEvent]:o,[c.pageViewTiming]:n,[c.ajax]:n,[c.spa]:n,[c.softNav]:n,[c.metrics]:i,[c.jserrors]:i,[c.sessionTrace]:a,[c.sessionReplay]:a,[c.logging]:s,[c.genericEvents]:""ins""}},944:(e,t,r)=>{""use strict"";r.d(t,{R:()=>i});var n=r(3241);function i(e,t){""function""==typeof console.debug&&(console.debug(""New Relic Warning: https://github.com/newrelic/newrelic-browser-agent/blob/main/docs/warning-codes.md#"".concat(e),t),(0,n.W)({agentIdentifier:null,drained:null,type:""data"",name:""warn"",feature:""warn"",data:{code:e,secondary:t}}))}},993:(e,t,r)=>{""use strict"";r.d(t,{A$:()=>a,ET:()=>o,TZ:()=>s,p_:()=>i});var n=r(860);const i={ERROR:""ERROR"",WARN:""WARN"",INFO:""INFO"",DEBUG:""DEBUG"",TRACE:""TRACE""},a={OFF:0,ERROR:1,WARN:2,INFO:3,DEBUG:4,TRACE:5},o=""log"",s=n.K7.logging},1687:(e,t,r)=>{""use strict"";r.d(t,{Ak:()=>d,Ze:()=>f,x3:()=>u});var n=r(3241),i=r(7836),a=r(3606),o=r(860),s=r(2646);const c={};function d(e,t){const r={staged:!1,priority:o.P3[t]||0};l(e),c[e].get(t)||c[e].set(t,r)}function u(e,t){e&&c[e]&&(c[e].get(t)&&c[e].delete(t),p(e,t,!1),c[e].size&&h(e))}function l(e){if(!e)throw new Error(""agentIdentifier required"");c[e]||(c[e]=new Map)}function f(e="""",t=""feature"",r=!1){if(l(e),!e||!c[e].get(t)||r)return p(e,t);c[e].get(t).staged=!0,h(e)}function h(e){const t=Array.from(c[e]);t.every(([e,t])=>t.staged)&&(t.sort((e,t)=>e[1].priority-t[1].priority),t.forEach(([t])=>{c[e].delete(t),p(e,t)}))}function p(e,t,r=!0){const o=e?i.ee.get(e):i.ee,c=a.i.handlers;if(!o.aborted&&o.backlog&&c){if((0,n.W)({agentIdentifier:e,type:""lifecycle"",name:""drain"",feature:t}),r){const e=o.backlog[t],r=c[t];if(r){for(let t=0;e&&t<e.length;++t)g(e[t],r);Object.entries(r).forEach(([e,t])=>{Object.values(t||{}).forEach(t=>{t[0]?.on&&t[0]?.context()instanceof s.y&&t[0].on(e,t[1])})})}}o.isolatedBacklog||delete c[t],o.backlog[t]=null,o.emit(""drain-""+t,[])}}function g(e,t){var r=e[1];Object.values(t[r]||{}).forEach(t=>{var r=e[0];if(t[0]===r){var n=t[1],i=e[3],a=e[2];n.apply(i,a)}})}},1741:(e,t,r)=>{""use strict"";r.d(t,{W:()=>a});var n=r(944),i=r(4261);class a{#e(e,...t){if(this[e]!==a.prototype[e])return this[e](...t);(0,n.R)(35,e)}addPageAction(e,t){return this.#e(i.hG,e,t)}register(e){return this.#e(i.eY,e)}recordCustomEvent(e,t){return this.#e(i.fF,e,t)}setPageViewName(e,t){return this.#e(i.Fw,e,t)}setCustomAttribute(e,t,r){return this.#e(i.cD,e,t,r)}noticeError(e,t){return this.#e(i.o5,e,t)}setUserId(e){return this.#e(i.",success
rock,How You Remind Me,Nickelback,Silver Side Up,3:44,"1,805,562","14,881,356",https://www.last.fm/music/Nickelback/_/How+You+Remind+Me,"
<!DOCTYPE html>

<html class=""no-js playbar-masthead-release-shim youtube-provider-not-ready"" lang=""en"">
<head>
<meta charset=""utf-8""/>
<meta content=""IE=edge"" http-equiv=""X-UA-Compatible""/><script type=""text/javascript"">window.NREUM||(NREUM={});NREUM.info={""beacon"":""bam.nr-data.net"",""errorBeacon"":""bam.nr-data.net"",""licenseKey"":""0ed0ce50b0"",""applicationID"":""5588594"",""transactionName"":""Y1BRbUUFWkMEWxYMV1oadUxZB0BZClZNCV5ZG0RcVUpDRxIWAxVIRxteTEQNVx4TUQcSSxpWUk1WCFtXEF1YMUpVVlgXUAFA"",""queueTime"":0,""applicationTime"":902,""agent"":""""};
(window.NREUM||(NREUM={})).init={ajax:{deny_list:[""bam.nr-data.net""]}};(window.NREUM||(NREUM={})).loader_config={xpid:""UwYPV15QGwYFXFlXDgU="",licenseKey:""0ed0ce50b0"",applicationID:""5588594"",browserID:""5591142""};;/*! For license information please see nr-loader-full-1.302.0.min.js.LICENSE.txt */
(()=>{var e,t,r={384:(e,t,r)=>{""use strict"";r.d(t,{NT:()=>o,US:()=>u,Zm:()=>s,bQ:()=>d,dV:()=>c,pV:()=>l});var n=r(6154),i=r(1863),a=r(1910);const o={beacon:""bam.nr-data.net"",errorBeacon:""bam.nr-data.net""};function s(){return n.gm.NREUM||(n.gm.NREUM={}),void 0===n.gm.newrelic&&(n.gm.newrelic=n.gm.NREUM),n.gm.NREUM}function c(){let e=s();return e.o||(e.o={ST:n.gm.setTimeout,SI:n.gm.setImmediate||n.gm.setInterval,CT:n.gm.clearTimeout,XHR:n.gm.XMLHttpRequest,REQ:n.gm.Request,EV:n.gm.Event,PR:n.gm.Promise,MO:n.gm.MutationObserver,FETCH:n.gm.fetch,WS:n.gm.WebSocket},(0,a.i)(...Object.values(e.o))),e}function d(e,t){let r=s();r.initializedAgents??={},t.initializedAt={ms:(0,i.t)(),date:new Date},r.initializedAgents[e]=t}function u(e,t){s()[e]=t}function l(){return function(){let e=s();const t=e.info||{};e.info={beacon:o.beacon,errorBeacon:o.errorBeacon,...t}}(),function(){let e=s();const t=e.init||{};e.init={...t}}(),c(),function(){let e=s();const t=e.loader_config||{};e.loader_config={...t}}(),s()}},782:(e,t,r)=>{""use strict"";r.d(t,{T:()=>n});const n=r(860).K7.pageViewTiming},860:(e,t,r)=>{""use strict"";r.d(t,{$J:()=>u,K7:()=>c,P3:()=>d,XX:()=>i,Yy:()=>s,df:()=>a,qY:()=>n,v4:()=>o});const n=""events"",i=""jserrors"",a=""browser/blobs"",o=""rum"",s=""browser/logs"",c={ajax:""ajax"",genericEvents:""generic_events"",jserrors:i,logging:""logging"",metrics:""metrics"",pageAction:""page_action"",pageViewEvent:""page_view_event"",pageViewTiming:""page_view_timing"",sessionReplay:""session_replay"",sessionTrace:""session_trace"",softNav:""soft_navigations"",spa:""spa""},d={[c.pageViewEvent]:1,[c.pageViewTiming]:2,[c.metrics]:3,[c.jserrors]:4,[c.spa]:5,[c.ajax]:6,[c.sessionTrace]:7,[c.softNav]:8,[c.sessionReplay]:9,[c.logging]:10,[c.genericEvents]:11},u={[c.pageViewEvent]:o,[c.pageViewTiming]:n,[c.ajax]:n,[c.spa]:n,[c.softNav]:n,[c.metrics]:i,[c.jserrors]:i,[c.sessionTrace]:a,[c.sessionReplay]:a,[c.logging]:s,[c.genericEvents]:""ins""}},944:(e,t,r)=>{""use strict"";r.d(t,{R:()=>i});var n=r(3241);function i(e,t){""function""==typeof console.debug&&(console.debug(""New Relic Warning: https://github.com/newrelic/newrelic-browser-agent/blob/main/docs/warning-codes.md#"".concat(e),t),(0,n.W)({agentIdentifier:null,drained:null,type:""data"",name:""warn"",feature:""warn"",data:{code:e,secondary:t}}))}},993:(e,t,r)=>{""use strict"";r.d(t,{A$:()=>a,ET:()=>o,TZ:()=>s,p_:()=>i});var n=r(860);const i={ERROR:""ERROR"",WARN:""WARN"",INFO:""INFO"",DEBUG:""DEBUG"",TRACE:""TRACE""},a={OFF:0,ERROR:1,WARN:2,INFO:3,DEBUG:4,TRACE:5},o=""log"",s=n.K7.logging},1687:(e,t,r)=>{""use strict"";r.d(t,{Ak:()=>d,Ze:()=>f,x3:()=>u});var n=r(3241),i=r(7836),a=r(3606),o=r(860),s=r(2646);const c={};function d(e,t){const r={staged:!1,priority:o.P3[t]||0};l(e),c[e].get(t)||c[e].set(t,r)}function u(e,t){e&&c[e]&&(c[e].get(t)&&c[e].delete(t),p(e,t,!1),c[e].size&&h(e))}function l(e){if(!e)throw new Error(""agentIdentifier required"");c[e]||(c[e]=new Map)}function f(e="""",t=""feature"",r=!1){if(l(e),!e||!c[e].get(t)||r)return p(e,t);c[e].get(t).staged=!0,h(e)}function h(e){const t=Array.from(c[e]);t.every(([e,t])=>t.staged)&&(t.sort((e,t)=>e[1].priority-t[1].priority),t.forEach(([t])=>{c[e].delete(t),p(e,t)}))}function p(e,t,r=!0){const o=e?i.ee.get(e):i.ee,c=a.i.handlers;if(!o.aborted&&o.backlog&&c){if((0,n.W)({agentIdentifier:e,type:""lifecycle"",name:""drain"",feature:t}),r){const e=o.backlog[t],r=c[t];if(r){for(let t=0;e&&t<e.length;++t)g(e[t],r);Object.entries(r).forEach(([e,t])=>{Object.values(t||{}).forEach(t=>{t[0]?.on&&t[0]?.context()instanceof s.y&&t[0].on(e,t[1])})})}}o.isolatedBacklog||delete c[t],o.backlog[t]=null,o.emit(""drain-""+t,[])}}function g(e,t){var r=e[1];Object.values(t[r]||{}).forEach(t=>{var r=e[0];if(t[0]===r){var n=t[1],i=e[3],a=e[2];n.apply(i,a)}})}},1741:(e,t,r)=>{""use strict"";r.d(t,{W:()=>a});var n=r(944),i=r(4261);class a{#e(e,...t){if(this[e]!==a.prototype[e])return this[e](...t);(0,n.R)(35,e)}addPageAction(e,t){return this.#e(i.hG,e,t)}register(e){return this.#e(i.eY,e)}recordCustomEvent(e,t){return this.#e(i.fF,e,t)}setPageViewName(e,t){return this.#e(i.Fw,e,t)}setCustomAttribute(e,t,r){return this.#e(i.cD,e,t,r)}noticeError(e,t){return this.#e(i.o5,e,t)}setUserId(e){return this.#e(i.",success
rock,Every Breath You Take,The Police,The Very Best of Sting and The Police,4:14,"2,550,208","22,323,188",https://www.last.fm/music/The+Police/_/Every+Breath+You+Take,"
<!DOCTYPE html>

<html class=""no-js playbar-masthead-release-shim youtube-provider-not-ready"" lang=""en"">
<head>
<meta charset=""utf-8""/>
<meta content=""IE=edge"" http-equiv=""X-UA-Compatible""/><script type=""text/javascript"">window.NREUM||(NREUM={});NREUM.info={""beacon"":""bam.nr-data.net"",""errorBeacon"":""bam.nr-data.net"",""licenseKey"":""0ed0ce50b0"",""applicationID"":""5588594"",""transactionName"":""Y1BRbUUFWkMEWxYMV1oadUxZB0BZClZNCV5ZG0RcVUpDRxIWAxVIRxteTEQNVx4TUQcSSxpWUk1WCFtXEF1YMUpVVlgXUAFA"",""queueTime"":0,""applicationTime"":875,""agent"":""""};
(window.NREUM||(NREUM={})).init={ajax:{deny_list:[""bam.nr-data.net""]}};(window.NREUM||(NREUM={})).loader_config={xpid:""UwYPV15QGwYFXFlXDgU="",licenseKey:""0ed0ce50b0"",applicationID:""5588594"",browserID:""5591142""};;/*! For license information please see nr-loader-full-1.302.0.min.js.LICENSE.txt */
(()=>{var e,t,r={384:(e,t,r)=>{""use strict"";r.d(t,{NT:()=>o,US:()=>u,Zm:()=>s,bQ:()=>d,dV:()=>c,pV:()=>l});var n=r(6154),i=r(1863),a=r(1910);const o={beacon:""bam.nr-data.net"",errorBeacon:""bam.nr-data.net""};function s(){return n.gm.NREUM||(n.gm.NREUM={}),void 0===n.gm.newrelic&&(n.gm.newrelic=n.gm.NREUM),n.gm.NREUM}function c(){let e=s();return e.o||(e.o={ST:n.gm.setTimeout,SI:n.gm.setImmediate||n.gm.setInterval,CT:n.gm.clearTimeout,XHR:n.gm.XMLHttpRequest,REQ:n.gm.Request,EV:n.gm.Event,PR:n.gm.Promise,MO:n.gm.MutationObserver,FETCH:n.gm.fetch,WS:n.gm.WebSocket},(0,a.i)(...Object.values(e.o))),e}function d(e,t){let r=s();r.initializedAgents??={},t.initializedAt={ms:(0,i.t)(),date:new Date},r.initializedAgents[e]=t}function u(e,t){s()[e]=t}function l(){return function(){let e=s();const t=e.info||{};e.info={beacon:o.beacon,errorBeacon:o.errorBeacon,...t}}(),function(){let e=s();const t=e.init||{};e.init={...t}}(),c(),function(){let e=s();const t=e.loader_config||{};e.loader_config={...t}}(),s()}},782:(e,t,r)=>{""use strict"";r.d(t,{T:()=>n});const n=r(860).K7.pageViewTiming},860:(e,t,r)=>{""use strict"";r.d(t,{$J:()=>u,K7:()=>c,P3:()=>d,XX:()=>i,Yy:()=>s,df:()=>a,qY:()=>n,v4:()=>o});const n=""events"",i=""jserrors"",a=""browser/blobs"",o=""rum"",s=""browser/logs"",c={ajax:""ajax"",genericEvents:""generic_events"",jserrors:i,logging:""logging"",metrics:""metrics"",pageAction:""page_action"",pageViewEvent:""page_view_event"",pageViewTiming:""page_view_timing"",sessionReplay:""session_replay"",sessionTrace:""session_trace"",softNav:""soft_navigations"",spa:""spa""},d={[c.pageViewEvent]:1,[c.pageViewTiming]:2,[c.metrics]:3,[c.jserrors]:4,[c.spa]:5,[c.ajax]:6,[c.sessionTrace]:7,[c.softNav]:8,[c.sessionReplay]:9,[c.logging]:10,[c.genericEvents]:11},u={[c.pageViewEvent]:o,[c.pageViewTiming]:n,[c.ajax]:n,[c.spa]:n,[c.softNav]:n,[c.metrics]:i,[c.jserrors]:i,[c.sessionTrace]:a,[c.sessionReplay]:a,[c.logging]:s,[c.genericEvents]:""ins""}},944:(e,t,r)=>{""use strict"";r.d(t,{R:()=>i});var n=r(3241);function i(e,t){""function""==typeof console.debug&&(console.debug(""New Relic Warning: https://github.com/newrelic/newrelic-browser-agent/blob/main/docs/warning-codes.md#"".concat(e),t),(0,n.W)({agentIdentifier:null,drained:null,type:""data"",name:""warn"",feature:""warn"",data:{code:e,secondary:t}}))}},993:(e,t,r)=>{""use strict"";r.d(t,{A$:()=>a,ET:()=>o,TZ:()=>s,p_:()=>i});var n=r(860);const i={ERROR:""ERROR"",WARN:""WARN"",INFO:""INFO"",DEBUG:""DEBUG"",TRACE:""TRACE""},a={OFF:0,ERROR:1,WARN:2,INFO:3,DEBUG:4,TRACE:5},o=""log"",s=n.K7.logging},1687:(e,t,r)=>{""use strict"";r.d(t,{Ak:()=>d,Ze:()=>f,x3:()=>u});var n=r(3241),i=r(7836),a=r(3606),o=r(860),s=r(2646);const c={};function d(e,t){const r={staged:!1,priority:o.P3[t]||0};l(e),c[e].get(t)||c[e].set(t,r)}function u(e,t){e&&c[e]&&(c[e].get(t)&&c[e].delete(t),p(e,t,!1),c[e].size&&h(e))}function l(e){if(!e)throw new Error(""agentIdentifier required"");c[e]||(c[e]=new Map)}function f(e="""",t=""feature"",r=!1){if(l(e),!e||!c[e].get(t)||r)return p(e,t);c[e].get(t).staged=!0,h(e)}function h(e){const t=Array.from(c[e]);t.every(([e,t])=>t.staged)&&(t.sort((e,t)=>e[1].priority-t[1].priority),t.forEach(([t])=>{c[e].delete(t),p(e,t)}))}function p(e,t,r=!0){const o=e?i.ee.get(e):i.ee,c=a.i.handlers;if(!o.aborted&&o.backlog&&c){if((0,n.W)({agentIdentifier:e,type:""lifecycle"",name:""drain"",feature:t}),r){const e=o.backlog[t],r=c[t];if(r){for(let t=0;e&&t<e.length;++t)g(e[t],r);Object.entries(r).forEach(([e,t])=>{Object.values(t||{}).forEach(t=>{t[0]?.on&&t[0]?.context()instanceof s.y&&t[0].on(e,t[1])})})}}o.isolatedBacklog||delete c[t],o.backlog[t]=null,o.emit(""drain-""+t,[])}}function g(e,t){var r=e[1];Object.values(t[r]||{}).forEach(t=>{var r=e[0];if(t[0]===r){var n=t[1],i=e[3],a=e[2];n.apply(i,a)}})}},1741:(e,t,r)=>{""use strict"";r.d(t,{W:()=>a});var n=r(944),i=r(4261);class a{#e(e,...t){if(this[e]!==a.prototype[e])return this[e](...t);(0,n.R)(35,e)}addPageAction(e,t){return this.#e(i.hG,e,t)}register(e){return this.#e(i.eY,e)}recordCustomEvent(e,t){return this.#e(i.fF,e,t)}setPageViewName(e,t){return this.#e(i.Fw,e,t)}setCustomAttribute(e,t,r){return this.#e(i.cD,e,t,r)}noticeError(e,t){return this.#e(i.o5,e,t)}setUserId(e){return this.#e(i.",success
rock,I Hate Everything About You,Three Days Grace,Three Days Grace,3:50,"2,008,905","20,369,273",https://www.last.fm/music/Three+Days+Grace/_/I+Hate+Everything+About+You,"
<!DOCTYPE html>

<html class=""no-js playbar-masthead-release-shim youtube-provider-not-ready"" lang=""en"">
<head>
<meta charset=""utf-8""/>
<meta content=""IE=edge"" http-equiv=""X-UA-Compatible""/><script type=""text/javascript"">window.NREUM||(NREUM={});NREUM.info={""beacon"":""bam.nr-data.net"",""errorBeacon"":""bam.nr-data.net"",""licenseKey"":""0ed0ce50b0"",""applicationID"":""5588594"",""transactionName"":""Y1BRbUUFWkMEWxYMV1oadUxZB0BZClZNCV5ZG0RcVUpDRxIWAxVIRxteTEQNVx4TUQcSSxpWUk1WCFtXEF1YMUpVVlgXUAFA"",""queueTime"":0,""applicationTime"":705,""agent"":""""};
(window.NREUM||(NREUM={})).init={ajax:{deny_list:[""bam.nr-data.net""]}};(window.NREUM||(NREUM={})).loader_config={xpid:""UwYPV15QGwYFXFlXDgU="",licenseKey:""0ed0ce50b0"",applicationID:""5588594"",browserID:""5591142""};;/*! For license information please see nr-loader-full-1.302.0.min.js.LICENSE.txt */
(()=>{var e,t,r={384:(e,t,r)=>{""use strict"";r.d(t,{NT:()=>o,US:()=>u,Zm:()=>s,bQ:()=>d,dV:()=>c,pV:()=>l});var n=r(6154),i=r(1863),a=r(1910);const o={beacon:""bam.nr-data.net"",errorBeacon:""bam.nr-data.net""};function s(){return n.gm.NREUM||(n.gm.NREUM={}),void 0===n.gm.newrelic&&(n.gm.newrelic=n.gm.NREUM),n.gm.NREUM}function c(){let e=s();return e.o||(e.o={ST:n.gm.setTimeout,SI:n.gm.setImmediate||n.gm.setInterval,CT:n.gm.clearTimeout,XHR:n.gm.XMLHttpRequest,REQ:n.gm.Request,EV:n.gm.Event,PR:n.gm.Promise,MO:n.gm.MutationObserver,FETCH:n.gm.fetch,WS:n.gm.WebSocket},(0,a.i)(...Object.values(e.o))),e}function d(e,t){let r=s();r.initializedAgents??={},t.initializedAt={ms:(0,i.t)(),date:new Date},r.initializedAgents[e]=t}function u(e,t){s()[e]=t}function l(){return function(){let e=s();const t=e.info||{};e.info={beacon:o.beacon,errorBeacon:o.errorBeacon,...t}}(),function(){let e=s();const t=e.init||{};e.init={...t}}(),c(),function(){let e=s();const t=e.loader_config||{};e.loader_config={...t}}(),s()}},782:(e,t,r)=>{""use strict"";r.d(t,{T:()=>n});const n=r(860).K7.pageViewTiming},860:(e,t,r)=>{""use strict"";r.d(t,{$J:()=>u,K7:()=>c,P3:()=>d,XX:()=>i,Yy:()=>s,df:()=>a,qY:()=>n,v4:()=>o});const n=""events"",i=""jserrors"",a=""browser/blobs"",o=""rum"",s=""browser/logs"",c={ajax:""ajax"",genericEvents:""generic_events"",jserrors:i,logging:""logging"",metrics:""metrics"",pageAction:""page_action"",pageViewEvent:""page_view_event"",pageViewTiming:""page_view_timing"",sessionReplay:""session_replay"",sessionTrace:""session_trace"",softNav:""soft_navigations"",spa:""spa""},d={[c.pageViewEvent]:1,[c.pageViewTiming]:2,[c.metrics]:3,[c.jserrors]:4,[c.spa]:5,[c.ajax]:6,[c.sessionTrace]:7,[c.softNav]:8,[c.sessionReplay]:9,[c.logging]:10,[c.genericEvents]:11},u={[c.pageViewEvent]:o,[c.pageViewTiming]:n,[c.ajax]:n,[c.spa]:n,[c.softNav]:n,[c.metrics]:i,[c.jserrors]:i,[c.sessionTrace]:a,[c.sessionReplay]:a,[c.logging]:s,[c.genericEvents]:""ins""}},944:(e,t,r)=>{""use strict"";r.d(t,{R:()=>i});var n=r(3241);function i(e,t){""function""==typeof console.debug&&(console.debug(""New Relic Warning: https://github.com/newrelic/newrelic-browser-agent/blob/main/docs/warning-codes.md#"".concat(e),t),(0,n.W)({agentIdentifier:null,drained:null,type:""data"",name:""warn"",feature:""warn"",data:{code:e,secondary:t}}))}},993:(e,t,r)=>{""use strict"";r.d(t,{A$:()=>a,ET:()=>o,TZ:()=>s,p_:()=>i});var n=r(860);const i={ERROR:""ERROR"",WARN:""WARN"",INFO:""INFO"",DEBUG:""DEBUG"",TRACE:""TRACE""},a={OFF:0,ERROR:1,WARN:2,INFO:3,DEBUG:4,TRACE:5},o=""log"",s=n.K7.logging},1687:(e,t,r)=>{""use strict"";r.d(t,{Ak:()=>d,Ze:()=>f,x3:()=>u});var n=r(3241),i=r(7836),a=r(3606),o=r(860),s=r(2646);const c={};function d(e,t){const r={staged:!1,priority:o.P3[t]||0};l(e),c[e].get(t)||c[e].set(t,r)}function u(e,t){e&&c[e]&&(c[e].get(t)&&c[e].delete(t),p(e,t,!1),c[e].size&&h(e))}function l(e){if(!e)throw new Error(""agentIdentifier required"");c[e]||(c[e]=new Map)}function f(e="""",t=""feature"",r=!1){if(l(e),!e||!c[e].get(t)||r)return p(e,t);c[e].get(t).staged=!0,h(e)}function h(e){const t=Array.from(c[e]);t.every(([e,t])=>t.staged)&&(t.sort((e,t)=>e[1].priority-t[1].priority),t.forEach(([t])=>{c[e].delete(t),p(e,t)}))}function p(e,t,r=!0){const o=e?i.ee.get(e):i.ee,c=a.i.handlers;if(!o.aborted&&o.backlog&&c){if((0,n.W)({agentIdentifier:e,type:""lifecycle"",name:""drain"",feature:t}),r){const e=o.backlog[t],r=c[t];if(r){for(let t=0;e&&t<e.length;++t)g(e[t],r);Object.entries(r).forEach(([e,t])=>{Object.values(t||{}).forEach(t=>{t[0]?.on&&t[0]?.context()instanceof s.y&&t[0].on(e,t[1])})})}}o.isolatedBacklog||delete c[t],o.backlog[t]=null,o.emit(""drain-""+t,[])}}function g(e,t){var r=e[1];Object.values(t[r]||{}).forEach(t=>{var r=e[0];if(t[0]===r){var n=t[1],i=e[3],a=e[2];n.apply(i,a)}})}},1741:(e,t,r)=>{""use strict"";r.d(t,{W:()=>a});var n=r(944),i=r(4261);class a{#e(e,...t){if(this[e]!==a.prototype[e])return this[e](...t);(0,n.R)(35,e)}addPageAction(e,t){return this.#e(i.hG,e,t)}register(e){return this.#e(i.eY,e)}recordCustomEvent(e,t){return this.#e(i.fF,e,t)}setPageViewName(e,t){return this.#e(i.Fw,e,t)}setCustomAttribute(e,t,r){return this.#e(i.cD,e,t,r)}noticeError(e,t){return this.#e(i.o5,e,t)}setUserId(e){return this.#e(i.",success
rock,Somewhere I Belong,Linkin Park,Meteora,5:33,"1,817,050","19,228,524",https://www.last.fm/music/Linkin+Park/_/Somewhere+I+Belong,"
<!DOCTYPE html>

<html class=""no-js playbar-masthead-release-shim youtube-provider-not-ready"" lang=""en"">
<head>
<meta charset=""utf-8""/>
<meta content=""IE=edge"" http-equiv=""X-UA-Compatible""/><script type=""text/javascript"">window.NREUM||(NREUM={});NREUM.info={""beacon"":""bam.nr-data.net"",""errorBeacon"":""bam.nr-data.net"",""licenseKey"":""0ed0ce50b0"",""applicationID"":""5588594"",""transactionName"":""Y1BRbUUFWkMEWxYMV1oadUxZB0BZClZNCV5ZG0RcVUpDRxIWAxVIRxteTEQNVx4TUQcSSxpWUk1WCFtXEF1YMUpVVlgXUAFA"",""queueTime"":0,""applicationTime"":904,""agent"":""""};
(window.NREUM||(NREUM={})).init={ajax:{deny_list:[""bam.nr-data.net""]}};(window.NREUM||(NREUM={})).loader_config={xpid:""UwYPV15QGwYFXFlXDgU="",licenseKey:""0ed0ce50b0"",applicationID:""5588594"",browserID:""5591142""};;/*! For license information please see nr-loader-full-1.302.0.min.js.LICENSE.txt */
(()=>{var e,t,r={384:(e,t,r)=>{""use strict"";r.d(t,{NT:()=>o,US:()=>u,Zm:()=>s,bQ:()=>d,dV:()=>c,pV:()=>l});var n=r(6154),i=r(1863),a=r(1910);const o={beacon:""bam.nr-data.net"",errorBeacon:""bam.nr-data.net""};function s(){return n.gm.NREUM||(n.gm.NREUM={}),void 0===n.gm.newrelic&&(n.gm.newrelic=n.gm.NREUM),n.gm.NREUM}function c(){let e=s();return e.o||(e.o={ST:n.gm.setTimeout,SI:n.gm.setImmediate||n.gm.setInterval,CT:n.gm.clearTimeout,XHR:n.gm.XMLHttpRequest,REQ:n.gm.Request,EV:n.gm.Event,PR:n.gm.Promise,MO:n.gm.MutationObserver,FETCH:n.gm.fetch,WS:n.gm.WebSocket},(0,a.i)(...Object.values(e.o))),e}function d(e,t){let r=s();r.initializedAgents??={},t.initializedAt={ms:(0,i.t)(),date:new Date},r.initializedAgents[e]=t}function u(e,t){s()[e]=t}function l(){return function(){let e=s();const t=e.info||{};e.info={beacon:o.beacon,errorBeacon:o.errorBeacon,...t}}(),function(){let e=s();const t=e.init||{};e.init={...t}}(),c(),function(){let e=s();const t=e.loader_config||{};e.loader_config={...t}}(),s()}},782:(e,t,r)=>{""use strict"";r.d(t,{T:()=>n});const n=r(860).K7.pageViewTiming},860:(e,t,r)=>{""use strict"";r.d(t,{$J:()=>u,K7:()=>c,P3:()=>d,XX:()=>i,Yy:()=>s,df:()=>a,qY:()=>n,v4:()=>o});const n=""events"",i=""jserrors"",a=""browser/blobs"",o=""rum"",s=""browser/logs"",c={ajax:""ajax"",genericEvents:""generic_events"",jserrors:i,logging:""logging"",metrics:""metrics"",pageAction:""page_action"",pageViewEvent:""page_view_event"",pageViewTiming:""page_view_timing"",sessionReplay:""session_replay"",sessionTrace:""session_trace"",softNav:""soft_navigations"",spa:""spa""},d={[c.pageViewEvent]:1,[c.pageViewTiming]:2,[c.metrics]:3,[c.jserrors]:4,[c.spa]:5,[c.ajax]:6,[c.sessionTrace]:7,[c.softNav]:8,[c.sessionReplay]:9,[c.logging]:10,[c.genericEvents]:11},u={[c.pageViewEvent]:o,[c.pageViewTiming]:n,[c.ajax]:n,[c.spa]:n,[c.softNav]:n,[c.metrics]:i,[c.jserrors]:i,[c.sessionTrace]:a,[c.sessionReplay]:a,[c.logging]:s,[c.genericEvents]:""ins""}},944:(e,t,r)=>{""use strict"";r.d(t,{R:()=>i});var n=r(3241);function i(e,t){""function""==typeof console.debug&&(console.debug(""New Relic Warning: https://github.com/newrelic/newrelic-browser-agent/blob/main/docs/warning-codes.md#"".concat(e),t),(0,n.W)({agentIdentifier:null,drained:null,type:""data"",name:""warn"",feature:""warn"",data:{code:e,secondary:t}}))}},993:(e,t,r)=>{""use strict"";r.d(t,{A$:()=>a,ET:()=>o,TZ:()=>s,p_:()=>i});var n=r(860);const i={ERROR:""ERROR"",WARN:""WARN"",INFO:""INFO"",DEBUG:""DEBUG"",TRACE:""TRACE""},a={OFF:0,ERROR:1,WARN:2,INFO:3,DEBUG:4,TRACE:5},o=""log"",s=n.K7.logging},1687:(e,t,r)=>{""use strict"";r.d(t,{Ak:()=>d,Ze:()=>f,x3:()=>u});var n=r(3241),i=r(7836),a=r(3606),o=r(860),s=r(2646);const c={};function d(e,t){const r={staged:!1,priority:o.P3[t]||0};l(e),c[e].get(t)||c[e].set(t,r)}function u(e,t){e&&c[e]&&(c[e].get(t)&&c[e].delete(t),p(e,t,!1),c[e].size&&h(e))}function l(e){if(!e)throw new Error(""agentIdentifier required"");c[e]||(c[e]=new Map)}function f(e="""",t=""feature"",r=!1){if(l(e),!e||!c[e].get(t)||r)return p(e,t);c[e].get(t).staged=!0,h(e)}function h(e){const t=Array.from(c[e]);t.every(([e,t])=>t.staged)&&(t.sort((e,t)=>e[1].priority-t[1].priority),t.forEach(([t])=>{c[e].delete(t),p(e,t)}))}function p(e,t,r=!0){const o=e?i.ee.get(e):i.ee,c=a.i.handlers;if(!o.aborted&&o.backlog&&c){if((0,n.W)({agentIdentifier:e,type:""lifecycle"",name:""drain"",feature:t}),r){const e=o.backlog[t],r=c[t];if(r){for(let t=0;e&&t<e.length;++t)g(e[t],r);Object.entries(r).forEach(([e,t])=>{Object.values(t||{}).forEach(t=>{t[0]?.on&&t[0]?.context()instanceof s.y&&t[0].on(e,t[1])})})}}o.isolatedBacklog||delete c[t],o.backlog[t]=null,o.emit(""drain-""+t,[])}}function g(e,t){var r=e[1];Object.values(t[r]||{}).forEach(t=>{var r=e[0];if(t[0]===r){var n=t[1],i=e[3],a=e[2];n.apply(i,a)}})}},1741:(e,t,r)=>{""use strict"";r.d(t,{W:()=>a});var n=r(944),i=r(4261);class a{#e(e,...t){if(this[e]!==a.prototype[e])return this[e](...t);(0,n.R)(35,e)}addPageAction(e,t){return this.#e(i.hG,e,t)}register(e){return this.#e(i.eY,e)}recordCustomEvent(e,t){return this.#e(i.fF,e,t)}setPageViewName(e,t){return this.#e(i.Fw,e,t)}setCustomAttribute(e,t,r){return this.#e(i.cD,e,t,r)}noticeError(e,t){return this.#e(i.o5,e,t)}setUserId(e){return this.#e(i.",success
rock,What I've Done,Linkin Park,Minutes to Midnight,3:25,"1,993,025","21,307,080",https://www.last.fm/music/Linkin+Park/_/What+I%27ve+Done,"
<!DOCTYPE html>

<html class=""no-js playbar-masthead-release-shim youtube-provider-not-ready"" lang=""en"">
<head>
<meta charset=""utf-8""/>
<meta content=""IE=edge"" http-equiv=""X-UA-Compatible""/><script type=""text/javascript"">window.NREUM||(NREUM={});NREUM.info={""beacon"":""bam.nr-data.net"",""errorBeacon"":""bam.nr-data.net"",""licenseKey"":""0ed0ce50b0"",""applicationID"":""5588594"",""transactionName"":""Y1BRbUUFWkMEWxYMV1oadUxZB0BZClZNCV5ZG0RcVUpDRxIWAxVIRxteTEQNVx4TUQcSSxpWUk1WCFtXEF1YMUpVVlgXUAFA"",""queueTime"":0,""applicationTime"":536,""agent"":""""};
(window.NREUM||(NREUM={})).init={ajax:{deny_list:[""bam.nr-data.net""]}};(window.NREUM||(NREUM={})).loader_config={xpid:""UwYPV15QGwYFXFlXDgU="",licenseKey:""0ed0ce50b0"",applicationID:""5588594"",browserID:""5591142""};;/*! For license information please see nr-loader-full-1.302.0.min.js.LICENSE.txt */
(()=>{var e,t,r={384:(e,t,r)=>{""use strict"";r.d(t,{NT:()=>o,US:()=>u,Zm:()=>s,bQ:()=>d,dV:()=>c,pV:()=>l});var n=r(6154),i=r(1863),a=r(1910);const o={beacon:""bam.nr-data.net"",errorBeacon:""bam.nr-data.net""};function s(){return n.gm.NREUM||(n.gm.NREUM={}),void 0===n.gm.newrelic&&(n.gm.newrelic=n.gm.NREUM),n.gm.NREUM}function c(){let e=s();return e.o||(e.o={ST:n.gm.setTimeout,SI:n.gm.setImmediate||n.gm.setInterval,CT:n.gm.clearTimeout,XHR:n.gm.XMLHttpRequest,REQ:n.gm.Request,EV:n.gm.Event,PR:n.gm.Promise,MO:n.gm.MutationObserver,FETCH:n.gm.fetch,WS:n.gm.WebSocket},(0,a.i)(...Object.values(e.o))),e}function d(e,t){let r=s();r.initializedAgents??={},t.initializedAt={ms:(0,i.t)(),date:new Date},r.initializedAgents[e]=t}function u(e,t){s()[e]=t}function l(){return function(){let e=s();const t=e.info||{};e.info={beacon:o.beacon,errorBeacon:o.errorBeacon,...t}}(),function(){let e=s();const t=e.init||{};e.init={...t}}(),c(),function(){let e=s();const t=e.loader_config||{};e.loader_config={...t}}(),s()}},782:(e,t,r)=>{""use strict"";r.d(t,{T:()=>n});const n=r(860).K7.pageViewTiming},860:(e,t,r)=>{""use strict"";r.d(t,{$J:()=>u,K7:()=>c,P3:()=>d,XX:()=>i,Yy:()=>s,df:()=>a,qY:()=>n,v4:()=>o});const n=""events"",i=""jserrors"",a=""browser/blobs"",o=""rum"",s=""browser/logs"",c={ajax:""ajax"",genericEvents:""generic_events"",jserrors:i,logging:""logging"",metrics:""metrics"",pageAction:""page_action"",pageViewEvent:""page_view_event"",pageViewTiming:""page_view_timing"",sessionReplay:""session_replay"",sessionTrace:""session_trace"",softNav:""soft_navigations"",spa:""spa""},d={[c.pageViewEvent]:1,[c.pageViewTiming]:2,[c.metrics]:3,[c.jserrors]:4,[c.spa]:5,[c.ajax]:6,[c.sessionTrace]:7,[c.softNav]:8,[c.sessionReplay]:9,[c.logging]:10,[c.genericEvents]:11},u={[c.pageViewEvent]:o,[c.pageViewTiming]:n,[c.ajax]:n,[c.spa]:n,[c.softNav]:n,[c.metrics]:i,[c.jserrors]:i,[c.sessionTrace]:a,[c.sessionReplay]:a,[c.logging]:s,[c.genericEvents]:""ins""}},944:(e,t,r)=>{""use strict"";r.d(t,{R:()=>i});var n=r(3241);function i(e,t){""function""==typeof console.debug&&(console.debug(""New Relic Warning: https://github.com/newrelic/newrelic-browser-agent/blob/main/docs/warning-codes.md#"".concat(e),t),(0,n.W)({agentIdentifier:null,drained:null,type:""data"",name:""warn"",feature:""warn"",data:{code:e,secondary:t}}))}},993:(e,t,r)=>{""use strict"";r.d(t,{A$:()=>a,ET:()=>o,TZ:()=>s,p_:()=>i});var n=r(860);const i={ERROR:""ERROR"",WARN:""WARN"",INFO:""INFO"",DEBUG:""DEBUG"",TRACE:""TRACE""},a={OFF:0,ERROR:1,WARN:2,INFO:3,DEBUG:4,TRACE:5},o=""log"",s=n.K7.logging},1687:(e,t,r)=>{""use strict"";r.d(t,{Ak:()=>d,Ze:()=>f,x3:()=>u});var n=r(3241),i=r(7836),a=r(3606),o=r(860),s=r(2646);const c={};function d(e,t){const r={staged:!1,priority:o.P3[t]||0};l(e),c[e].get(t)||c[e].set(t,r)}function u(e,t){e&&c[e]&&(c[e].get(t)&&c[e].delete(t),p(e,t,!1),c[e].size&&h(e))}function l(e){if(!e)throw new Error(""agentIdentifier required"");c[e]||(c[e]=new Map)}function f(e="""",t=""feature"",r=!1){if(l(e),!e||!c[e].get(t)||r)return p(e,t);c[e].get(t).staged=!0,h(e)}function h(e){const t=Array.from(c[e]);t.every(([e,t])=>t.staged)&&(t.sort((e,t)=>e[1].priority-t[1].priority),t.forEach(([t])=>{c[e].delete(t),p(e,t)}))}function p(e,t,r=!0){const o=e?i.ee.get(e):i.ee,c=a.i.handlers;if(!o.aborted&&o.backlog&&c){if((0,n.W)({agentIdentifier:e,type:""lifecycle"",name:""drain"",feature:t}),r){const e=o.backlog[t],r=c[t];if(r){for(let t=0;e&&t<e.length;++t)g(e[t],r);Object.entries(r).forEach(([e,t])=>{Object.values(t||{}).forEach(t=>{t[0]?.on&&t[0]?.context()instanceof s.y&&t[0].on(e,t[1])})})}}o.isolatedBacklog||delete c[t],o.backlog[t]=null,o.emit(""drain-""+t,[])}}function g(e,t){var r=e[1];Object.values(t[r]||{}).forEach(t=>{var r=e[0];if(t[0]===r){var n=t[1],i=e[3],a=e[2];n.apply(i,a)}})}},1741:(e,t,r)=>{""use strict"";r.d(t,{W:()=>a});var n=r(944),i=r(4261);class a{#e(e,...t){if(this[e]!==a.prototype[e])return this[e](...t);(0,n.R)(35,e)}addPageAction(e,t){return this.#e(i.hG,e,t)}register(e){return this.#e(i.eY,e)}recordCustomEvent(e,t){return this.#e(i.fF,e,t)}setPageViewName(e,t){return this.#e(i.Fw,e,t)}setCustomAttribute(e,t,r){return this.#e(i.cD,e,t,r)}noticeError(e,t){return this.#e(i.o5,e,t)}setUserId(e){return this.#e(i.",success
rock,Under the Bridge,Red Hot Chili Peppers,Blood Sugar Sex Magik,4:26,"2,649,291","23,577,950",https://www.last.fm/music/Red+Hot+Chili+Peppers/_/Under+the+Bridge,"
<!DOCTYPE html>

<html class=""no-js playbar-masthead-release-shim youtube-provider-not-ready"" lang=""en"">
<head>
<meta charset=""utf-8""/>
<meta content=""IE=edge"" http-equiv=""X-UA-Compatible""/><script type=""text/javascript"">window.NREUM||(NREUM={});NREUM.info={""beacon"":""bam.nr-data.net"",""errorBeacon"":""bam.nr-data.net"",""licenseKey"":""0ed0ce50b0"",""applicationID"":""5588594"",""transactionName"":""Y1BRbUUFWkMEWxYMV1oadUxZB0BZClZNCV5ZG0RcVUpDRxIWAxVIRxteTEQNVx4TUQcSSxpWUk1WCFtXEF1YMUpVVlgXUAFA"",""queueTime"":0,""applicationTime"":720,""agent"":""""};
(window.NREUM||(NREUM={})).init={ajax:{deny_list:[""bam.nr-data.net""]}};(window.NREUM||(NREUM={})).loader_config={xpid:""UwYPV15QGwYFXFlXDgU="",licenseKey:""0ed0ce50b0"",applicationID:""5588594"",browserID:""5591142""};;/*! For license information please see nr-loader-full-1.302.0.min.js.LICENSE.txt */
(()=>{var e,t,r={384:(e,t,r)=>{""use strict"";r.d(t,{NT:()=>o,US:()=>u,Zm:()=>s,bQ:()=>d,dV:()=>c,pV:()=>l});var n=r(6154),i=r(1863),a=r(1910);const o={beacon:""bam.nr-data.net"",errorBeacon:""bam.nr-data.net""};function s(){return n.gm.NREUM||(n.gm.NREUM={}),void 0===n.gm.newrelic&&(n.gm.newrelic=n.gm.NREUM),n.gm.NREUM}function c(){let e=s();return e.o||(e.o={ST:n.gm.setTimeout,SI:n.gm.setImmediate||n.gm.setInterval,CT:n.gm.clearTimeout,XHR:n.gm.XMLHttpRequest,REQ:n.gm.Request,EV:n.gm.Event,PR:n.gm.Promise,MO:n.gm.MutationObserver,FETCH:n.gm.fetch,WS:n.gm.WebSocket},(0,a.i)(...Object.values(e.o))),e}function d(e,t){let r=s();r.initializedAgents??={},t.initializedAt={ms:(0,i.t)(),date:new Date},r.initializedAgents[e]=t}function u(e,t){s()[e]=t}function l(){return function(){let e=s();const t=e.info||{};e.info={beacon:o.beacon,errorBeacon:o.errorBeacon,...t}}(),function(){let e=s();const t=e.init||{};e.init={...t}}(),c(),function(){let e=s();const t=e.loader_config||{};e.loader_config={...t}}(),s()}},782:(e,t,r)=>{""use strict"";r.d(t,{T:()=>n});const n=r(860).K7.pageViewTiming},860:(e,t,r)=>{""use strict"";r.d(t,{$J:()=>u,K7:()=>c,P3:()=>d,XX:()=>i,Yy:()=>s,df:()=>a,qY:()=>n,v4:()=>o});const n=""events"",i=""jserrors"",a=""browser/blobs"",o=""rum"",s=""browser/logs"",c={ajax:""ajax"",genericEvents:""generic_events"",jserrors:i,logging:""logging"",metrics:""metrics"",pageAction:""page_action"",pageViewEvent:""page_view_event"",pageViewTiming:""page_view_timing"",sessionReplay:""session_replay"",sessionTrace:""session_trace"",softNav:""soft_navigations"",spa:""spa""},d={[c.pageViewEvent]:1,[c.pageViewTiming]:2,[c.metrics]:3,[c.jserrors]:4,[c.spa]:5,[c.ajax]:6,[c.sessionTrace]:7,[c.softNav]:8,[c.sessionReplay]:9,[c.logging]:10,[c.genericEvents]:11},u={[c.pageViewEvent]:o,[c.pageViewTiming]:n,[c.ajax]:n,[c.spa]:n,[c.softNav]:n,[c.metrics]:i,[c.jserrors]:i,[c.sessionTrace]:a,[c.sessionReplay]:a,[c.logging]:s,[c.genericEvents]:""ins""}},944:(e,t,r)=>{""use strict"";r.d(t,{R:()=>i});var n=r(3241);function i(e,t){""function""==typeof console.debug&&(console.debug(""New Relic Warning: https://github.com/newrelic/newrelic-browser-agent/blob/main/docs/warning-codes.md#"".concat(e),t),(0,n.W)({agentIdentifier:null,drained:null,type:""data"",name:""warn"",feature:""warn"",data:{code:e,secondary:t}}))}},993:(e,t,r)=>{""use strict"";r.d(t,{A$:()=>a,ET:()=>o,TZ:()=>s,p_:()=>i});var n=r(860);const i={ERROR:""ERROR"",WARN:""WARN"",INFO:""INFO"",DEBUG:""DEBUG"",TRACE:""TRACE""},a={OFF:0,ERROR:1,WARN:2,INFO:3,DEBUG:4,TRACE:5},o=""log"",s=n.K7.logging},1687:(e,t,r)=>{""use strict"";r.d(t,{Ak:()=>d,Ze:()=>f,x3:()=>u});var n=r(3241),i=r(7836),a=r(3606),o=r(860),s=r(2646);const c={};function d(e,t){const r={staged:!1,priority:o.P3[t]||0};l(e),c[e].get(t)||c[e].set(t,r)}function u(e,t){e&&c[e]&&(c[e].get(t)&&c[e].delete(t),p(e,t,!1),c[e].size&&h(e))}function l(e){if(!e)throw new Error(""agentIdentifier required"");c[e]||(c[e]=new Map)}function f(e="""",t=""feature"",r=!1){if(l(e),!e||!c[e].get(t)||r)return p(e,t);c[e].get(t).staged=!0,h(e)}function h(e){const t=Array.from(c[e]);t.every(([e,t])=>t.staged)&&(t.sort((e,t)=>e[1].priority-t[1].priority),t.forEach(([t])=>{c[e].delete(t),p(e,t)}))}function p(e,t,r=!0){const o=e?i.ee.get(e):i.ee,c=a.i.handlers;if(!o.aborted&&o.backlog&&c){if((0,n.W)({agentIdentifier:e,type:""lifecycle"",name:""drain"",feature:t}),r){const e=o.backlog[t],r=c[t];if(r){for(let t=0;e&&t<e.length;++t)g(e[t],r);Object.entries(r).forEach(([e,t])=>{Object.values(t||{}).forEach(t=>{t[0]?.on&&t[0]?.context()instanceof s.y&&t[0].on(e,t[1])})})}}o.isolatedBacklog||delete c[t],o.backlog[t]=null,o.emit(""drain-""+t,[])}}function g(e,t){var r=e[1];Object.values(t[r]||{}).forEach(t=>{var r=e[0];if(t[0]===r){var n=t[1],i=e[3],a=e[2];n.apply(i,a)}})}},1741:(e,t,r)=>{""use strict"";r.d(t,{W:()=>a});var n=r(944),i=r(4261);class a{#e(e,...t){if(this[e]!==a.prototype[e])return this[e](...t);(0,n.R)(35,e)}addPageAction(e,t){return this.#e(i.hG,e,t)}register(e){return this.#e(i.eY,e)}recordCustomEvent(e,t){return this.#e(i.fF,e,t)}setPageViewName(e,t){return this.#e(i.Fw,e,t)}setCustomAttribute(e,t,r){return this.#e(i.cD,e,t,r)}noticeError(e,t){return this.#e(i.o5,e,t)}setUserId(e){return this.#e(i.",success
rock,Californication,Red Hot Chili Peppers,Californication,5:23,"2,894,962","26,362,831",https://www.last.fm/music/Red+Hot+Chili+Peppers/_/Californication,"
<!DOCTYPE html>

<html class=""no-js playbar-masthead-release-shim youtube-provider-not-ready"" lang=""en"">
<head>
<meta charset=""utf-8""/>
<meta content=""IE=edge"" http-equiv=""X-UA-Compatible""/><script type=""text/javascript"">window.NREUM||(NREUM={});NREUM.info={""beacon"":""bam.nr-data.net"",""errorBeacon"":""bam.nr-data.net"",""licenseKey"":""0ed0ce50b0"",""applicationID"":""5588594"",""transactionName"":""Y1BRbUUFWkMEWxYMV1oadUxZB0BZClZNCV5ZG0RcVUpDRxIWAxVIRxteTEQNVx4TUQcSSxpWUk1WCFtXEF1YMUpVVlgXUAFA"",""queueTime"":0,""applicationTime"":673,""agent"":""""};
(window.NREUM||(NREUM={})).init={ajax:{deny_list:[""bam.nr-data.net""]}};(window.NREUM||(NREUM={})).loader_config={xpid:""UwYPV15QGwYFXFlXDgU="",licenseKey:""0ed0ce50b0"",applicationID:""5588594"",browserID:""5591142""};;/*! For license information please see nr-loader-full-1.302.0.min.js.LICENSE.txt */
(()=>{var e,t,r={384:(e,t,r)=>{""use strict"";r.d(t,{NT:()=>o,US:()=>u,Zm:()=>s,bQ:()=>d,dV:()=>c,pV:()=>l});var n=r(6154),i=r(1863),a=r(1910);const o={beacon:""bam.nr-data.net"",errorBeacon:""bam.nr-data.net""};function s(){return n.gm.NREUM||(n.gm.NREUM={}),void 0===n.gm.newrelic&&(n.gm.newrelic=n.gm.NREUM),n.gm.NREUM}function c(){let e=s();return e.o||(e.o={ST:n.gm.setTimeout,SI:n.gm.setImmediate||n.gm.setInterval,CT:n.gm.clearTimeout,XHR:n.gm.XMLHttpRequest,REQ:n.gm.Request,EV:n.gm.Event,PR:n.gm.Promise,MO:n.gm.MutationObserver,FETCH:n.gm.fetch,WS:n.gm.WebSocket},(0,a.i)(...Object.values(e.o))),e}function d(e,t){let r=s();r.initializedAgents??={},t.initializedAt={ms:(0,i.t)(),date:new Date},r.initializedAgents[e]=t}function u(e,t){s()[e]=t}function l(){return function(){let e=s();const t=e.info||{};e.info={beacon:o.beacon,errorBeacon:o.errorBeacon,...t}}(),function(){let e=s();const t=e.init||{};e.init={...t}}(),c(),function(){let e=s();const t=e.loader_config||{};e.loader_config={...t}}(),s()}},782:(e,t,r)=>{""use strict"";r.d(t,{T:()=>n});const n=r(860).K7.pageViewTiming},860:(e,t,r)=>{""use strict"";r.d(t,{$J:()=>u,K7:()=>c,P3:()=>d,XX:()=>i,Yy:()=>s,df:()=>a,qY:()=>n,v4:()=>o});const n=""events"",i=""jserrors"",a=""browser/blobs"",o=""rum"",s=""browser/logs"",c={ajax:""ajax"",genericEvents:""generic_events"",jserrors:i,logging:""logging"",metrics:""metrics"",pageAction:""page_action"",pageViewEvent:""page_view_event"",pageViewTiming:""page_view_timing"",sessionReplay:""session_replay"",sessionTrace:""session_trace"",softNav:""soft_navigations"",spa:""spa""},d={[c.pageViewEvent]:1,[c.pageViewTiming]:2,[c.metrics]:3,[c.jserrors]:4,[c.spa]:5,[c.ajax]:6,[c.sessionTrace]:7,[c.softNav]:8,[c.sessionReplay]:9,[c.logging]:10,[c.genericEvents]:11},u={[c.pageViewEvent]:o,[c.pageViewTiming]:n,[c.ajax]:n,[c.spa]:n,[c.softNav]:n,[c.metrics]:i,[c.jserrors]:i,[c.sessionTrace]:a,[c.sessionReplay]:a,[c.logging]:s,[c.genericEvents]:""ins""}},944:(e,t,r)=>{""use strict"";r.d(t,{R:()=>i});var n=r(3241);function i(e,t){""function""==typeof console.debug&&(console.debug(""New Relic Warning: https://github.com/newrelic/newrelic-browser-agent/blob/main/docs/warning-codes.md#"".concat(e),t),(0,n.W)({agentIdentifier:null,drained:null,type:""data"",name:""warn"",feature:""warn"",data:{code:e,secondary:t}}))}},993:(e,t,r)=>{""use strict"";r.d(t,{A$:()=>a,ET:()=>o,TZ:()=>s,p_:()=>i});var n=r(860);const i={ERROR:""ERROR"",WARN:""WARN"",INFO:""INFO"",DEBUG:""DEBUG"",TRACE:""TRACE""},a={OFF:0,ERROR:1,WARN:2,INFO:3,DEBUG:4,TRACE:5},o=""log"",s=n.K7.logging},1687:(e,t,r)=>{""use strict"";r.d(t,{Ak:()=>d,Ze:()=>f,x3:()=>u});var n=r(3241),i=r(7836),a=r(3606),o=r(860),s=r(2646);const c={};function d(e,t){const r={staged:!1,priority:o.P3[t]||0};l(e),c[e].get(t)||c[e].set(t,r)}function u(e,t){e&&c[e]&&(c[e].get(t)&&c[e].delete(t),p(e,t,!1),c[e].size&&h(e))}function l(e){if(!e)throw new Error(""agentIdentifier required"");c[e]||(c[e]=new Map)}function f(e="""",t=""feature"",r=!1){if(l(e),!e||!c[e].get(t)||r)return p(e,t);c[e].get(t).staged=!0,h(e)}function h(e){const t=Array.from(c[e]);t.every(([e,t])=>t.staged)&&(t.sort((e,t)=>e[1].priority-t[1].priority),t.forEach(([t])=>{c[e].delete(t),p(e,t)}))}function p(e,t,r=!0){const o=e?i.ee.get(e):i.ee,c=a.i.handlers;if(!o.aborted&&o.backlog&&c){if((0,n.W)({agentIdentifier:e,type:""lifecycle"",name:""drain"",feature:t}),r){const e=o.backlog[t],r=c[t];if(r){for(let t=0;e&&t<e.length;++t)g(e[t],r);Object.entries(r).forEach(([e,t])=>{Object.values(t||{}).forEach(t=>{t[0]?.on&&t[0]?.context()instanceof s.y&&t[0].on(e,t[1])})})}}o.isolatedBacklog||delete c[t],o.backlog[t]=null,o.emit(""drain-""+t,[])}}function g(e,t){var r=e[1];Object.values(t[r]||{}).forEach(t=>{var r=e[0];if(t[0]===r){var n=t[1],i=e[3],a=e[2];n.apply(i,a)}})}},1741:(e,t,r)=>{""use strict"";r.d(t,{W:()=>a});var n=r(944),i=r(4261);class a{#e(e,...t){if(this[e]!==a.prototype[e])return this[e](...t);(0,n.R)(35,e)}addPageAction(e,t){return this.#e(i.hG,e,t)}register(e){return this.#e(i.eY,e)}recordCustomEvent(e,t){return this.#e(i.fF,e,t)}setPageViewName(e,t){return this.#e(i.Fw,e,t)}setCustomAttribute(e,t,r){return this.#e(i.cD,e,t,r)}noticeError(e,t){return this.#e(i.o5,e,t)}setUserId(e){return this.#e(i.",success
rock,N/A,N/A,N/A,N/A,N/A,N/A,https://www.last.fm/music/Coldplay/_/Yellow,N/A,http_600
rock,Decode,Paramore,Decode,4:21,"1,455,617","19,415,371",https://www.last.fm/music/Paramore/_/Decode,"
<!DOCTYPE html>

<html class=""no-js playbar-masthead-release-shim youtube-provider-not-ready"" lang=""en"">
<head>
<meta charset=""utf-8""/>
<meta content=""IE=edge"" http-equiv=""X-UA-Compatible""/><script type=""text/javascript"">window.NREUM||(NREUM={});NREUM.info={""beacon"":""bam.nr-data.net"",""errorBeacon"":""bam.nr-data.net"",""licenseKey"":""0ed0ce50b0"",""applicationID"":""5588594"",""transactionName"":""Y1BRbUUFWkMEWxYMV1oadUxZB0BZClZNCV5ZG0RcVUpDRxIWAxVIRxteTEQNVx4TUQcSSxpWUk1WCFtXEF1YMUpVVlgXUAFA"",""queueTime"":0,""applicationTime"":717,""agent"":""""};
(window.NREUM||(NREUM={})).init={ajax:{deny_list:[""bam.nr-data.net""]}};(window.NREUM||(NREUM={})).loader_config={xpid:""UwYPV15QGwYFXFlXDgU="",licenseKey:""0ed0ce50b0"",applicationID:""5588594"",browserID:""5591142""};;/*! For license information please see nr-loader-full-1.302.0.min.js.LICENSE.txt */
(()=>{var e,t,r={384:(e,t,r)=>{""use strict"";r.d(t,{NT:()=>o,US:()=>u,Zm:()=>s,bQ:()=>d,dV:()=>c,pV:()=>l});var n=r(6154),i=r(1863),a=r(1910);const o={beacon:""bam.nr-data.net"",errorBeacon:""bam.nr-data.net""};function s(){return n.gm.NREUM||(n.gm.NREUM={}),void 0===n.gm.newrelic&&(n.gm.newrelic=n.gm.NREUM),n.gm.NREUM}function c(){let e=s();return e.o||(e.o={ST:n.gm.setTimeout,SI:n.gm.setImmediate||n.gm.setInterval,CT:n.gm.clearTimeout,XHR:n.gm.XMLHttpRequest,REQ:n.gm.Request,EV:n.gm.Event,PR:n.gm.Promise,MO:n.gm.MutationObserver,FETCH:n.gm.fetch,WS:n.gm.WebSocket},(0,a.i)(...Object.values(e.o))),e}function d(e,t){let r=s();r.initializedAgents??={},t.initializedAt={ms:(0,i.t)(),date:new Date},r.initializedAgents[e]=t}function u(e,t){s()[e]=t}function l(){return function(){let e=s();const t=e.info||{};e.info={beacon:o.beacon,errorBeacon:o.errorBeacon,...t}}(),function(){let e=s();const t=e.init||{};e.init={...t}}(),c(),function(){let e=s();const t=e.loader_config||{};e.loader_config={...t}}(),s()}},782:(e,t,r)=>{""use strict"";r.d(t,{T:()=>n});const n=r(860).K7.pageViewTiming},860:(e,t,r)=>{""use strict"";r.d(t,{$J:()=>u,K7:()=>c,P3:()=>d,XX:()=>i,Yy:()=>s,df:()=>a,qY:()=>n,v4:()=>o});const n=""events"",i=""jserrors"",a=""browser/blobs"",o=""rum"",s=""browser/logs"",c={ajax:""ajax"",genericEvents:""generic_events"",jserrors:i,logging:""logging"",metrics:""metrics"",pageAction:""page_action"",pageViewEvent:""page_view_event"",pageViewTiming:""page_view_timing"",sessionReplay:""session_replay"",sessionTrace:""session_trace"",softNav:""soft_navigations"",spa:""spa""},d={[c.pageViewEvent]:1,[c.pageViewTiming]:2,[c.metrics]:3,[c.jserrors]:4,[c.spa]:5,[c.ajax]:6,[c.sessionTrace]:7,[c.softNav]:8,[c.sessionReplay]:9,[c.logging]:10,[c.genericEvents]:11},u={[c.pageViewEvent]:o,[c.pageViewTiming]:n,[c.ajax]:n,[c.spa]:n,[c.softNav]:n,[c.metrics]:i,[c.jserrors]:i,[c.sessionTrace]:a,[c.sessionReplay]:a,[c.logging]:s,[c.genericEvents]:""ins""}},944:(e,t,r)=>{""use strict"";r.d(t,{R:()=>i});var n=r(3241);function i(e,t){""function""==typeof console.debug&&(console.debug(""New Relic Warning: https://github.com/newrelic/newrelic-browser-agent/blob/main/docs/warning-codes.md#"".concat(e),t),(0,n.W)({agentIdentifier:null,drained:null,type:""data"",name:""warn"",feature:""warn"",data:{code:e,secondary:t}}))}},993:(e,t,r)=>{""use strict"";r.d(t,{A$:()=>a,ET:()=>o,TZ:()=>s,p_:()=>i});var n=r(860);const i={ERROR:""ERROR"",WARN:""WARN"",INFO:""INFO"",DEBUG:""DEBUG"",TRACE:""TRACE""},a={OFF:0,ERROR:1,WARN:2,INFO:3,DEBUG:4,TRACE:5},o=""log"",s=n.K7.logging},1687:(e,t,r)=>{""use strict"";r.d(t,{Ak:()=>d,Ze:()=>f,x3:()=>u});var n=r(3241),i=r(7836),a=r(3606),o=r(860),s=r(2646);const c={};function d(e,t){const r={staged:!1,priority:o.P3[t]||0};l(e),c[e].get(t)||c[e].set(t,r)}function u(e,t){e&&c[e]&&(c[e].get(t)&&c[e].delete(t),p(e,t,!1),c[e].size&&h(e))}function l(e){if(!e)throw new Error(""agentIdentifier required"");c[e]||(c[e]=new Map)}function f(e="""",t=""feature"",r=!1){if(l(e),!e||!c[e].get(t)||r)return p(e,t);c[e].get(t).staged=!0,h(e)}function h(e){const t=Array.from(c[e]);t.every(([e,t])=>t.staged)&&(t.sort((e,t)=>e[1].priority-t[1].priority),t.forEach(([t])=>{c[e].delete(t),p(e,t)}))}function p(e,t,r=!0){const o=e?i.ee.get(e):i.ee,c=a.i.handlers;if(!o.aborted&&o.backlog&&c){if((0,n.W)({agentIdentifier:e,type:""lifecycle"",name:""drain"",feature:t}),r){const e=o.backlog[t],r=c[t];if(r){for(let t=0;e&&t<e.length;++t)g(e[t],r);Object.entries(r).forEach(([e,t])=>{Object.values(t||{}).forEach(t=>{t[0]?.on&&t[0]?.context()instanceof s.y&&t[0].on(e,t[1])})})}}o.isolatedBacklog||delete c[t],o.backlog[t]=null,o.emit(""drain-""+t,[])}}function g(e,t){var r=e[1];Object.values(t[r]||{}).forEach(t=>{var r=e[0];if(t[0]===r){var n=t[1],i=e[3],a=e[2];n.apply(i,a)}})}},1741:(e,t,r)=>{""use strict"";r.d(t,{W:()=>a});var n=r(944),i=r(4261);class a{#e(e,...t){if(this[e]!==a.prototype[e])return this[e](...t);(0,n.R)(35,e)}addPageAction(e,t){return this.#e(i.hG,e,t)}register(e){return this.#e(i.eY,e)}recordCustomEvent(e,t){return this.#e(i.fF,e,t)}setPageViewName(e,t){return this.#e(i.Fw,e,t)}setCustomAttribute(e,t,r){return this.#e(i.cD,e,t,r)}noticeError(e,t){return this.#e(i.o5,e,t)}setUserId(e){return this.#e(i.",success
rock,No. 1 Party Anthem,Arctic Monkeys,AM,4:20,"1,473,891","20,958,446",https://www.last.fm/music/Arctic+Monkeys/_/No.+1+Party+Anthem,"
<!DOCTYPE html>

<html class=""no-js playbar-masthead-release-shim youtube-provider-not-ready"" lang=""en"">
<head>
<meta charset=""utf-8""/>
<meta content=""IE=edge"" http-equiv=""X-UA-Compatible""/><script type=""text/javascript"">window.NREUM||(NREUM={});NREUM.info={""beacon"":""bam.nr-data.net"",""errorBeacon"":""bam.nr-data.net"",""licenseKey"":""0ed0ce50b0"",""applicationID"":""5588594"",""transactionName"":""Y1BRbUUFWkMEWxYMV1oadUxZB0BZClZNCV5ZG0RcVUpDRxIWAxVIRxteTEQNVx4TUQcSSxpWUk1WCFtXEF1YMUpVVlgXUAFA"",""queueTime"":0,""applicationTime"":1333,""agent"":""""};
(window.NREUM||(NREUM={})).init={ajax:{deny_list:[""bam.nr-data.net""]}};(window.NREUM||(NREUM={})).loader_config={xpid:""UwYPV15QGwYFXFlXDgU="",licenseKey:""0ed0ce50b0"",applicationID:""5588594"",browserID:""5591142""};;/*! For license information please see nr-loader-full-1.302.0.min.js.LICENSE.txt */
(()=>{var e,t,r={384:(e,t,r)=>{""use strict"";r.d(t,{NT:()=>o,US:()=>u,Zm:()=>s,bQ:()=>d,dV:()=>c,pV:()=>l});var n=r(6154),i=r(1863),a=r(1910);const o={beacon:""bam.nr-data.net"",errorBeacon:""bam.nr-data.net""};function s(){return n.gm.NREUM||(n.gm.NREUM={}),void 0===n.gm.newrelic&&(n.gm.newrelic=n.gm.NREUM),n.gm.NREUM}function c(){let e=s();return e.o||(e.o={ST:n.gm.setTimeout,SI:n.gm.setImmediate||n.gm.setInterval,CT:n.gm.clearTimeout,XHR:n.gm.XMLHttpRequest,REQ:n.gm.Request,EV:n.gm.Event,PR:n.gm.Promise,MO:n.gm.MutationObserver,FETCH:n.gm.fetch,WS:n.gm.WebSocket},(0,a.i)(...Object.values(e.o))),e}function d(e,t){let r=s();r.initializedAgents??={},t.initializedAt={ms:(0,i.t)(),date:new Date},r.initializedAgents[e]=t}function u(e,t){s()[e]=t}function l(){return function(){let e=s();const t=e.info||{};e.info={beacon:o.beacon,errorBeacon:o.errorBeacon,...t}}(),function(){let e=s();const t=e.init||{};e.init={...t}}(),c(),function(){let e=s();const t=e.loader_config||{};e.loader_config={...t}}(),s()}},782:(e,t,r)=>{""use strict"";r.d(t,{T:()=>n});const n=r(860).K7.pageViewTiming},860:(e,t,r)=>{""use strict"";r.d(t,{$J:()=>u,K7:()=>c,P3:()=>d,XX:()=>i,Yy:()=>s,df:()=>a,qY:()=>n,v4:()=>o});const n=""events"",i=""jserrors"",a=""browser/blobs"",o=""rum"",s=""browser/logs"",c={ajax:""ajax"",genericEvents:""generic_events"",jserrors:i,logging:""logging"",metrics:""metrics"",pageAction:""page_action"",pageViewEvent:""page_view_event"",pageViewTiming:""page_view_timing"",sessionReplay:""session_replay"",sessionTrace:""session_trace"",softNav:""soft_navigations"",spa:""spa""},d={[c.pageViewEvent]:1,[c.pageViewTiming]:2,[c.metrics]:3,[c.jserrors]:4,[c.spa]:5,[c.ajax]:6,[c.sessionTrace]:7,[c.softNav]:8,[c.sessionReplay]:9,[c.logging]:10,[c.genericEvents]:11},u={[c.pageViewEvent]:o,[c.pageViewTiming]:n,[c.ajax]:n,[c.spa]:n,[c.softNav]:n,[c.metrics]:i,[c.jserrors]:i,[c.sessionTrace]:a,[c.sessionReplay]:a,[c.logging]:s,[c.genericEvents]:""ins""}},944:(e,t,r)=>{""use strict"";r.d(t,{R:()=>i});var n=r(3241);function i(e,t){""function""==typeof console.debug&&(console.debug(""New Relic Warning: https://github.com/newrelic/newrelic-browser-agent/blob/main/docs/warning-codes.md#"".concat(e),t),(0,n.W)({agentIdentifier:null,drained:null,type:""data"",name:""warn"",feature:""warn"",data:{code:e,secondary:t}}))}},993:(e,t,r)=>{""use strict"";r.d(t,{A$:()=>a,ET:()=>o,TZ:()=>s,p_:()=>i});var n=r(860);const i={ERROR:""ERROR"",WARN:""WARN"",INFO:""INFO"",DEBUG:""DEBUG"",TRACE:""TRACE""},a={OFF:0,ERROR:1,WARN:2,INFO:3,DEBUG:4,TRACE:5},o=""log"",s=n.K7.logging},1687:(e,t,r)=>{""use strict"";r.d(t,{Ak:()=>d,Ze:()=>f,x3:()=>u});var n=r(3241),i=r(7836),a=r(3606),o=r(860),s=r(2646);const c={};function d(e,t){const r={staged:!1,priority:o.P3[t]||0};l(e),c[e].get(t)||c[e].set(t,r)}function u(e,t){e&&c[e]&&(c[e].get(t)&&c[e].delete(t),p(e,t,!1),c[e].size&&h(e))}function l(e){if(!e)throw new Error(""agentIdentifier required"");c[e]||(c[e]=new Map)}function f(e="""",t=""feature"",r=!1){if(l(e),!e||!c[e].get(t)||r)return p(e,t);c[e].get(t).staged=!0,h(e)}function h(e){const t=Array.from(c[e]);t.every(([e,t])=>t.staged)&&(t.sort((e,t)=>e[1].priority-t[1].priority),t.forEach(([t])=>{c[e].delete(t),p(e,t)}))}function p(e,t,r=!0){const o=e?i.ee.get(e):i.ee,c=a.i.handlers;if(!o.aborted&&o.backlog&&c){if((0,n.W)({agentIdentifier:e,type:""lifecycle"",name:""drain"",feature:t}),r){const e=o.backlog[t],r=c[t];if(r){for(let t=0;e&&t<e.length;++t)g(e[t],r);Object.entries(r).forEach(([e,t])=>{Object.values(t||{}).forEach(t=>{t[0]?.on&&t[0]?.context()instanceof s.y&&t[0].on(e,t[1])})})}}o.isolatedBacklog||delete c[t],o.backlog[t]=null,o.emit(""drain-""+t,[])}}function g(e,t){var r=e[1];Object.values(t[r]||{}).forEach(t=>{var r=e[0];if(t[0]===r){var n=t[1],i=e[3],a=e[2];n.apply(i,a)}})}},1741:(e,t,r)=>{""use strict"";r.d(t,{W:()=>a});var n=r(944),i=r(4261);class a{#e(e,...t){if(this[e]!==a.prototype[e])return this[e](...t);(0,n.R)(35,e)}addPageAction(e,t){return this.#e(i.hG,e,t)}register(e){return this.#e(i.eY,e)}recordCustomEvent(e,t){return this.#e(i.fF,e,t)}setPageViewName(e,t){return this.#e(i.Fw,e,t)}setCustomAttribute(e,t,r){return this.#e(i.cD,e,t,r)}noticeError(e,t){return this.#e(i.o5,e,t)}setUserId(e){return this.#e(i",success
rock,N/A,N/A,N/A,N/A,N/A,N/A,https://www.last.fm/music/Linkin+Park/_/Faint,N/A,502_error
rock,N/A,N/A,N/A,N/A,N/A,N/A,https://www.last.fm/music/Paramore/_/Ain%27t+It+Fun,N/A,502_error
rock,N/A,N/A,N/A,N/A,N/A,N/A,https://www.last.fm/music/Wheatus/_/Teenage+Dirtbag,N/A,502_error
rock,Welcome to the Black Parade,My Chemical Romance,The Black Parade,4:37,"2,011,018","22,724,203",https://www.last.fm/music/My+Chemical+Romance/_/Welcome+to+the+Black+Parade,"
<!DOCTYPE html>

<html class=""no-js playbar-masthead-release-shim youtube-provider-not-ready"" lang=""en"">
<head>
<meta charset=""utf-8""/>
<meta content=""IE=edge"" http-equiv=""X-UA-Compatible""/><script type=""text/javascript"">window.NREUM||(NREUM={});NREUM.info={""beacon"":""bam.nr-data.net"",""errorBeacon"":""bam.nr-data.net"",""licenseKey"":""0ed0ce50b0"",""applicationID"":""5588594"",""transactionName"":""Y1BRbUUFWkMEWxYMV1oadUxZB0BZClZNCV5ZG0RcVUpDRxIWAxVIRxteTEQNVx4TUQcSSxpWUk1WCFtXEF1YMUpVVlgXUAFA"",""queueTime"":0,""applicationTime"":873,""agent"":""""};
(window.NREUM||(NREUM={})).init={ajax:{deny_list:[""bam.nr-data.net""]}};(window.NREUM||(NREUM={})).loader_config={xpid:""UwYPV15QGwYFXFlXDgU="",licenseKey:""0ed0ce50b0"",applicationID:""5588594"",browserID:""5591142""};;/*! For license information please see nr-loader-full-1.302.0.min.js.LICENSE.txt */
(()=>{var e,t,r={384:(e,t,r)=>{""use strict"";r.d(t,{NT:()=>o,US:()=>u,Zm:()=>s,bQ:()=>d,dV:()=>c,pV:()=>l});var n=r(6154),i=r(1863),a=r(1910);const o={beacon:""bam.nr-data.net"",errorBeacon:""bam.nr-data.net""};function s(){return n.gm.NREUM||(n.gm.NREUM={}),void 0===n.gm.newrelic&&(n.gm.newrelic=n.gm.NREUM),n.gm.NREUM}function c(){let e=s();return e.o||(e.o={ST:n.gm.setTimeout,SI:n.gm.setImmediate||n.gm.setInterval,CT:n.gm.clearTimeout,XHR:n.gm.XMLHttpRequest,REQ:n.gm.Request,EV:n.gm.Event,PR:n.gm.Promise,MO:n.gm.MutationObserver,FETCH:n.gm.fetch,WS:n.gm.WebSocket},(0,a.i)(...Object.values(e.o))),e}function d(e,t){let r=s();r.initializedAgents??={},t.initializedAt={ms:(0,i.t)(),date:new Date},r.initializedAgents[e]=t}function u(e,t){s()[e]=t}function l(){return function(){let e=s();const t=e.info||{};e.info={beacon:o.beacon,errorBeacon:o.errorBeacon,...t}}(),function(){let e=s();const t=e.init||{};e.init={...t}}(),c(),function(){let e=s();const t=e.loader_config||{};e.loader_config={...t}}(),s()}},782:(e,t,r)=>{""use strict"";r.d(t,{T:()=>n});const n=r(860).K7.pageViewTiming},860:(e,t,r)=>{""use strict"";r.d(t,{$J:()=>u,K7:()=>c,P3:()=>d,XX:()=>i,Yy:()=>s,df:()=>a,qY:()=>n,v4:()=>o});const n=""events"",i=""jserrors"",a=""browser/blobs"",o=""rum"",s=""browser/logs"",c={ajax:""ajax"",genericEvents:""generic_events"",jserrors:i,logging:""logging"",metrics:""metrics"",pageAction:""page_action"",pageViewEvent:""page_view_event"",pageViewTiming:""page_view_timing"",sessionReplay:""session_replay"",sessionTrace:""session_trace"",softNav:""soft_navigations"",spa:""spa""},d={[c.pageViewEvent]:1,[c.pageViewTiming]:2,[c.metrics]:3,[c.jserrors]:4,[c.spa]:5,[c.ajax]:6,[c.sessionTrace]:7,[c.softNav]:8,[c.sessionReplay]:9,[c.logging]:10,[c.genericEvents]:11},u={[c.pageViewEvent]:o,[c.pageViewTiming]:n,[c.ajax]:n,[c.spa]:n,[c.softNav]:n,[c.metrics]:i,[c.jserrors]:i,[c.sessionTrace]:a,[c.sessionReplay]:a,[c.logging]:s,[c.genericEvents]:""ins""}},944:(e,t,r)=>{""use strict"";r.d(t,{R:()=>i});var n=r(3241);function i(e,t){""function""==typeof console.debug&&(console.debug(""New Relic Warning: https://github.com/newrelic/newrelic-browser-agent/blob/main/docs/warning-codes.md#"".concat(e),t),(0,n.W)({agentIdentifier:null,drained:null,type:""data"",name:""warn"",feature:""warn"",data:{code:e,secondary:t}}))}},993:(e,t,r)=>{""use strict"";r.d(t,{A$:()=>a,ET:()=>o,TZ:()=>s,p_:()=>i});var n=r(860);const i={ERROR:""ERROR"",WARN:""WARN"",INFO:""INFO"",DEBUG:""DEBUG"",TRACE:""TRACE""},a={OFF:0,ERROR:1,WARN:2,INFO:3,DEBUG:4,TRACE:5},o=""log"",s=n.K7.logging},1687:(e,t,r)=>{""use strict"";r.d(t,{Ak:()=>d,Ze:()=>f,x3:()=>u});var n=r(3241),i=r(7836),a=r(3606),o=r(860),s=r(2646);const c={};function d(e,t){const r={staged:!1,priority:o.P3[t]||0};l(e),c[e].get(t)||c[e].set(t,r)}function u(e,t){e&&c[e]&&(c[e].get(t)&&c[e].delete(t),p(e,t,!1),c[e].size&&h(e))}function l(e){if(!e)throw new Error(""agentIdentifier required"");c[e]||(c[e]=new Map)}function f(e="""",t=""feature"",r=!1){if(l(e),!e||!c[e].get(t)||r)return p(e,t);c[e].get(t).staged=!0,h(e)}function h(e){const t=Array.from(c[e]);t.every(([e,t])=>t.staged)&&(t.sort((e,t)=>e[1].priority-t[1].priority),t.forEach(([t])=>{c[e].delete(t),p(e,t)}))}function p(e,t,r=!0){const o=e?i.ee.get(e):i.ee,c=a.i.handlers;if(!o.aborted&&o.backlog&&c){if((0,n.W)({agentIdentifier:e,type:""lifecycle"",name:""drain"",feature:t}),r){const e=o.backlog[t],r=c[t];if(r){for(let t=0;e&&t<e.length;++t)g(e[t],r);Object.entries(r).forEach(([e,t])=>{Object.values(t||{}).forEach(t=>{t[0]?.on&&t[0]?.context()instanceof s.y&&t[0].on(e,t[1])})})}}o.isolatedBacklog||delete c[t],o.backlog[t]=null,o.emit(""drain-""+t,[])}}function g(e,t){var r=e[1];Object.values(t[r]||{}).forEach(t=>{var r=e[0];if(t[0]===r){var n=t[1],i=e[3],a=e[2];n.apply(i,a)}})}},1741:(e,t,r)=>{""use strict"";r.d(t,{W:()=>a});var n=r(944),i=r(4261);class a{#e(e,...t){if(this[e]!==a.prototype[e])return this[e](...t);(0,n.R)(35,e)}addPageAction(e,t){return this.#e(i.hG,e,t)}register(e){return this.#e(i.eY,e)}recordCustomEvent(e,t){return this.#e(i.fF,e,t)}setPageViewName(e,t){return this.#e(i.Fw,e,t)}setCustomAttribute(e,t,r){return this.#e(i.cD,e,t,r)}noticeError(e,t){return this.#e(i.o5,e,t)}setUserId(e){return this.#e(i.",success
rock,Come as You Are,Nirvana,Nevermind,3:36,"3,674,925","37,398,425",https://www.last.fm/music/Nirvana/_/Come+as+You+Are,"
<!DOCTYPE html>

<html class=""no-js playbar-masthead-release-shim youtube-provider-not-ready"" lang=""en"">
<head>
<meta charset=""utf-8""/>
<meta content=""IE=edge"" http-equiv=""X-UA-Compatible""/><script type=""text/javascript"">window.NREUM||(NREUM={});NREUM.info={""beacon"":""bam.nr-data.net"",""errorBeacon"":""bam.nr-data.net"",""licenseKey"":""0ed0ce50b0"",""applicationID"":""5588594"",""transactionName"":""Y1BRbUUFWkMEWxYMV1oadUxZB0BZClZNCV5ZG0RcVUpDRxIWAxVIRxteTEQNVx4TUQcSSxpWUk1WCFtXEF1YMUpVVlgXUAFA"",""queueTime"":0,""applicationTime"":1034,""agent"":""""};
(window.NREUM||(NREUM={})).init={ajax:{deny_list:[""bam.nr-data.net""]}};(window.NREUM||(NREUM={})).loader_config={xpid:""UwYPV15QGwYFXFlXDgU="",licenseKey:""0ed0ce50b0"",applicationID:""5588594"",browserID:""5591142""};;/*! For license information please see nr-loader-full-1.302.0.min.js.LICENSE.txt */
(()=>{var e,t,r={384:(e,t,r)=>{""use strict"";r.d(t,{NT:()=>o,US:()=>u,Zm:()=>s,bQ:()=>d,dV:()=>c,pV:()=>l});var n=r(6154),i=r(1863),a=r(1910);const o={beacon:""bam.nr-data.net"",errorBeacon:""bam.nr-data.net""};function s(){return n.gm.NREUM||(n.gm.NREUM={}),void 0===n.gm.newrelic&&(n.gm.newrelic=n.gm.NREUM),n.gm.NREUM}function c(){let e=s();return e.o||(e.o={ST:n.gm.setTimeout,SI:n.gm.setImmediate||n.gm.setInterval,CT:n.gm.clearTimeout,XHR:n.gm.XMLHttpRequest,REQ:n.gm.Request,EV:n.gm.Event,PR:n.gm.Promise,MO:n.gm.MutationObserver,FETCH:n.gm.fetch,WS:n.gm.WebSocket},(0,a.i)(...Object.values(e.o))),e}function d(e,t){let r=s();r.initializedAgents??={},t.initializedAt={ms:(0,i.t)(),date:new Date},r.initializedAgents[e]=t}function u(e,t){s()[e]=t}function l(){return function(){let e=s();const t=e.info||{};e.info={beacon:o.beacon,errorBeacon:o.errorBeacon,...t}}(),function(){let e=s();const t=e.init||{};e.init={...t}}(),c(),function(){let e=s();const t=e.loader_config||{};e.loader_config={...t}}(),s()}},782:(e,t,r)=>{""use strict"";r.d(t,{T:()=>n});const n=r(860).K7.pageViewTiming},860:(e,t,r)=>{""use strict"";r.d(t,{$J:()=>u,K7:()=>c,P3:()=>d,XX:()=>i,Yy:()=>s,df:()=>a,qY:()=>n,v4:()=>o});const n=""events"",i=""jserrors"",a=""browser/blobs"",o=""rum"",s=""browser/logs"",c={ajax:""ajax"",genericEvents:""generic_events"",jserrors:i,logging:""logging"",metrics:""metrics"",pageAction:""page_action"",pageViewEvent:""page_view_event"",pageViewTiming:""page_view_timing"",sessionReplay:""session_replay"",sessionTrace:""session_trace"",softNav:""soft_navigations"",spa:""spa""},d={[c.pageViewEvent]:1,[c.pageViewTiming]:2,[c.metrics]:3,[c.jserrors]:4,[c.spa]:5,[c.ajax]:6,[c.sessionTrace]:7,[c.softNav]:8,[c.sessionReplay]:9,[c.logging]:10,[c.genericEvents]:11},u={[c.pageViewEvent]:o,[c.pageViewTiming]:n,[c.ajax]:n,[c.spa]:n,[c.softNav]:n,[c.metrics]:i,[c.jserrors]:i,[c.sessionTrace]:a,[c.sessionReplay]:a,[c.logging]:s,[c.genericEvents]:""ins""}},944:(e,t,r)=>{""use strict"";r.d(t,{R:()=>i});var n=r(3241);function i(e,t){""function""==typeof console.debug&&(console.debug(""New Relic Warning: https://github.com/newrelic/newrelic-browser-agent/blob/main/docs/warning-codes.md#"".concat(e),t),(0,n.W)({agentIdentifier:null,drained:null,type:""data"",name:""warn"",feature:""warn"",data:{code:e,secondary:t}}))}},993:(e,t,r)=>{""use strict"";r.d(t,{A$:()=>a,ET:()=>o,TZ:()=>s,p_:()=>i});var n=r(860);const i={ERROR:""ERROR"",WARN:""WARN"",INFO:""INFO"",DEBUG:""DEBUG"",TRACE:""TRACE""},a={OFF:0,ERROR:1,WARN:2,INFO:3,DEBUG:4,TRACE:5},o=""log"",s=n.K7.logging},1687:(e,t,r)=>{""use strict"";r.d(t,{Ak:()=>d,Ze:()=>f,x3:()=>u});var n=r(3241),i=r(7836),a=r(3606),o=r(860),s=r(2646);const c={};function d(e,t){const r={staged:!1,priority:o.P3[t]||0};l(e),c[e].get(t)||c[e].set(t,r)}function u(e,t){e&&c[e]&&(c[e].get(t)&&c[e].delete(t),p(e,t,!1),c[e].size&&h(e))}function l(e){if(!e)throw new Error(""agentIdentifier required"");c[e]||(c[e]=new Map)}function f(e="""",t=""feature"",r=!1){if(l(e),!e||!c[e].get(t)||r)return p(e,t);c[e].get(t).staged=!0,h(e)}function h(e){const t=Array.from(c[e]);t.every(([e,t])=>t.staged)&&(t.sort((e,t)=>e[1].priority-t[1].priority),t.forEach(([t])=>{c[e].delete(t),p(e,t)}))}function p(e,t,r=!0){const o=e?i.ee.get(e):i.ee,c=a.i.handlers;if(!o.aborted&&o.backlog&&c){if((0,n.W)({agentIdentifier:e,type:""lifecycle"",name:""drain"",feature:t}),r){const e=o.backlog[t],r=c[t];if(r){for(let t=0;e&&t<e.length;++t)g(e[t],r);Object.entries(r).forEach(([e,t])=>{Object.values(t||{}).forEach(t=>{t[0]?.on&&t[0]?.context()instanceof s.y&&t[0].on(e,t[1])})})}}o.isolatedBacklog||delete c[t],o.backlog[t]=null,o.emit(""drain-""+t,[])}}function g(e,t){var r=e[1];Object.values(t[r]||{}).forEach(t=>{var r=e[0];if(t[0]===r){var n=t[1],i=e[3],a=e[2];n.apply(i,a)}})}},1741:(e,t,r)=>{""use strict"";r.d(t,{W:()=>a});var n=r(944),i=r(4261);class a{#e(e,...t){if(this[e]!==a.prototype[e])return this[e](...t);(0,n.R)(35,e)}addPageAction(e,t){return this.#e(i.hG,e,t)}register(e){return this.#e(i.eY,e)}recordCustomEvent(e,t){return this.#e(i.fF,e,t)}setPageViewName(e,t){return this.#e(i.Fw,e,t)}setCustomAttribute(e,t,r){return this.#e(i.cD,e,t,r)}noticeError(e,t){return this.#e(i.o5,e,t)}setUserId(e){return this.#e(i",success
rock,N/A,N/A,N/A,N/A,N/A,N/A,https://www.last.fm/music/Three+Days+Grace/_/Animal+I+Have+Become,N/A,502_error
rock,N/A,N/A,N/A,N/A,N/A,N/A,https://www.last.fm/music/My+Chemical+Romance/_/I+Don%27t+Love+You,N/A,502_error
rock,N/A,N/A,N/A,N/A,N/A,N/A,https://www.last.fm/music/Muse/_/Supermassive+Black+Hole,N/A,502_error
rock,Otherside,Red Hot Chili Peppers,Californication,4:17,"2,360,492","21,479,539",https://www.last.fm/music/Red+Hot+Chili+Peppers/_/Otherside,"
<!DOCTYPE html>

<html class=""no-js playbar-masthead-release-shim youtube-provider-not-ready"" lang=""en"">
<head>
<meta charset=""utf-8""/>
<meta content=""IE=edge"" http-equiv=""X-UA-Compatible""/><script type=""text/javascript"">window.NREUM||(NREUM={});NREUM.info={""beacon"":""bam.nr-data.net"",""errorBeacon"":""bam.nr-data.net"",""licenseKey"":""0ed0ce50b0"",""applicationID"":""5588594"",""transactionName"":""Y1BRbUUFWkMEWxYMV1oadUxZB0BZClZNCV5ZG0RcVUpDRxIWAxVIRxteTEQNVx4TUQcSSxpWUk1WCFtXEF1YMUpVVlgXUAFA"",""queueTime"":0,""applicationTime"":1957,""agent"":""""};
(window.NREUM||(NREUM={})).init={ajax:{deny_list:[""bam.nr-data.net""]}};(window.NREUM||(NREUM={})).loader_config={xpid:""UwYPV15QGwYFXFlXDgU="",licenseKey:""0ed0ce50b0"",applicationID:""5588594"",browserID:""5591142""};;/*! For license information please see nr-loader-full-1.302.0.min.js.LICENSE.txt */
(()=>{var e,t,r={384:(e,t,r)=>{""use strict"";r.d(t,{NT:()=>o,US:()=>u,Zm:()=>s,bQ:()=>d,dV:()=>c,pV:()=>l});var n=r(6154),i=r(1863),a=r(1910);const o={beacon:""bam.nr-data.net"",errorBeacon:""bam.nr-data.net""};function s(){return n.gm.NREUM||(n.gm.NREUM={}),void 0===n.gm.newrelic&&(n.gm.newrelic=n.gm.NREUM),n.gm.NREUM}function c(){let e=s();return e.o||(e.o={ST:n.gm.setTimeout,SI:n.gm.setImmediate||n.gm.setInterval,CT:n.gm.clearTimeout,XHR:n.gm.XMLHttpRequest,REQ:n.gm.Request,EV:n.gm.Event,PR:n.gm.Promise,MO:n.gm.MutationObserver,FETCH:n.gm.fetch,WS:n.gm.WebSocket},(0,a.i)(...Object.values(e.o))),e}function d(e,t){let r=s();r.initializedAgents??={},t.initializedAt={ms:(0,i.t)(),date:new Date},r.initializedAgents[e]=t}function u(e,t){s()[e]=t}function l(){return function(){let e=s();const t=e.info||{};e.info={beacon:o.beacon,errorBeacon:o.errorBeacon,...t}}(),function(){let e=s();const t=e.init||{};e.init={...t}}(),c(),function(){let e=s();const t=e.loader_config||{};e.loader_config={...t}}(),s()}},782:(e,t,r)=>{""use strict"";r.d(t,{T:()=>n});const n=r(860).K7.pageViewTiming},860:(e,t,r)=>{""use strict"";r.d(t,{$J:()=>u,K7:()=>c,P3:()=>d,XX:()=>i,Yy:()=>s,df:()=>a,qY:()=>n,v4:()=>o});const n=""events"",i=""jserrors"",a=""browser/blobs"",o=""rum"",s=""browser/logs"",c={ajax:""ajax"",genericEvents:""generic_events"",jserrors:i,logging:""logging"",metrics:""metrics"",pageAction:""page_action"",pageViewEvent:""page_view_event"",pageViewTiming:""page_view_timing"",sessionReplay:""session_replay"",sessionTrace:""session_trace"",softNav:""soft_navigations"",spa:""spa""},d={[c.pageViewEvent]:1,[c.pageViewTiming]:2,[c.metrics]:3,[c.jserrors]:4,[c.spa]:5,[c.ajax]:6,[c.sessionTrace]:7,[c.softNav]:8,[c.sessionReplay]:9,[c.logging]:10,[c.genericEvents]:11},u={[c.pageViewEvent]:o,[c.pageViewTiming]:n,[c.ajax]:n,[c.spa]:n,[c.softNav]:n,[c.metrics]:i,[c.jserrors]:i,[c.sessionTrace]:a,[c.sessionReplay]:a,[c.logging]:s,[c.genericEvents]:""ins""}},944:(e,t,r)=>{""use strict"";r.d(t,{R:()=>i});var n=r(3241);function i(e,t){""function""==typeof console.debug&&(console.debug(""New Relic Warning: https://github.com/newrelic/newrelic-browser-agent/blob/main/docs/warning-codes.md#"".concat(e),t),(0,n.W)({agentIdentifier:null,drained:null,type:""data"",name:""warn"",feature:""warn"",data:{code:e,secondary:t}}))}},993:(e,t,r)=>{""use strict"";r.d(t,{A$:()=>a,ET:()=>o,TZ:()=>s,p_:()=>i});var n=r(860);const i={ERROR:""ERROR"",WARN:""WARN"",INFO:""INFO"",DEBUG:""DEBUG"",TRACE:""TRACE""},a={OFF:0,ERROR:1,WARN:2,INFO:3,DEBUG:4,TRACE:5},o=""log"",s=n.K7.logging},1687:(e,t,r)=>{""use strict"";r.d(t,{Ak:()=>d,Ze:()=>f,x3:()=>u});var n=r(3241),i=r(7836),a=r(3606),o=r(860),s=r(2646);const c={};function d(e,t){const r={staged:!1,priority:o.P3[t]||0};l(e),c[e].get(t)||c[e].set(t,r)}function u(e,t){e&&c[e]&&(c[e].get(t)&&c[e].delete(t),p(e,t,!1),c[e].size&&h(e))}function l(e){if(!e)throw new Error(""agentIdentifier required"");c[e]||(c[e]=new Map)}function f(e="""",t=""feature"",r=!1){if(l(e),!e||!c[e].get(t)||r)return p(e,t);c[e].get(t).staged=!0,h(e)}function h(e){const t=Array.from(c[e]);t.every(([e,t])=>t.staged)&&(t.sort((e,t)=>e[1].priority-t[1].priority),t.forEach(([t])=>{c[e].delete(t),p(e,t)}))}function p(e,t,r=!0){const o=e?i.ee.get(e):i.ee,c=a.i.handlers;if(!o.aborted&&o.backlog&&c){if((0,n.W)({agentIdentifier:e,type:""lifecycle"",name:""drain"",feature:t}),r){const e=o.backlog[t],r=c[t];if(r){for(let t=0;e&&t<e.length;++t)g(e[t],r);Object.entries(r).forEach(([e,t])=>{Object.values(t||{}).forEach(t=>{t[0]?.on&&t[0]?.context()instanceof s.y&&t[0].on(e,t[1])})})}}o.isolatedBacklog||delete c[t],o.backlog[t]=null,o.emit(""drain-""+t,[])}}function g(e,t){var r=e[1];Object.values(t[r]||{}).forEach(t=>{var r=e[0];if(t[0]===r){var n=t[1],i=e[3],a=e[2];n.apply(i,a)}})}},1741:(e,t,r)=>{""use strict"";r.d(t,{W:()=>a});var n=r(944),i=r(4261);class a{#e(e,...t){if(this[e]!==a.prototype[e])return this[e](...t);(0,n.R)(35,e)}addPageAction(e,t){return this.#e(i.hG,e,t)}register(e){return this.#e(i.eY,e)}recordCustomEvent(e,t){return this.#e(i.fF,e,t)}setPageViewName(e,t){return this.#e(i.Fw,e,t)}setCustomAttribute(e,t,r){return this.#e(i.cD,e,t,r)}noticeError(e,t){return this.#e(i.o5,e,t)}setUserId(e){return this.#e(i",success
rock,N/A,N/A,N/A,N/A,N/A,N/A,https://www.last.fm/music/Nirvana/_/Smells+Like+Teen+Spirit,N/A,request_error
rock,N/A,N/A,N/A,N/A,N/A,N/A,https://www.last.fm/music/System+of+a+Down/_/Lonely+Day,N/A,502_error
rock,N/A,N/A,N/A,N/A,N/A,N/A,https://www.last.fm/music/Kings+of+Leon/_/Sex+on+Fire,N/A,502_error
rock,Creep,Radiohead,Pablo Honey,3:55,"3,829,329","53,489,343",https://www.last.fm/music/Radiohead/_/Creep,"
<!DOCTYPE html>

<html class=""no-js playbar-masthead-release-shim youtube-provider-not-ready"" lang=""en"">
<head>
<meta charset=""utf-8""/>
<meta content=""IE=edge"" http-equiv=""X-UA-Compatible""/><script type=""text/javascript"">window.NREUM||(NREUM={});NREUM.info={""beacon"":""bam.nr-data.net"",""errorBeacon"":""bam.nr-data.net"",""licenseKey"":""0ed0ce50b0"",""applicationID"":""5588594"",""transactionName"":""Y1BRbUUFWkMEWxYMV1oadUxZB0BZClZNCV5ZG0RcVUpDRxIWAxVIRxteTEQNVx4TUQcSSxpWUk1WCFtXEF1YMUpVVlgXUAFA"",""queueTime"":0,""applicationTime"":765,""agent"":""""};
(window.NREUM||(NREUM={})).init={ajax:{deny_list:[""bam.nr-data.net""]}};(window.NREUM||(NREUM={})).loader_config={xpid:""UwYPV15QGwYFXFlXDgU="",licenseKey:""0ed0ce50b0"",applicationID:""5588594"",browserID:""5591142""};;/*! For license information please see nr-loader-full-1.302.0.min.js.LICENSE.txt */
(()=>{var e,t,r={384:(e,t,r)=>{""use strict"";r.d(t,{NT:()=>o,US:()=>u,Zm:()=>s,bQ:()=>d,dV:()=>c,pV:()=>l});var n=r(6154),i=r(1863),a=r(1910);const o={beacon:""bam.nr-data.net"",errorBeacon:""bam.nr-data.net""};function s(){return n.gm.NREUM||(n.gm.NREUM={}),void 0===n.gm.newrelic&&(n.gm.newrelic=n.gm.NREUM),n.gm.NREUM}function c(){let e=s();return e.o||(e.o={ST:n.gm.setTimeout,SI:n.gm.setImmediate||n.gm.setInterval,CT:n.gm.clearTimeout,XHR:n.gm.XMLHttpRequest,REQ:n.gm.Request,EV:n.gm.Event,PR:n.gm.Promise,MO:n.gm.MutationObserver,FETCH:n.gm.fetch,WS:n.gm.WebSocket},(0,a.i)(...Object.values(e.o))),e}function d(e,t){let r=s();r.initializedAgents??={},t.initializedAt={ms:(0,i.t)(),date:new Date},r.initializedAgents[e]=t}function u(e,t){s()[e]=t}function l(){return function(){let e=s();const t=e.info||{};e.info={beacon:o.beacon,errorBeacon:o.errorBeacon,...t}}(),function(){let e=s();const t=e.init||{};e.init={...t}}(),c(),function(){let e=s();const t=e.loader_config||{};e.loader_config={...t}}(),s()}},782:(e,t,r)=>{""use strict"";r.d(t,{T:()=>n});const n=r(860).K7.pageViewTiming},860:(e,t,r)=>{""use strict"";r.d(t,{$J:()=>u,K7:()=>c,P3:()=>d,XX:()=>i,Yy:()=>s,df:()=>a,qY:()=>n,v4:()=>o});const n=""events"",i=""jserrors"",a=""browser/blobs"",o=""rum"",s=""browser/logs"",c={ajax:""ajax"",genericEvents:""generic_events"",jserrors:i,logging:""logging"",metrics:""metrics"",pageAction:""page_action"",pageViewEvent:""page_view_event"",pageViewTiming:""page_view_timing"",sessionReplay:""session_replay"",sessionTrace:""session_trace"",softNav:""soft_navigations"",spa:""spa""},d={[c.pageViewEvent]:1,[c.pageViewTiming]:2,[c.metrics]:3,[c.jserrors]:4,[c.spa]:5,[c.ajax]:6,[c.sessionTrace]:7,[c.softNav]:8,[c.sessionReplay]:9,[c.logging]:10,[c.genericEvents]:11},u={[c.pageViewEvent]:o,[c.pageViewTiming]:n,[c.ajax]:n,[c.spa]:n,[c.softNav]:n,[c.metrics]:i,[c.jserrors]:i,[c.sessionTrace]:a,[c.sessionReplay]:a,[c.logging]:s,[c.genericEvents]:""ins""}},944:(e,t,r)=>{""use strict"";r.d(t,{R:()=>i});var n=r(3241);function i(e,t){""function""==typeof console.debug&&(console.debug(""New Relic Warning: https://github.com/newrelic/newrelic-browser-agent/blob/main/docs/warning-codes.md#"".concat(e),t),(0,n.W)({agentIdentifier:null,drained:null,type:""data"",name:""warn"",feature:""warn"",data:{code:e,secondary:t}}))}},993:(e,t,r)=>{""use strict"";r.d(t,{A$:()=>a,ET:()=>o,TZ:()=>s,p_:()=>i});var n=r(860);const i={ERROR:""ERROR"",WARN:""WARN"",INFO:""INFO"",DEBUG:""DEBUG"",TRACE:""TRACE""},a={OFF:0,ERROR:1,WARN:2,INFO:3,DEBUG:4,TRACE:5},o=""log"",s=n.K7.logging},1687:(e,t,r)=>{""use strict"";r.d(t,{Ak:()=>d,Ze:()=>f,x3:()=>u});var n=r(3241),i=r(7836),a=r(3606),o=r(860),s=r(2646);const c={};function d(e,t){const r={staged:!1,priority:o.P3[t]||0};l(e),c[e].get(t)||c[e].set(t,r)}function u(e,t){e&&c[e]&&(c[e].get(t)&&c[e].delete(t),p(e,t,!1),c[e].size&&h(e))}function l(e){if(!e)throw new Error(""agentIdentifier required"");c[e]||(c[e]=new Map)}function f(e="""",t=""feature"",r=!1){if(l(e),!e||!c[e].get(t)||r)return p(e,t);c[e].get(t).staged=!0,h(e)}function h(e){const t=Array.from(c[e]);t.every(([e,t])=>t.staged)&&(t.sort((e,t)=>e[1].priority-t[1].priority),t.forEach(([t])=>{c[e].delete(t),p(e,t)}))}function p(e,t,r=!0){const o=e?i.ee.get(e):i.ee,c=a.i.handlers;if(!o.aborted&&o.backlog&&c){if((0,n.W)({agentIdentifier:e,type:""lifecycle"",name:""drain"",feature:t}),r){const e=o.backlog[t],r=c[t];if(r){for(let t=0;e&&t<e.length;++t)g(e[t],r);Object.entries(r).forEach(([e,t])=>{Object.values(t||{}).forEach(t=>{t[0]?.on&&t[0]?.context()instanceof s.y&&t[0].on(e,t[1])})})}}o.isolatedBacklog||delete c[t],o.backlog[t]=null,o.emit(""drain-""+t,[])}}function g(e,t){var r=e[1];Object.values(t[r]||{}).forEach(t=>{var r=e[0];if(t[0]===r){var n=t[1],i=e[3],a=e[2];n.apply(i,a)}})}},1741:(e,t,r)=>{""use strict"";r.d(t,{W:()=>a});var n=r(944),i=r(4261);class a{#e(e,...t){if(this[e]!==a.prototype[e])return this[e](...t);(0,n.R)(35,e)}addPageAction(e,t){return this.#e(i.hG,e,t)}register(e){return this.#e(i.eY,e)}recordCustomEvent(e,t){return this.#e(i.fF,e,t)}setPageViewName(e,t){return this.#e(i.Fw,e,t)}setCustomAttribute(e,t,r){return this.#e(i.cD,e,t,r)}noticeError(e,t){return this.#e(i.o5,e,t)}setUserId(e){return this.#e(i.",success
rock,N/A,N/A,N/A,N/A,N/A,N/A,https://www.last.fm/music/Deftones/_/Change+(In+the+House+of+Flies),N/A,502_error
rock,N/A,N/A,N/A,N/A,N/A,N/A,https://www.last.fm/music/Panic!+at+the+Disco/_/I+Write+Sins+Not+Tragedies,N/A,502_error
rock,N/A,N/A,N/A,N/A,N/A,N/A,https://www.last.fm/music/The+Cranberries/_/Dreams,N/A,502_error
rock,N/A,N/A,N/A,N/A,N/A,N/A,https://www.last.fm/music/The+Killers/_/Somebody+Told+Me,N/A,502_error
rock,I'm Not Okay (I Promise),My Chemical Romance,Three Cheers for Sweet Revenge,3:08,"1,580,609","20,610,938",https://www.last.fm/music/My+Chemical+Romance/_/I%27m+Not+Okay+(I+Promise),"
<!DOCTYPE html>

<html class=""no-js playbar-masthead-release-shim youtube-provider-not-ready"" lang=""en"">
<head>
<meta charset=""utf-8""/>
<meta content=""IE=edge"" http-equiv=""X-UA-Compatible""/><script type=""text/javascript"">window.NREUM||(NREUM={});NREUM.info={""beacon"":""bam.nr-data.net"",""errorBeacon"":""bam.nr-data.net"",""licenseKey"":""0ed0ce50b0"",""applicationID"":""5588594"",""transactionName"":""Y1BRbUUFWkMEWxYMV1oadUxZB0BZClZNCV5ZG0RcVUpDRxIWAxVIRxteTEQNVx4TUQcSSxpWUk1WCFtXEF1YMUpVVlgXUAFA"",""queueTime"":0,""applicationTime"":634,""agent"":""""};
(window.NREUM||(NREUM={})).init={ajax:{deny_list:[""bam.nr-data.net""]}};(window.NREUM||(NREUM={})).loader_config={xpid:""UwYPV15QGwYFXFlXDgU="",licenseKey:""0ed0ce50b0"",applicationID:""5588594"",browserID:""5591142""};;/*! For license information please see nr-loader-full-1.302.0.min.js.LICENSE.txt */
(()=>{var e,t,r={384:(e,t,r)=>{""use strict"";r.d(t,{NT:()=>o,US:()=>u,Zm:()=>s,bQ:()=>d,dV:()=>c,pV:()=>l});var n=r(6154),i=r(1863),a=r(1910);const o={beacon:""bam.nr-data.net"",errorBeacon:""bam.nr-data.net""};function s(){return n.gm.NREUM||(n.gm.NREUM={}),void 0===n.gm.newrelic&&(n.gm.newrelic=n.gm.NREUM),n.gm.NREUM}function c(){let e=s();return e.o||(e.o={ST:n.gm.setTimeout,SI:n.gm.setImmediate||n.gm.setInterval,CT:n.gm.clearTimeout,XHR:n.gm.XMLHttpRequest,REQ:n.gm.Request,EV:n.gm.Event,PR:n.gm.Promise,MO:n.gm.MutationObserver,FETCH:n.gm.fetch,WS:n.gm.WebSocket},(0,a.i)(...Object.values(e.o))),e}function d(e,t){let r=s();r.initializedAgents??={},t.initializedAt={ms:(0,i.t)(),date:new Date},r.initializedAgents[e]=t}function u(e,t){s()[e]=t}function l(){return function(){let e=s();const t=e.info||{};e.info={beacon:o.beacon,errorBeacon:o.errorBeacon,...t}}(),function(){let e=s();const t=e.init||{};e.init={...t}}(),c(),function(){let e=s();const t=e.loader_config||{};e.loader_config={...t}}(),s()}},782:(e,t,r)=>{""use strict"";r.d(t,{T:()=>n});const n=r(860).K7.pageViewTiming},860:(e,t,r)=>{""use strict"";r.d(t,{$J:()=>u,K7:()=>c,P3:()=>d,XX:()=>i,Yy:()=>s,df:()=>a,qY:()=>n,v4:()=>o});const n=""events"",i=""jserrors"",a=""browser/blobs"",o=""rum"",s=""browser/logs"",c={ajax:""ajax"",genericEvents:""generic_events"",jserrors:i,logging:""logging"",metrics:""metrics"",pageAction:""page_action"",pageViewEvent:""page_view_event"",pageViewTiming:""page_view_timing"",sessionReplay:""session_replay"",sessionTrace:""session_trace"",softNav:""soft_navigations"",spa:""spa""},d={[c.pageViewEvent]:1,[c.pageViewTiming]:2,[c.metrics]:3,[c.jserrors]:4,[c.spa]:5,[c.ajax]:6,[c.sessionTrace]:7,[c.softNav]:8,[c.sessionReplay]:9,[c.logging]:10,[c.genericEvents]:11},u={[c.pageViewEvent]:o,[c.pageViewTiming]:n,[c.ajax]:n,[c.spa]:n,[c.softNav]:n,[c.metrics]:i,[c.jserrors]:i,[c.sessionTrace]:a,[c.sessionReplay]:a,[c.logging]:s,[c.genericEvents]:""ins""}},944:(e,t,r)=>{""use strict"";r.d(t,{R:()=>i});var n=r(3241);function i(e,t){""function""==typeof console.debug&&(console.debug(""New Relic Warning: https://github.com/newrelic/newrelic-browser-agent/blob/main/docs/warning-codes.md#"".concat(e),t),(0,n.W)({agentIdentifier:null,drained:null,type:""data"",name:""warn"",feature:""warn"",data:{code:e,secondary:t}}))}},993:(e,t,r)=>{""use strict"";r.d(t,{A$:()=>a,ET:()=>o,TZ:()=>s,p_:()=>i});var n=r(860);const i={ERROR:""ERROR"",WARN:""WARN"",INFO:""INFO"",DEBUG:""DEBUG"",TRACE:""TRACE""},a={OFF:0,ERROR:1,WARN:2,INFO:3,DEBUG:4,TRACE:5},o=""log"",s=n.K7.logging},1687:(e,t,r)=>{""use strict"";r.d(t,{Ak:()=>d,Ze:()=>f,x3:()=>u});var n=r(3241),i=r(7836),a=r(3606),o=r(860),s=r(2646);const c={};function d(e,t){const r={staged:!1,priority:o.P3[t]||0};l(e),c[e].get(t)||c[e].set(t,r)}function u(e,t){e&&c[e]&&(c[e].get(t)&&c[e].delete(t),p(e,t,!1),c[e].size&&h(e))}function l(e){if(!e)throw new Error(""agentIdentifier required"");c[e]||(c[e]=new Map)}function f(e="""",t=""feature"",r=!1){if(l(e),!e||!c[e].get(t)||r)return p(e,t);c[e].get(t).staged=!0,h(e)}function h(e){const t=Array.from(c[e]);t.every(([e,t])=>t.staged)&&(t.sort((e,t)=>e[1].priority-t[1].priority),t.forEach(([t])=>{c[e].delete(t),p(e,t)}))}function p(e,t,r=!0){const o=e?i.ee.get(e):i.ee,c=a.i.handlers;if(!o.aborted&&o.backlog&&c){if((0,n.W)({agentIdentifier:e,type:""lifecycle"",name:""drain"",feature:t}),r){const e=o.backlog[t],r=c[t];if(r){for(let t=0;e&&t<e.length;++t)g(e[t],r);Object.entries(r).forEach(([e,t])=>{Object.values(t||{}).forEach(t=>{t[0]?.on&&t[0]?.context()instanceof s.y&&t[0].on(e,t[1])})})}}o.isolatedBacklog||delete c[t],o.backlog[t]=null,o.emit(""drain-""+t,[])}}function g(e,t){var r=e[1];Object.values(t[r]||{}).forEach(t=>{var r=e[0];if(t[0]===r){var n=t[1],i=e[3],a=e[2];n.apply(i,a)}})}},1741:(e,t,r)=>{""use strict"";r.d(t,{W:()=>a});var n=r(944),i=r(4261);class a{#e(e,...t){if(this[e]!==a.prototype[e])return this[e](...t);(0,n.R)(35,e)}addPageAction(e,t){return this.#e(i.hG,e,t)}register(e){return this.#e(i.eY,e)}recordCustomEvent(e,t){return this.#e(i.fF,e,t)}setPageViewName(e,t){return this.#e(i.Fw,e,t)}setCustomAttribute(e,t,r){return this.#e(i.cD,e,t,r)}noticeError(e,t){return this.#e(i.o5,e,t)}setUserId(e){return this.#e(i.",success
rock,One Last Breath,Creed,Weathered,3:59,"1,045,138","9,421,418",https://www.last.fm/music/Creed/_/One+Last+Breath,"
<!DOCTYPE html>

<html class=""no-js playbar-masthead-release-shim youtube-provider-not-ready"" lang=""en"">
<head>
<meta charset=""utf-8""/>
<meta content=""IE=edge"" http-equiv=""X-UA-Compatible""/><script type=""text/javascript"">window.NREUM||(NREUM={});NREUM.info={""beacon"":""bam.nr-data.net"",""errorBeacon"":""bam.nr-data.net"",""licenseKey"":""0ed0ce50b0"",""applicationID"":""5588594"",""transactionName"":""Y1BRbUUFWkMEWxYMV1oadUxZB0BZClZNCV5ZG0RcVUpDRxIWAxVIRxteTEQNVx4TUQcSSxpWUk1WCFtXEF1YMUpVVlgXUAFA"",""queueTime"":0,""applicationTime"":863,""agent"":""""};
(window.NREUM||(NREUM={})).init={ajax:{deny_list:[""bam.nr-data.net""]}};(window.NREUM||(NREUM={})).loader_config={xpid:""UwYPV15QGwYFXFlXDgU="",licenseKey:""0ed0ce50b0"",applicationID:""5588594"",browserID:""5591142""};;/*! For license information please see nr-loader-full-1.302.0.min.js.LICENSE.txt */
(()=>{var e,t,r={384:(e,t,r)=>{""use strict"";r.d(t,{NT:()=>o,US:()=>u,Zm:()=>s,bQ:()=>d,dV:()=>c,pV:()=>l});var n=r(6154),i=r(1863),a=r(1910);const o={beacon:""bam.nr-data.net"",errorBeacon:""bam.nr-data.net""};function s(){return n.gm.NREUM||(n.gm.NREUM={}),void 0===n.gm.newrelic&&(n.gm.newrelic=n.gm.NREUM),n.gm.NREUM}function c(){let e=s();return e.o||(e.o={ST:n.gm.setTimeout,SI:n.gm.setImmediate||n.gm.setInterval,CT:n.gm.clearTimeout,XHR:n.gm.XMLHttpRequest,REQ:n.gm.Request,EV:n.gm.Event,PR:n.gm.Promise,MO:n.gm.MutationObserver,FETCH:n.gm.fetch,WS:n.gm.WebSocket},(0,a.i)(...Object.values(e.o))),e}function d(e,t){let r=s();r.initializedAgents??={},t.initializedAt={ms:(0,i.t)(),date:new Date},r.initializedAgents[e]=t}function u(e,t){s()[e]=t}function l(){return function(){let e=s();const t=e.info||{};e.info={beacon:o.beacon,errorBeacon:o.errorBeacon,...t}}(),function(){let e=s();const t=e.init||{};e.init={...t}}(),c(),function(){let e=s();const t=e.loader_config||{};e.loader_config={...t}}(),s()}},782:(e,t,r)=>{""use strict"";r.d(t,{T:()=>n});const n=r(860).K7.pageViewTiming},860:(e,t,r)=>{""use strict"";r.d(t,{$J:()=>u,K7:()=>c,P3:()=>d,XX:()=>i,Yy:()=>s,df:()=>a,qY:()=>n,v4:()=>o});const n=""events"",i=""jserrors"",a=""browser/blobs"",o=""rum"",s=""browser/logs"",c={ajax:""ajax"",genericEvents:""generic_events"",jserrors:i,logging:""logging"",metrics:""metrics"",pageAction:""page_action"",pageViewEvent:""page_view_event"",pageViewTiming:""page_view_timing"",sessionReplay:""session_replay"",sessionTrace:""session_trace"",softNav:""soft_navigations"",spa:""spa""},d={[c.pageViewEvent]:1,[c.pageViewTiming]:2,[c.metrics]:3,[c.jserrors]:4,[c.spa]:5,[c.ajax]:6,[c.sessionTrace]:7,[c.softNav]:8,[c.sessionReplay]:9,[c.logging]:10,[c.genericEvents]:11},u={[c.pageViewEvent]:o,[c.pageViewTiming]:n,[c.ajax]:n,[c.spa]:n,[c.softNav]:n,[c.metrics]:i,[c.jserrors]:i,[c.sessionTrace]:a,[c.sessionReplay]:a,[c.logging]:s,[c.genericEvents]:""ins""}},944:(e,t,r)=>{""use strict"";r.d(t,{R:()=>i});var n=r(3241);function i(e,t){""function""==typeof console.debug&&(console.debug(""New Relic Warning: https://github.com/newrelic/newrelic-browser-agent/blob/main/docs/warning-codes.md#"".concat(e),t),(0,n.W)({agentIdentifier:null,drained:null,type:""data"",name:""warn"",feature:""warn"",data:{code:e,secondary:t}}))}},993:(e,t,r)=>{""use strict"";r.d(t,{A$:()=>a,ET:()=>o,TZ:()=>s,p_:()=>i});var n=r(860);const i={ERROR:""ERROR"",WARN:""WARN"",INFO:""INFO"",DEBUG:""DEBUG"",TRACE:""TRACE""},a={OFF:0,ERROR:1,WARN:2,INFO:3,DEBUG:4,TRACE:5},o=""log"",s=n.K7.logging},1687:(e,t,r)=>{""use strict"";r.d(t,{Ak:()=>d,Ze:()=>f,x3:()=>u});var n=r(3241),i=r(7836),a=r(3606),o=r(860),s=r(2646);const c={};function d(e,t){const r={staged:!1,priority:o.P3[t]||0};l(e),c[e].get(t)||c[e].set(t,r)}function u(e,t){e&&c[e]&&(c[e].get(t)&&c[e].delete(t),p(e,t,!1),c[e].size&&h(e))}function l(e){if(!e)throw new Error(""agentIdentifier required"");c[e]||(c[e]=new Map)}function f(e="""",t=""feature"",r=!1){if(l(e),!e||!c[e].get(t)||r)return p(e,t);c[e].get(t).staged=!0,h(e)}function h(e){const t=Array.from(c[e]);t.every(([e,t])=>t.staged)&&(t.sort((e,t)=>e[1].priority-t[1].priority),t.forEach(([t])=>{c[e].delete(t),p(e,t)}))}function p(e,t,r=!0){const o=e?i.ee.get(e):i.ee,c=a.i.handlers;if(!o.aborted&&o.backlog&&c){if((0,n.W)({agentIdentifier:e,type:""lifecycle"",name:""drain"",feature:t}),r){const e=o.backlog[t],r=c[t];if(r){for(let t=0;e&&t<e.length;++t)g(e[t],r);Object.entries(r).forEach(([e,t])=>{Object.values(t||{}).forEach(t=>{t[0]?.on&&t[0]?.context()instanceof s.y&&t[0].on(e,t[1])})})}}o.isolatedBacklog||delete c[t],o.backlog[t]=null,o.emit(""drain-""+t,[])}}function g(e,t){var r=e[1];Object.values(t[r]||{}).forEach(t=>{var r=e[0];if(t[0]===r){var n=t[1],i=e[3],a=e[2];n.apply(i,a)}})}},1741:(e,t,r)=>{""use strict"";r.d(t,{W:()=>a});var n=r(944),i=r(4261);class a{#e(e,...t){if(this[e]!==a.prototype[e])return this[e](...t);(0,n.R)(35,e)}addPageAction(e,t){return this.#e(i.hG,e,t)}register(e){return this.#e(i.eY,e)}recordCustomEvent(e,t){return this.#e(i.fF,e,t)}setPageViewName(e,t){return this.#e(i.Fw,e,t)}setCustomAttribute(e,t,r){return this.#e(i.cD,e,t,r)}noticeError(e,t){return this.#e(i.o5,e,t)}setUserId(e){return this.#e(i.",success
rock,N/A,N/A,N/A,N/A,N/A,N/A,https://www.last.fm/music/My+Chemical+Romance/_/The+Ghost+of+You,N/A,502_error
rock,N/A,N/A,N/A,N/A,N/A,N/A,https://www.last.fm/music/Weezer/_/Buddy+Holly,N/A,502_error
rock,N/A,N/A,N/A,N/A,N/A,N/A,https://www.last.fm/music/R.E.M./_/Losing+My+Religion,N/A,502_error
hip-hop,Flashing Lights,Kanye West,Graduation,3:58,"2,011,971","32,939,921",https://www.last.fm/music/Kanye+West/_/Flashing+Lights,"
<!DOCTYPE html>

<html class=""no-js playbar-masthead-release-shim youtube-provider-not-ready"" lang=""en"">
<head>
<meta charset=""utf-8""/>
<meta content=""IE=edge"" http-equiv=""X-UA-Compatible""/><script type=""text/javascript"">window.NREUM||(NREUM={});NREUM.info={""beacon"":""bam.nr-data.net"",""errorBeacon"":""bam.nr-data.net"",""licenseKey"":""0ed0ce50b0"",""applicationID"":""5588594"",""transactionName"":""Y1BRbUUFWkMEWxYMV1oadUxZB0BZClZNCV5ZG0RcVUpDRxIWAxVIRxteTEQNVx4TUQcSSxpWUk1WCFtXEF1YMUpVVlgXUAFA"",""queueTime"":0,""applicationTime"":801,""agent"":""""};
(window.NREUM||(NREUM={})).init={ajax:{deny_list:[""bam.nr-data.net""]}};(window.NREUM||(NREUM={})).loader_config={xpid:""UwYPV15QGwYFXFlXDgU="",licenseKey:""0ed0ce50b0"",applicationID:""5588594"",browserID:""5591142""};;/*! For license information please see nr-loader-full-1.302.0.min.js.LICENSE.txt */
(()=>{var e,t,r={384:(e,t,r)=>{""use strict"";r.d(t,{NT:()=>o,US:()=>u,Zm:()=>s,bQ:()=>d,dV:()=>c,pV:()=>l});var n=r(6154),i=r(1863),a=r(1910);const o={beacon:""bam.nr-data.net"",errorBeacon:""bam.nr-data.net""};function s(){return n.gm.NREUM||(n.gm.NREUM={}),void 0===n.gm.newrelic&&(n.gm.newrelic=n.gm.NREUM),n.gm.NREUM}function c(){let e=s();return e.o||(e.o={ST:n.gm.setTimeout,SI:n.gm.setImmediate||n.gm.setInterval,CT:n.gm.clearTimeout,XHR:n.gm.XMLHttpRequest,REQ:n.gm.Request,EV:n.gm.Event,PR:n.gm.Promise,MO:n.gm.MutationObserver,FETCH:n.gm.fetch,WS:n.gm.WebSocket},(0,a.i)(...Object.values(e.o))),e}function d(e,t){let r=s();r.initializedAgents??={},t.initializedAt={ms:(0,i.t)(),date:new Date},r.initializedAgents[e]=t}function u(e,t){s()[e]=t}function l(){return function(){let e=s();const t=e.info||{};e.info={beacon:o.beacon,errorBeacon:o.errorBeacon,...t}}(),function(){let e=s();const t=e.init||{};e.init={...t}}(),c(),function(){let e=s();const t=e.loader_config||{};e.loader_config={...t}}(),s()}},782:(e,t,r)=>{""use strict"";r.d(t,{T:()=>n});const n=r(860).K7.pageViewTiming},860:(e,t,r)=>{""use strict"";r.d(t,{$J:()=>u,K7:()=>c,P3:()=>d,XX:()=>i,Yy:()=>s,df:()=>a,qY:()=>n,v4:()=>o});const n=""events"",i=""jserrors"",a=""browser/blobs"",o=""rum"",s=""browser/logs"",c={ajax:""ajax"",genericEvents:""generic_events"",jserrors:i,logging:""logging"",metrics:""metrics"",pageAction:""page_action"",pageViewEvent:""page_view_event"",pageViewTiming:""page_view_timing"",sessionReplay:""session_replay"",sessionTrace:""session_trace"",softNav:""soft_navigations"",spa:""spa""},d={[c.pageViewEvent]:1,[c.pageViewTiming]:2,[c.metrics]:3,[c.jserrors]:4,[c.spa]:5,[c.ajax]:6,[c.sessionTrace]:7,[c.softNav]:8,[c.sessionReplay]:9,[c.logging]:10,[c.genericEvents]:11},u={[c.pageViewEvent]:o,[c.pageViewTiming]:n,[c.ajax]:n,[c.spa]:n,[c.softNav]:n,[c.metrics]:i,[c.jserrors]:i,[c.sessionTrace]:a,[c.sessionReplay]:a,[c.logging]:s,[c.genericEvents]:""ins""}},944:(e,t,r)=>{""use strict"";r.d(t,{R:()=>i});var n=r(3241);function i(e,t){""function""==typeof console.debug&&(console.debug(""New Relic Warning: https://github.com/newrelic/newrelic-browser-agent/blob/main/docs/warning-codes.md#"".concat(e),t),(0,n.W)({agentIdentifier:null,drained:null,type:""data"",name:""warn"",feature:""warn"",data:{code:e,secondary:t}}))}},993:(e,t,r)=>{""use strict"";r.d(t,{A$:()=>a,ET:()=>o,TZ:()=>s,p_:()=>i});var n=r(860);const i={ERROR:""ERROR"",WARN:""WARN"",INFO:""INFO"",DEBUG:""DEBUG"",TRACE:""TRACE""},a={OFF:0,ERROR:1,WARN:2,INFO:3,DEBUG:4,TRACE:5},o=""log"",s=n.K7.logging},1687:(e,t,r)=>{""use strict"";r.d(t,{Ak:()=>d,Ze:()=>f,x3:()=>u});var n=r(3241),i=r(7836),a=r(3606),o=r(860),s=r(2646);const c={};function d(e,t){const r={staged:!1,priority:o.P3[t]||0};l(e),c[e].get(t)||c[e].set(t,r)}function u(e,t){e&&c[e]&&(c[e].get(t)&&c[e].delete(t),p(e,t,!1),c[e].size&&h(e))}function l(e){if(!e)throw new Error(""agentIdentifier required"");c[e]||(c[e]=new Map)}function f(e="""",t=""feature"",r=!1){if(l(e),!e||!c[e].get(t)||r)return p(e,t);c[e].get(t).staged=!0,h(e)}function h(e){const t=Array.from(c[e]);t.every(([e,t])=>t.staged)&&(t.sort((e,t)=>e[1].priority-t[1].priority),t.forEach(([t])=>{c[e].delete(t),p(e,t)}))}function p(e,t,r=!0){const o=e?i.ee.get(e):i.ee,c=a.i.handlers;if(!o.aborted&&o.backlog&&c){if((0,n.W)({agentIdentifier:e,type:""lifecycle"",name:""drain"",feature:t}),r){const e=o.backlog[t],r=c[t];if(r){for(let t=0;e&&t<e.length;++t)g(e[t],r);Object.entries(r).forEach(([e,t])=>{Object.values(t||{}).forEach(t=>{t[0]?.on&&t[0]?.context()instanceof s.y&&t[0].on(e,t[1])})})}}o.isolatedBacklog||delete c[t],o.backlog[t]=null,o.emit(""drain-""+t,[])}}function g(e,t){var r=e[1];Object.values(t[r]||{}).forEach(t=>{var r=e[0];if(t[0]===r){var n=t[1],i=e[3],a=e[2];n.apply(i,a)}})}},1741:(e,t,r)=>{""use strict"";r.d(t,{W:()=>a});var n=r(944),i=r(4261);class a{#e(e,...t){if(this[e]!==a.prototype[e])return this[e](...t);(0,n.R)(35,e)}addPageAction(e,t){return this.#e(i.hG,e,t)}register(e){return this.#e(i.eY,e)}recordCustomEvent(e,t){return this.#e(i.fF,e,t)}setPageViewName(e,t){return this.#e(i.Fw,e,t)}setCustomAttribute(e,t,r){return this.#e(i.cD,e,t,r)}noticeError(e,t){return this.#e(i.o5,e,t)}setUserId(e){return this.#e(i.",success
hip-hop,Heartbeat,Childish Gambino,Camp,4:32,"1,324,779","18,505,227",https://www.last.fm/music/Childish+Gambino/_/Heartbeat,"
<!DOCTYPE html>

<html class=""no-js playbar-masthead-release-shim youtube-provider-not-ready"" lang=""en"">
<head>
<meta charset=""utf-8""/>
<meta content=""IE=edge"" http-equiv=""X-UA-Compatible""/><script type=""text/javascript"">window.NREUM||(NREUM={});NREUM.info={""beacon"":""bam.nr-data.net"",""errorBeacon"":""bam.nr-data.net"",""licenseKey"":""0ed0ce50b0"",""applicationID"":""5588594"",""transactionName"":""Y1BRbUUFWkMEWxYMV1oadUxZB0BZClZNCV5ZG0RcVUpDRxIWAxVIRxteTEQNVx4TUQcSSxpWUk1WCFtXEF1YMUpVVlgXUAFA"",""queueTime"":0,""applicationTime"":823,""agent"":""""};
(window.NREUM||(NREUM={})).init={ajax:{deny_list:[""bam.nr-data.net""]}};(window.NREUM||(NREUM={})).loader_config={xpid:""UwYPV15QGwYFXFlXDgU="",licenseKey:""0ed0ce50b0"",applicationID:""5588594"",browserID:""5591142""};;/*! For license information please see nr-loader-full-1.302.0.min.js.LICENSE.txt */
(()=>{var e,t,r={384:(e,t,r)=>{""use strict"";r.d(t,{NT:()=>o,US:()=>u,Zm:()=>s,bQ:()=>d,dV:()=>c,pV:()=>l});var n=r(6154),i=r(1863),a=r(1910);const o={beacon:""bam.nr-data.net"",errorBeacon:""bam.nr-data.net""};function s(){return n.gm.NREUM||(n.gm.NREUM={}),void 0===n.gm.newrelic&&(n.gm.newrelic=n.gm.NREUM),n.gm.NREUM}function c(){let e=s();return e.o||(e.o={ST:n.gm.setTimeout,SI:n.gm.setImmediate||n.gm.setInterval,CT:n.gm.clearTimeout,XHR:n.gm.XMLHttpRequest,REQ:n.gm.Request,EV:n.gm.Event,PR:n.gm.Promise,MO:n.gm.MutationObserver,FETCH:n.gm.fetch,WS:n.gm.WebSocket},(0,a.i)(...Object.values(e.o))),e}function d(e,t){let r=s();r.initializedAgents??={},t.initializedAt={ms:(0,i.t)(),date:new Date},r.initializedAgents[e]=t}function u(e,t){s()[e]=t}function l(){return function(){let e=s();const t=e.info||{};e.info={beacon:o.beacon,errorBeacon:o.errorBeacon,...t}}(),function(){let e=s();const t=e.init||{};e.init={...t}}(),c(),function(){let e=s();const t=e.loader_config||{};e.loader_config={...t}}(),s()}},782:(e,t,r)=>{""use strict"";r.d(t,{T:()=>n});const n=r(860).K7.pageViewTiming},860:(e,t,r)=>{""use strict"";r.d(t,{$J:()=>u,K7:()=>c,P3:()=>d,XX:()=>i,Yy:()=>s,df:()=>a,qY:()=>n,v4:()=>o});const n=""events"",i=""jserrors"",a=""browser/blobs"",o=""rum"",s=""browser/logs"",c={ajax:""ajax"",genericEvents:""generic_events"",jserrors:i,logging:""logging"",metrics:""metrics"",pageAction:""page_action"",pageViewEvent:""page_view_event"",pageViewTiming:""page_view_timing"",sessionReplay:""session_replay"",sessionTrace:""session_trace"",softNav:""soft_navigations"",spa:""spa""},d={[c.pageViewEvent]:1,[c.pageViewTiming]:2,[c.metrics]:3,[c.jserrors]:4,[c.spa]:5,[c.ajax]:6,[c.sessionTrace]:7,[c.softNav]:8,[c.sessionReplay]:9,[c.logging]:10,[c.genericEvents]:11},u={[c.pageViewEvent]:o,[c.pageViewTiming]:n,[c.ajax]:n,[c.spa]:n,[c.softNav]:n,[c.metrics]:i,[c.jserrors]:i,[c.sessionTrace]:a,[c.sessionReplay]:a,[c.logging]:s,[c.genericEvents]:""ins""}},944:(e,t,r)=>{""use strict"";r.d(t,{R:()=>i});var n=r(3241);function i(e,t){""function""==typeof console.debug&&(console.debug(""New Relic Warning: https://github.com/newrelic/newrelic-browser-agent/blob/main/docs/warning-codes.md#"".concat(e),t),(0,n.W)({agentIdentifier:null,drained:null,type:""data"",name:""warn"",feature:""warn"",data:{code:e,secondary:t}}))}},993:(e,t,r)=>{""use strict"";r.d(t,{A$:()=>a,ET:()=>o,TZ:()=>s,p_:()=>i});var n=r(860);const i={ERROR:""ERROR"",WARN:""WARN"",INFO:""INFO"",DEBUG:""DEBUG"",TRACE:""TRACE""},a={OFF:0,ERROR:1,WARN:2,INFO:3,DEBUG:4,TRACE:5},o=""log"",s=n.K7.logging},1687:(e,t,r)=>{""use strict"";r.d(t,{Ak:()=>d,Ze:()=>f,x3:()=>u});var n=r(3241),i=r(7836),a=r(3606),o=r(860),s=r(2646);const c={};function d(e,t){const r={staged:!1,priority:o.P3[t]||0};l(e),c[e].get(t)||c[e].set(t,r)}function u(e,t){e&&c[e]&&(c[e].get(t)&&c[e].delete(t),p(e,t,!1),c[e].size&&h(e))}function l(e){if(!e)throw new Error(""agentIdentifier required"");c[e]||(c[e]=new Map)}function f(e="""",t=""feature"",r=!1){if(l(e),!e||!c[e].get(t)||r)return p(e,t);c[e].get(t).staged=!0,h(e)}function h(e){const t=Array.from(c[e]);t.every(([e,t])=>t.staged)&&(t.sort((e,t)=>e[1].priority-t[1].priority),t.forEach(([t])=>{c[e].delete(t),p(e,t)}))}function p(e,t,r=!0){const o=e?i.ee.get(e):i.ee,c=a.i.handlers;if(!o.aborted&&o.backlog&&c){if((0,n.W)({agentIdentifier:e,type:""lifecycle"",name:""drain"",feature:t}),r){const e=o.backlog[t],r=c[t];if(r){for(let t=0;e&&t<e.length;++t)g(e[t],r);Object.entries(r).forEach(([e,t])=>{Object.values(t||{}).forEach(t=>{t[0]?.on&&t[0]?.context()instanceof s.y&&t[0].on(e,t[1])})})}}o.isolatedBacklog||delete c[t],o.backlog[t]=null,o.emit(""drain-""+t,[])}}function g(e,t){var r=e[1];Object.values(t[r]||{}).forEach(t=>{var r=e[0];if(t[0]===r){var n=t[1],i=e[3],a=e[2];n.apply(i,a)}})}},1741:(e,t,r)=>{""use strict"";r.d(t,{W:()=>a});var n=r(944),i=r(4261);class a{#e(e,...t){if(this[e]!==a.prototype[e])return this[e](...t);(0,n.R)(35,e)}addPageAction(e,t){return this.#e(i.hG,e,t)}register(e){return this.#e(i.eY,e)}recordCustomEvent(e,t){return this.#e(i.fF,e,t)}setPageViewName(e,t){return this.#e(i.Fw,e,t)}setCustomAttribute(e,t,r){return this.#e(i.cD,e,t,r)}noticeError(e,t){return this.#e(i.o5,e,t)}setUserId(e){return this.#e(i.",success
hip-hop,All Falls Down,Kanye West,The College Dropout,3:44,"1,486,802","19,446,254",https://www.last.fm/music/Kanye+West/_/All+Falls+Down,"
<!DOCTYPE html>

<html class=""no-js playbar-masthead-release-shim youtube-provider-not-ready"" lang=""en"">
<head>
<meta charset=""utf-8""/>
<meta content=""IE=edge"" http-equiv=""X-UA-Compatible""/><script type=""text/javascript"">window.NREUM||(NREUM={});NREUM.info={""beacon"":""bam.nr-data.net"",""errorBeacon"":""bam.nr-data.net"",""licenseKey"":""0ed0ce50b0"",""applicationID"":""5588594"",""transactionName"":""Y1BRbUUFWkMEWxYMV1oadUxZB0BZClZNCV5ZG0RcVUpDRxIWAxVIRxteTEQNVx4TUQcSSxpWUk1WCFtXEF1YMUpVVlgXUAFA"",""queueTime"":0,""applicationTime"":532,""agent"":""""};
(window.NREUM||(NREUM={})).init={ajax:{deny_list:[""bam.nr-data.net""]}};(window.NREUM||(NREUM={})).loader_config={xpid:""UwYPV15QGwYFXFlXDgU="",licenseKey:""0ed0ce50b0"",applicationID:""5588594"",browserID:""5591142""};;/*! For license information please see nr-loader-full-1.302.0.min.js.LICENSE.txt */
(()=>{var e,t,r={384:(e,t,r)=>{""use strict"";r.d(t,{NT:()=>o,US:()=>u,Zm:()=>s,bQ:()=>d,dV:()=>c,pV:()=>l});var n=r(6154),i=r(1863),a=r(1910);const o={beacon:""bam.nr-data.net"",errorBeacon:""bam.nr-data.net""};function s(){return n.gm.NREUM||(n.gm.NREUM={}),void 0===n.gm.newrelic&&(n.gm.newrelic=n.gm.NREUM),n.gm.NREUM}function c(){let e=s();return e.o||(e.o={ST:n.gm.setTimeout,SI:n.gm.setImmediate||n.gm.setInterval,CT:n.gm.clearTimeout,XHR:n.gm.XMLHttpRequest,REQ:n.gm.Request,EV:n.gm.Event,PR:n.gm.Promise,MO:n.gm.MutationObserver,FETCH:n.gm.fetch,WS:n.gm.WebSocket},(0,a.i)(...Object.values(e.o))),e}function d(e,t){let r=s();r.initializedAgents??={},t.initializedAt={ms:(0,i.t)(),date:new Date},r.initializedAgents[e]=t}function u(e,t){s()[e]=t}function l(){return function(){let e=s();const t=e.info||{};e.info={beacon:o.beacon,errorBeacon:o.errorBeacon,...t}}(),function(){let e=s();const t=e.init||{};e.init={...t}}(),c(),function(){let e=s();const t=e.loader_config||{};e.loader_config={...t}}(),s()}},782:(e,t,r)=>{""use strict"";r.d(t,{T:()=>n});const n=r(860).K7.pageViewTiming},860:(e,t,r)=>{""use strict"";r.d(t,{$J:()=>u,K7:()=>c,P3:()=>d,XX:()=>i,Yy:()=>s,df:()=>a,qY:()=>n,v4:()=>o});const n=""events"",i=""jserrors"",a=""browser/blobs"",o=""rum"",s=""browser/logs"",c={ajax:""ajax"",genericEvents:""generic_events"",jserrors:i,logging:""logging"",metrics:""metrics"",pageAction:""page_action"",pageViewEvent:""page_view_event"",pageViewTiming:""page_view_timing"",sessionReplay:""session_replay"",sessionTrace:""session_trace"",softNav:""soft_navigations"",spa:""spa""},d={[c.pageViewEvent]:1,[c.pageViewTiming]:2,[c.metrics]:3,[c.jserrors]:4,[c.spa]:5,[c.ajax]:6,[c.sessionTrace]:7,[c.softNav]:8,[c.sessionReplay]:9,[c.logging]:10,[c.genericEvents]:11},u={[c.pageViewEvent]:o,[c.pageViewTiming]:n,[c.ajax]:n,[c.spa]:n,[c.softNav]:n,[c.metrics]:i,[c.jserrors]:i,[c.sessionTrace]:a,[c.sessionReplay]:a,[c.logging]:s,[c.genericEvents]:""ins""}},944:(e,t,r)=>{""use strict"";r.d(t,{R:()=>i});var n=r(3241);function i(e,t){""function""==typeof console.debug&&(console.debug(""New Relic Warning: https://github.com/newrelic/newrelic-browser-agent/blob/main/docs/warning-codes.md#"".concat(e),t),(0,n.W)({agentIdentifier:null,drained:null,type:""data"",name:""warn"",feature:""warn"",data:{code:e,secondary:t}}))}},993:(e,t,r)=>{""use strict"";r.d(t,{A$:()=>a,ET:()=>o,TZ:()=>s,p_:()=>i});var n=r(860);const i={ERROR:""ERROR"",WARN:""WARN"",INFO:""INFO"",DEBUG:""DEBUG"",TRACE:""TRACE""},a={OFF:0,ERROR:1,WARN:2,INFO:3,DEBUG:4,TRACE:5},o=""log"",s=n.K7.logging},1687:(e,t,r)=>{""use strict"";r.d(t,{Ak:()=>d,Ze:()=>f,x3:()=>u});var n=r(3241),i=r(7836),a=r(3606),o=r(860),s=r(2646);const c={};function d(e,t){const r={staged:!1,priority:o.P3[t]||0};l(e),c[e].get(t)||c[e].set(t,r)}function u(e,t){e&&c[e]&&(c[e].get(t)&&c[e].delete(t),p(e,t,!1),c[e].size&&h(e))}function l(e){if(!e)throw new Error(""agentIdentifier required"");c[e]||(c[e]=new Map)}function f(e="""",t=""feature"",r=!1){if(l(e),!e||!c[e].get(t)||r)return p(e,t);c[e].get(t).staged=!0,h(e)}function h(e){const t=Array.from(c[e]);t.every(([e,t])=>t.staged)&&(t.sort((e,t)=>e[1].priority-t[1].priority),t.forEach(([t])=>{c[e].delete(t),p(e,t)}))}function p(e,t,r=!0){const o=e?i.ee.get(e):i.ee,c=a.i.handlers;if(!o.aborted&&o.backlog&&c){if((0,n.W)({agentIdentifier:e,type:""lifecycle"",name:""drain"",feature:t}),r){const e=o.backlog[t],r=c[t];if(r){for(let t=0;e&&t<e.length;++t)g(e[t],r);Object.entries(r).forEach(([e,t])=>{Object.values(t||{}).forEach(t=>{t[0]?.on&&t[0]?.context()instanceof s.y&&t[0].on(e,t[1])})})}}o.isolatedBacklog||delete c[t],o.backlog[t]=null,o.emit(""drain-""+t,[])}}function g(e,t){var r=e[1];Object.values(t[r]||{}).forEach(t=>{var r=e[0];if(t[0]===r){var n=t[1],i=e[3],a=e[2];n.apply(i,a)}})}},1741:(e,t,r)=>{""use strict"";r.d(t,{W:()=>a});var n=r(944),i=r(4261);class a{#e(e,...t){if(this[e]!==a.prototype[e])return this[e](...t);(0,n.R)(35,e)}addPageAction(e,t){return this.#e(i.hG,e,t)}register(e){return this.#e(i.eY,e)}recordCustomEvent(e,t){return this.#e(i.fF,e,t)}setPageViewName(e,t){return this.#e(i.Fw,e,t)}setCustomAttribute(e,t,r){return this.#e(i.cD,e,t,r)}noticeError(e,t){return this.#e(i.o5,e,t)}setUserId(e){return this.#e(i.",success
hip-hop,Swimming Pools (Drank),Kendrick Lamar,"good kid, m.A.A.d city (Deluxe)",2:36,"1,347,155","12,974,321",https://www.last.fm/music/Kendrick+Lamar/_/Swimming+Pools+(Drank),"
<!DOCTYPE html>

<html class=""no-js playbar-masthead-release-shim youtube-provider-not-ready"" lang=""en"">
<head>
<meta charset=""utf-8""/>
<meta content=""IE=edge"" http-equiv=""X-UA-Compatible""/><script type=""text/javascript"">window.NREUM||(NREUM={});NREUM.info={""beacon"":""bam.nr-data.net"",""errorBeacon"":""bam.nr-data.net"",""licenseKey"":""0ed0ce50b0"",""applicationID"":""5588594"",""transactionName"":""Y1BRbUUFWkMEWxYMV1oadUxZB0BZClZNCV5ZG0RcVUpDRxIWAxVIRxteTEQNVx4TUQcSSxpWUk1WCFtXEF1YMUpVVlgXUAFA"",""queueTime"":0,""applicationTime"":553,""agent"":""""};
(window.NREUM||(NREUM={})).init={ajax:{deny_list:[""bam.nr-data.net""]}};(window.NREUM||(NREUM={})).loader_config={xpid:""UwYPV15QGwYFXFlXDgU="",licenseKey:""0ed0ce50b0"",applicationID:""5588594"",browserID:""5591142""};;/*! For license information please see nr-loader-full-1.302.0.min.js.LICENSE.txt */
(()=>{var e,t,r={384:(e,t,r)=>{""use strict"";r.d(t,{NT:()=>o,US:()=>u,Zm:()=>s,bQ:()=>d,dV:()=>c,pV:()=>l});var n=r(6154),i=r(1863),a=r(1910);const o={beacon:""bam.nr-data.net"",errorBeacon:""bam.nr-data.net""};function s(){return n.gm.NREUM||(n.gm.NREUM={}),void 0===n.gm.newrelic&&(n.gm.newrelic=n.gm.NREUM),n.gm.NREUM}function c(){let e=s();return e.o||(e.o={ST:n.gm.setTimeout,SI:n.gm.setImmediate||n.gm.setInterval,CT:n.gm.clearTimeout,XHR:n.gm.XMLHttpRequest,REQ:n.gm.Request,EV:n.gm.Event,PR:n.gm.Promise,MO:n.gm.MutationObserver,FETCH:n.gm.fetch,WS:n.gm.WebSocket},(0,a.i)(...Object.values(e.o))),e}function d(e,t){let r=s();r.initializedAgents??={},t.initializedAt={ms:(0,i.t)(),date:new Date},r.initializedAgents[e]=t}function u(e,t){s()[e]=t}function l(){return function(){let e=s();const t=e.info||{};e.info={beacon:o.beacon,errorBeacon:o.errorBeacon,...t}}(),function(){let e=s();const t=e.init||{};e.init={...t}}(),c(),function(){let e=s();const t=e.loader_config||{};e.loader_config={...t}}(),s()}},782:(e,t,r)=>{""use strict"";r.d(t,{T:()=>n});const n=r(860).K7.pageViewTiming},860:(e,t,r)=>{""use strict"";r.d(t,{$J:()=>u,K7:()=>c,P3:()=>d,XX:()=>i,Yy:()=>s,df:()=>a,qY:()=>n,v4:()=>o});const n=""events"",i=""jserrors"",a=""browser/blobs"",o=""rum"",s=""browser/logs"",c={ajax:""ajax"",genericEvents:""generic_events"",jserrors:i,logging:""logging"",metrics:""metrics"",pageAction:""page_action"",pageViewEvent:""page_view_event"",pageViewTiming:""page_view_timing"",sessionReplay:""session_replay"",sessionTrace:""session_trace"",softNav:""soft_navigations"",spa:""spa""},d={[c.pageViewEvent]:1,[c.pageViewTiming]:2,[c.metrics]:3,[c.jserrors]:4,[c.spa]:5,[c.ajax]:6,[c.sessionTrace]:7,[c.softNav]:8,[c.sessionReplay]:9,[c.logging]:10,[c.genericEvents]:11},u={[c.pageViewEvent]:o,[c.pageViewTiming]:n,[c.ajax]:n,[c.spa]:n,[c.softNav]:n,[c.metrics]:i,[c.jserrors]:i,[c.sessionTrace]:a,[c.sessionReplay]:a,[c.logging]:s,[c.genericEvents]:""ins""}},944:(e,t,r)=>{""use strict"";r.d(t,{R:()=>i});var n=r(3241);function i(e,t){""function""==typeof console.debug&&(console.debug(""New Relic Warning: https://github.com/newrelic/newrelic-browser-agent/blob/main/docs/warning-codes.md#"".concat(e),t),(0,n.W)({agentIdentifier:null,drained:null,type:""data"",name:""warn"",feature:""warn"",data:{code:e,secondary:t}}))}},993:(e,t,r)=>{""use strict"";r.d(t,{A$:()=>a,ET:()=>o,TZ:()=>s,p_:()=>i});var n=r(860);const i={ERROR:""ERROR"",WARN:""WARN"",INFO:""INFO"",DEBUG:""DEBUG"",TRACE:""TRACE""},a={OFF:0,ERROR:1,WARN:2,INFO:3,DEBUG:4,TRACE:5},o=""log"",s=n.K7.logging},1687:(e,t,r)=>{""use strict"";r.d(t,{Ak:()=>d,Ze:()=>f,x3:()=>u});var n=r(3241),i=r(7836),a=r(3606),o=r(860),s=r(2646);const c={};function d(e,t){const r={staged:!1,priority:o.P3[t]||0};l(e),c[e].get(t)||c[e].set(t,r)}function u(e,t){e&&c[e]&&(c[e].get(t)&&c[e].delete(t),p(e,t,!1),c[e].size&&h(e))}function l(e){if(!e)throw new Error(""agentIdentifier required"");c[e]||(c[e]=new Map)}function f(e="""",t=""feature"",r=!1){if(l(e),!e||!c[e].get(t)||r)return p(e,t);c[e].get(t).staged=!0,h(e)}function h(e){const t=Array.from(c[e]);t.every(([e,t])=>t.staged)&&(t.sort((e,t)=>e[1].priority-t[1].priority),t.forEach(([t])=>{c[e].delete(t),p(e,t)}))}function p(e,t,r=!0){const o=e?i.ee.get(e):i.ee,c=a.i.handlers;if(!o.aborted&&o.backlog&&c){if((0,n.W)({agentIdentifier:e,type:""lifecycle"",name:""drain"",feature:t}),r){const e=o.backlog[t],r=c[t];if(r){for(let t=0;e&&t<e.length;++t)g(e[t],r);Object.entries(r).forEach(([e,t])=>{Object.values(t||{}).forEach(t=>{t[0]?.on&&t[0]?.context()instanceof s.y&&t[0].on(e,t[1])})})}}o.isolatedBacklog||delete c[t],o.backlog[t]=null,o.emit(""drain-""+t,[])}}function g(e,t){var r=e[1];Object.values(t[r]||{}).forEach(t=>{var r=e[0];if(t[0]===r){var n=t[1],i=e[3],a=e[2];n.apply(i,a)}})}},1741:(e,t,r)=>{""use strict"";r.d(t,{W:()=>a});var n=r(944),i=r(4261);class a{#e(e,...t){if(this[e]!==a.prototype[e])return this[e](...t);(0,n.R)(35,e)}addPageAction(e,t){return this.#e(i.hG,e,t)}register(e){return this.#e(i.eY,e)}recordCustomEvent(e,t){return this.#e(i.fF,e,t)}setPageViewName(e,t){return this.#e(i.Fw,e,t)}setCustomAttribute(e,t,r){return this.#e(i.cD,e,t,r)}noticeError(e,t){return this.#e(i.o5,e,t)}setUserId(e){return this.#e(i.",success
hip-hop,Fashion Killa,A$AP Rocky,LONG.LIVE.A$AP (Deluxe Version),3:56,"1,014,856","14,768,134",https://www.last.fm/music/A$AP+Rocky/_/Fashion+Killa,"
<!DOCTYPE html>

<html class=""no-js playbar-masthead-release-shim youtube-provider-not-ready"" lang=""en"">
<head>
<meta charset=""utf-8""/>
<meta content=""IE=edge"" http-equiv=""X-UA-Compatible""/><script type=""text/javascript"">window.NREUM||(NREUM={});NREUM.info={""beacon"":""bam.nr-data.net"",""errorBeacon"":""bam.nr-data.net"",""licenseKey"":""0ed0ce50b0"",""applicationID"":""5588594"",""transactionName"":""Y1BRbUUFWkMEWxYMV1oadUxZB0BZClZNCV5ZG0RcVUpDRxIWAxVIRxteTEQNVx4TUQcSSxpWUk1WCFtXEF1YMUpVVlgXUAFA"",""queueTime"":0,""applicationTime"":634,""agent"":""""};
(window.NREUM||(NREUM={})).init={ajax:{deny_list:[""bam.nr-data.net""]}};(window.NREUM||(NREUM={})).loader_config={xpid:""UwYPV15QGwYFXFlXDgU="",licenseKey:""0ed0ce50b0"",applicationID:""5588594"",browserID:""5591142""};;/*! For license information please see nr-loader-full-1.302.0.min.js.LICENSE.txt */
(()=>{var e,t,r={384:(e,t,r)=>{""use strict"";r.d(t,{NT:()=>o,US:()=>u,Zm:()=>s,bQ:()=>d,dV:()=>c,pV:()=>l});var n=r(6154),i=r(1863),a=r(1910);const o={beacon:""bam.nr-data.net"",errorBeacon:""bam.nr-data.net""};function s(){return n.gm.NREUM||(n.gm.NREUM={}),void 0===n.gm.newrelic&&(n.gm.newrelic=n.gm.NREUM),n.gm.NREUM}function c(){let e=s();return e.o||(e.o={ST:n.gm.setTimeout,SI:n.gm.setImmediate||n.gm.setInterval,CT:n.gm.clearTimeout,XHR:n.gm.XMLHttpRequest,REQ:n.gm.Request,EV:n.gm.Event,PR:n.gm.Promise,MO:n.gm.MutationObserver,FETCH:n.gm.fetch,WS:n.gm.WebSocket},(0,a.i)(...Object.values(e.o))),e}function d(e,t){let r=s();r.initializedAgents??={},t.initializedAt={ms:(0,i.t)(),date:new Date},r.initializedAgents[e]=t}function u(e,t){s()[e]=t}function l(){return function(){let e=s();const t=e.info||{};e.info={beacon:o.beacon,errorBeacon:o.errorBeacon,...t}}(),function(){let e=s();const t=e.init||{};e.init={...t}}(),c(),function(){let e=s();const t=e.loader_config||{};e.loader_config={...t}}(),s()}},782:(e,t,r)=>{""use strict"";r.d(t,{T:()=>n});const n=r(860).K7.pageViewTiming},860:(e,t,r)=>{""use strict"";r.d(t,{$J:()=>u,K7:()=>c,P3:()=>d,XX:()=>i,Yy:()=>s,df:()=>a,qY:()=>n,v4:()=>o});const n=""events"",i=""jserrors"",a=""browser/blobs"",o=""rum"",s=""browser/logs"",c={ajax:""ajax"",genericEvents:""generic_events"",jserrors:i,logging:""logging"",metrics:""metrics"",pageAction:""page_action"",pageViewEvent:""page_view_event"",pageViewTiming:""page_view_timing"",sessionReplay:""session_replay"",sessionTrace:""session_trace"",softNav:""soft_navigations"",spa:""spa""},d={[c.pageViewEvent]:1,[c.pageViewTiming]:2,[c.metrics]:3,[c.jserrors]:4,[c.spa]:5,[c.ajax]:6,[c.sessionTrace]:7,[c.softNav]:8,[c.sessionReplay]:9,[c.logging]:10,[c.genericEvents]:11},u={[c.pageViewEvent]:o,[c.pageViewTiming]:n,[c.ajax]:n,[c.spa]:n,[c.softNav]:n,[c.metrics]:i,[c.jserrors]:i,[c.sessionTrace]:a,[c.sessionReplay]:a,[c.logging]:s,[c.genericEvents]:""ins""}},944:(e,t,r)=>{""use strict"";r.d(t,{R:()=>i});var n=r(3241);function i(e,t){""function""==typeof console.debug&&(console.debug(""New Relic Warning: https://github.com/newrelic/newrelic-browser-agent/blob/main/docs/warning-codes.md#"".concat(e),t),(0,n.W)({agentIdentifier:null,drained:null,type:""data"",name:""warn"",feature:""warn"",data:{code:e,secondary:t}}))}},993:(e,t,r)=>{""use strict"";r.d(t,{A$:()=>a,ET:()=>o,TZ:()=>s,p_:()=>i});var n=r(860);const i={ERROR:""ERROR"",WARN:""WARN"",INFO:""INFO"",DEBUG:""DEBUG"",TRACE:""TRACE""},a={OFF:0,ERROR:1,WARN:2,INFO:3,DEBUG:4,TRACE:5},o=""log"",s=n.K7.logging},1687:(e,t,r)=>{""use strict"";r.d(t,{Ak:()=>d,Ze:()=>f,x3:()=>u});var n=r(3241),i=r(7836),a=r(3606),o=r(860),s=r(2646);const c={};function d(e,t){const r={staged:!1,priority:o.P3[t]||0};l(e),c[e].get(t)||c[e].set(t,r)}function u(e,t){e&&c[e]&&(c[e].get(t)&&c[e].delete(t),p(e,t,!1),c[e].size&&h(e))}function l(e){if(!e)throw new Error(""agentIdentifier required"");c[e]||(c[e]=new Map)}function f(e="""",t=""feature"",r=!1){if(l(e),!e||!c[e].get(t)||r)return p(e,t);c[e].get(t).staged=!0,h(e)}function h(e){const t=Array.from(c[e]);t.every(([e,t])=>t.staged)&&(t.sort((e,t)=>e[1].priority-t[1].priority),t.forEach(([t])=>{c[e].delete(t),p(e,t)}))}function p(e,t,r=!0){const o=e?i.ee.get(e):i.ee,c=a.i.handlers;if(!o.aborted&&o.backlog&&c){if((0,n.W)({agentIdentifier:e,type:""lifecycle"",name:""drain"",feature:t}),r){const e=o.backlog[t],r=c[t];if(r){for(let t=0;e&&t<e.length;++t)g(e[t],r);Object.entries(r).forEach(([e,t])=>{Object.values(t||{}).forEach(t=>{t[0]?.on&&t[0]?.context()instanceof s.y&&t[0].on(e,t[1])})})}}o.isolatedBacklog||delete c[t],o.backlog[t]=null,o.emit(""drain-""+t,[])}}function g(e,t){var r=e[1];Object.values(t[r]||{}).forEach(t=>{var r=e[0];if(t[0]===r){var n=t[1],i=e[3],a=e[2];n.apply(i,a)}})}},1741:(e,t,r)=>{""use strict"";r.d(t,{W:()=>a});var n=r(944),i=r(4261);class a{#e(e,...t){if(this[e]!==a.prototype[e])return this[e](...t);(0,n.R)(35,e)}addPageAction(e,t){return this.#e(i.hG,e,t)}register(e){return this.#e(i.eY,e)}recordCustomEvent(e,t){return this.#e(i.fF,e,t)}setPageViewName(e,t){return this.#e(i.Fw,e,t)}setCustomAttribute(e,t,r){return this.#e(i.cD,e,t,r)}noticeError(e,t){return this.#e(i.o5,e,t)}setUserId(e){return this.#e(i.",success
hip-hop,I Wonder,Kanye West,Graduation,4:04,"1,872,298","29,643,032",https://www.last.fm/music/Kanye+West/_/I+Wonder,"
<!DOCTYPE html>

<html class=""no-js playbar-masthead-release-shim youtube-provider-not-ready"" lang=""en"">
<head>
<meta charset=""utf-8""/>
<meta content=""IE=edge"" http-equiv=""X-UA-Compatible""/><script type=""text/javascript"">window.NREUM||(NREUM={});NREUM.info={""beacon"":""bam.nr-data.net"",""errorBeacon"":""bam.nr-data.net"",""licenseKey"":""0ed0ce50b0"",""applicationID"":""5588594"",""transactionName"":""Y1BRbUUFWkMEWxYMV1oadUxZB0BZClZNCV5ZG0RcVUpDRxIWAxVIRxteTEQNVx4TUQcSSxpWUk1WCFtXEF1YMUpVVlgXUAFA"",""queueTime"":0,""applicationTime"":536,""agent"":""""};
(window.NREUM||(NREUM={})).init={ajax:{deny_list:[""bam.nr-data.net""]}};(window.NREUM||(NREUM={})).loader_config={xpid:""UwYPV15QGwYFXFlXDgU="",licenseKey:""0ed0ce50b0"",applicationID:""5588594"",browserID:""5591142""};;/*! For license information please see nr-loader-full-1.302.0.min.js.LICENSE.txt */
(()=>{var e,t,r={384:(e,t,r)=>{""use strict"";r.d(t,{NT:()=>o,US:()=>u,Zm:()=>s,bQ:()=>d,dV:()=>c,pV:()=>l});var n=r(6154),i=r(1863),a=r(1910);const o={beacon:""bam.nr-data.net"",errorBeacon:""bam.nr-data.net""};function s(){return n.gm.NREUM||(n.gm.NREUM={}),void 0===n.gm.newrelic&&(n.gm.newrelic=n.gm.NREUM),n.gm.NREUM}function c(){let e=s();return e.o||(e.o={ST:n.gm.setTimeout,SI:n.gm.setImmediate||n.gm.setInterval,CT:n.gm.clearTimeout,XHR:n.gm.XMLHttpRequest,REQ:n.gm.Request,EV:n.gm.Event,PR:n.gm.Promise,MO:n.gm.MutationObserver,FETCH:n.gm.fetch,WS:n.gm.WebSocket},(0,a.i)(...Object.values(e.o))),e}function d(e,t){let r=s();r.initializedAgents??={},t.initializedAt={ms:(0,i.t)(),date:new Date},r.initializedAgents[e]=t}function u(e,t){s()[e]=t}function l(){return function(){let e=s();const t=e.info||{};e.info={beacon:o.beacon,errorBeacon:o.errorBeacon,...t}}(),function(){let e=s();const t=e.init||{};e.init={...t}}(),c(),function(){let e=s();const t=e.loader_config||{};e.loader_config={...t}}(),s()}},782:(e,t,r)=>{""use strict"";r.d(t,{T:()=>n});const n=r(860).K7.pageViewTiming},860:(e,t,r)=>{""use strict"";r.d(t,{$J:()=>u,K7:()=>c,P3:()=>d,XX:()=>i,Yy:()=>s,df:()=>a,qY:()=>n,v4:()=>o});const n=""events"",i=""jserrors"",a=""browser/blobs"",o=""rum"",s=""browser/logs"",c={ajax:""ajax"",genericEvents:""generic_events"",jserrors:i,logging:""logging"",metrics:""metrics"",pageAction:""page_action"",pageViewEvent:""page_view_event"",pageViewTiming:""page_view_timing"",sessionReplay:""session_replay"",sessionTrace:""session_trace"",softNav:""soft_navigations"",spa:""spa""},d={[c.pageViewEvent]:1,[c.pageViewTiming]:2,[c.metrics]:3,[c.jserrors]:4,[c.spa]:5,[c.ajax]:6,[c.sessionTrace]:7,[c.softNav]:8,[c.sessionReplay]:9,[c.logging]:10,[c.genericEvents]:11},u={[c.pageViewEvent]:o,[c.pageViewTiming]:n,[c.ajax]:n,[c.spa]:n,[c.softNav]:n,[c.metrics]:i,[c.jserrors]:i,[c.sessionTrace]:a,[c.sessionReplay]:a,[c.logging]:s,[c.genericEvents]:""ins""}},944:(e,t,r)=>{""use strict"";r.d(t,{R:()=>i});var n=r(3241);function i(e,t){""function""==typeof console.debug&&(console.debug(""New Relic Warning: https://github.com/newrelic/newrelic-browser-agent/blob/main/docs/warning-codes.md#"".concat(e),t),(0,n.W)({agentIdentifier:null,drained:null,type:""data"",name:""warn"",feature:""warn"",data:{code:e,secondary:t}}))}},993:(e,t,r)=>{""use strict"";r.d(t,{A$:()=>a,ET:()=>o,TZ:()=>s,p_:()=>i});var n=r(860);const i={ERROR:""ERROR"",WARN:""WARN"",INFO:""INFO"",DEBUG:""DEBUG"",TRACE:""TRACE""},a={OFF:0,ERROR:1,WARN:2,INFO:3,DEBUG:4,TRACE:5},o=""log"",s=n.K7.logging},1687:(e,t,r)=>{""use strict"";r.d(t,{Ak:()=>d,Ze:()=>f,x3:()=>u});var n=r(3241),i=r(7836),a=r(3606),o=r(860),s=r(2646);const c={};function d(e,t){const r={staged:!1,priority:o.P3[t]||0};l(e),c[e].get(t)||c[e].set(t,r)}function u(e,t){e&&c[e]&&(c[e].get(t)&&c[e].delete(t),p(e,t,!1),c[e].size&&h(e))}function l(e){if(!e)throw new Error(""agentIdentifier required"");c[e]||(c[e]=new Map)}function f(e="""",t=""feature"",r=!1){if(l(e),!e||!c[e].get(t)||r)return p(e,t);c[e].get(t).staged=!0,h(e)}function h(e){const t=Array.from(c[e]);t.every(([e,t])=>t.staged)&&(t.sort((e,t)=>e[1].priority-t[1].priority),t.forEach(([t])=>{c[e].delete(t),p(e,t)}))}function p(e,t,r=!0){const o=e?i.ee.get(e):i.ee,c=a.i.handlers;if(!o.aborted&&o.backlog&&c){if((0,n.W)({agentIdentifier:e,type:""lifecycle"",name:""drain"",feature:t}),r){const e=o.backlog[t],r=c[t];if(r){for(let t=0;e&&t<e.length;++t)g(e[t],r);Object.entries(r).forEach(([e,t])=>{Object.values(t||{}).forEach(t=>{t[0]?.on&&t[0]?.context()instanceof s.y&&t[0].on(e,t[1])})})}}o.isolatedBacklog||delete c[t],o.backlog[t]=null,o.emit(""drain-""+t,[])}}function g(e,t){var r=e[1];Object.values(t[r]||{}).forEach(t=>{var r=e[0];if(t[0]===r){var n=t[1],i=e[3],a=e[2];n.apply(i,a)}})}},1741:(e,t,r)=>{""use strict"";r.d(t,{W:()=>a});var n=r(944),i=r(4261);class a{#e(e,...t){if(this[e]!==a.prototype[e])return this[e](...t);(0,n.R)(35,e)}addPageAction(e,t){return this.#e(i.hG,e,t)}register(e){return this.#e(i.eY,e)}recordCustomEvent(e,t){return this.#e(i.fF,e,t)}setPageViewName(e,t){return this.#e(i.Fw,e,t)}setCustomAttribute(e,t,r){return this.#e(i.cD,e,t,r)}noticeError(e,t){return this.#e(i.o5,e,t)}setUserId(e){return this.#e(i.",success
hip-hop,Ms. Jackson,OutKast,"Big Boi & Dre Present, Outkast",4:32,"2,165,981","17,095,269",https://www.last.fm/music/OutKast/_/Ms.+Jackson,"
<!DOCTYPE html>

<html class=""no-js playbar-masthead-release-shim youtube-provider-not-ready"" lang=""en"">
<head>
<meta charset=""utf-8""/>
<meta content=""IE=edge"" http-equiv=""X-UA-Compatible""/><script type=""text/javascript"">window.NREUM||(NREUM={});NREUM.info={""beacon"":""bam.nr-data.net"",""errorBeacon"":""bam.nr-data.net"",""licenseKey"":""0ed0ce50b0"",""applicationID"":""5588594"",""transactionName"":""Y1BRbUUFWkMEWxYMV1oadUxZB0BZClZNCV5ZG0RcVUpDRxIWAxVIRxteTEQNVx4TUQcSSxpWUk1WCFtXEF1YMUpVVlgXUAFA"",""queueTime"":0,""applicationTime"":768,""agent"":""""};
(window.NREUM||(NREUM={})).init={ajax:{deny_list:[""bam.nr-data.net""]}};(window.NREUM||(NREUM={})).loader_config={xpid:""UwYPV15QGwYFXFlXDgU="",licenseKey:""0ed0ce50b0"",applicationID:""5588594"",browserID:""5591142""};;/*! For license information please see nr-loader-full-1.302.0.min.js.LICENSE.txt */
(()=>{var e,t,r={384:(e,t,r)=>{""use strict"";r.d(t,{NT:()=>o,US:()=>u,Zm:()=>s,bQ:()=>d,dV:()=>c,pV:()=>l});var n=r(6154),i=r(1863),a=r(1910);const o={beacon:""bam.nr-data.net"",errorBeacon:""bam.nr-data.net""};function s(){return n.gm.NREUM||(n.gm.NREUM={}),void 0===n.gm.newrelic&&(n.gm.newrelic=n.gm.NREUM),n.gm.NREUM}function c(){let e=s();return e.o||(e.o={ST:n.gm.setTimeout,SI:n.gm.setImmediate||n.gm.setInterval,CT:n.gm.clearTimeout,XHR:n.gm.XMLHttpRequest,REQ:n.gm.Request,EV:n.gm.Event,PR:n.gm.Promise,MO:n.gm.MutationObserver,FETCH:n.gm.fetch,WS:n.gm.WebSocket},(0,a.i)(...Object.values(e.o))),e}function d(e,t){let r=s();r.initializedAgents??={},t.initializedAt={ms:(0,i.t)(),date:new Date},r.initializedAgents[e]=t}function u(e,t){s()[e]=t}function l(){return function(){let e=s();const t=e.info||{};e.info={beacon:o.beacon,errorBeacon:o.errorBeacon,...t}}(),function(){let e=s();const t=e.init||{};e.init={...t}}(),c(),function(){let e=s();const t=e.loader_config||{};e.loader_config={...t}}(),s()}},782:(e,t,r)=>{""use strict"";r.d(t,{T:()=>n});const n=r(860).K7.pageViewTiming},860:(e,t,r)=>{""use strict"";r.d(t,{$J:()=>u,K7:()=>c,P3:()=>d,XX:()=>i,Yy:()=>s,df:()=>a,qY:()=>n,v4:()=>o});const n=""events"",i=""jserrors"",a=""browser/blobs"",o=""rum"",s=""browser/logs"",c={ajax:""ajax"",genericEvents:""generic_events"",jserrors:i,logging:""logging"",metrics:""metrics"",pageAction:""page_action"",pageViewEvent:""page_view_event"",pageViewTiming:""page_view_timing"",sessionReplay:""session_replay"",sessionTrace:""session_trace"",softNav:""soft_navigations"",spa:""spa""},d={[c.pageViewEvent]:1,[c.pageViewTiming]:2,[c.metrics]:3,[c.jserrors]:4,[c.spa]:5,[c.ajax]:6,[c.sessionTrace]:7,[c.softNav]:8,[c.sessionReplay]:9,[c.logging]:10,[c.genericEvents]:11},u={[c.pageViewEvent]:o,[c.pageViewTiming]:n,[c.ajax]:n,[c.spa]:n,[c.softNav]:n,[c.metrics]:i,[c.jserrors]:i,[c.sessionTrace]:a,[c.sessionReplay]:a,[c.logging]:s,[c.genericEvents]:""ins""}},944:(e,t,r)=>{""use strict"";r.d(t,{R:()=>i});var n=r(3241);function i(e,t){""function""==typeof console.debug&&(console.debug(""New Relic Warning: https://github.com/newrelic/newrelic-browser-agent/blob/main/docs/warning-codes.md#"".concat(e),t),(0,n.W)({agentIdentifier:null,drained:null,type:""data"",name:""warn"",feature:""warn"",data:{code:e,secondary:t}}))}},993:(e,t,r)=>{""use strict"";r.d(t,{A$:()=>a,ET:()=>o,TZ:()=>s,p_:()=>i});var n=r(860);const i={ERROR:""ERROR"",WARN:""WARN"",INFO:""INFO"",DEBUG:""DEBUG"",TRACE:""TRACE""},a={OFF:0,ERROR:1,WARN:2,INFO:3,DEBUG:4,TRACE:5},o=""log"",s=n.K7.logging},1687:(e,t,r)=>{""use strict"";r.d(t,{Ak:()=>d,Ze:()=>f,x3:()=>u});var n=r(3241),i=r(7836),a=r(3606),o=r(860),s=r(2646);const c={};function d(e,t){const r={staged:!1,priority:o.P3[t]||0};l(e),c[e].get(t)||c[e].set(t,r)}function u(e,t){e&&c[e]&&(c[e].get(t)&&c[e].delete(t),p(e,t,!1),c[e].size&&h(e))}function l(e){if(!e)throw new Error(""agentIdentifier required"");c[e]||(c[e]=new Map)}function f(e="""",t=""feature"",r=!1){if(l(e),!e||!c[e].get(t)||r)return p(e,t);c[e].get(t).staged=!0,h(e)}function h(e){const t=Array.from(c[e]);t.every(([e,t])=>t.staged)&&(t.sort((e,t)=>e[1].priority-t[1].priority),t.forEach(([t])=>{c[e].delete(t),p(e,t)}))}function p(e,t,r=!0){const o=e?i.ee.get(e):i.ee,c=a.i.handlers;if(!o.aborted&&o.backlog&&c){if((0,n.W)({agentIdentifier:e,type:""lifecycle"",name:""drain"",feature:t}),r){const e=o.backlog[t],r=c[t];if(r){for(let t=0;e&&t<e.length;++t)g(e[t],r);Object.entries(r).forEach(([e,t])=>{Object.values(t||{}).forEach(t=>{t[0]?.on&&t[0]?.context()instanceof s.y&&t[0].on(e,t[1])})})}}o.isolatedBacklog||delete c[t],o.backlog[t]=null,o.emit(""drain-""+t,[])}}function g(e,t){var r=e[1];Object.values(t[r]||{}).forEach(t=>{var r=e[0];if(t[0]===r){var n=t[1],i=e[3],a=e[2];n.apply(i,a)}})}},1741:(e,t,r)=>{""use strict"";r.d(t,{W:()=>a});var n=r(944),i=r(4261);class a{#e(e,...t){if(this[e]!==a.prototype[e])return this[e](...t);(0,n.R)(35,e)}addPageAction(e,t){return this.#e(i.hG,e,t)}register(e){return this.#e(i.eY,e)}recordCustomEvent(e,t){return this.#e(i.fF,e,t)}setPageViewName(e,t){return this.#e(i.Fw,e,t)}setCustomAttribute(e,t,r){return this.#e(i.cD,e,t,r)}noticeError(e,t){return this.#e(i.o5,e,t)}setUserId(e){return this.#e(i.",success
hip-hop,Gold Digger,Kanye West,Late Registration,3:27,"1,795,780","15,883,809",https://www.last.fm/music/Kanye+West/_/Gold+Digger,"
<!DOCTYPE html>

<html class=""no-js playbar-masthead-release-shim youtube-provider-not-ready"" lang=""en"">
<head>
<meta charset=""utf-8""/>
<meta content=""IE=edge"" http-equiv=""X-UA-Compatible""/><script type=""text/javascript"">window.NREUM||(NREUM={});NREUM.info={""beacon"":""bam.nr-data.net"",""errorBeacon"":""bam.nr-data.net"",""licenseKey"":""0ed0ce50b0"",""applicationID"":""5588594"",""transactionName"":""Y1BRbUUFWkMEWxYMV1oadUxZB0BZClZNCV5ZG0RcVUpDRxIWAxVIRxteTEQNVx4TUQcSSxpWUk1WCFtXEF1YMUpVVlgXUAFA"",""queueTime"":0,""applicationTime"":542,""agent"":""""};
(window.NREUM||(NREUM={})).init={ajax:{deny_list:[""bam.nr-data.net""]}};(window.NREUM||(NREUM={})).loader_config={xpid:""UwYPV15QGwYFXFlXDgU="",licenseKey:""0ed0ce50b0"",applicationID:""5588594"",browserID:""5591142""};;/*! For license information please see nr-loader-full-1.302.0.min.js.LICENSE.txt */
(()=>{var e,t,r={384:(e,t,r)=>{""use strict"";r.d(t,{NT:()=>o,US:()=>u,Zm:()=>s,bQ:()=>d,dV:()=>c,pV:()=>l});var n=r(6154),i=r(1863),a=r(1910);const o={beacon:""bam.nr-data.net"",errorBeacon:""bam.nr-data.net""};function s(){return n.gm.NREUM||(n.gm.NREUM={}),void 0===n.gm.newrelic&&(n.gm.newrelic=n.gm.NREUM),n.gm.NREUM}function c(){let e=s();return e.o||(e.o={ST:n.gm.setTimeout,SI:n.gm.setImmediate||n.gm.setInterval,CT:n.gm.clearTimeout,XHR:n.gm.XMLHttpRequest,REQ:n.gm.Request,EV:n.gm.Event,PR:n.gm.Promise,MO:n.gm.MutationObserver,FETCH:n.gm.fetch,WS:n.gm.WebSocket},(0,a.i)(...Object.values(e.o))),e}function d(e,t){let r=s();r.initializedAgents??={},t.initializedAt={ms:(0,i.t)(),date:new Date},r.initializedAgents[e]=t}function u(e,t){s()[e]=t}function l(){return function(){let e=s();const t=e.info||{};e.info={beacon:o.beacon,errorBeacon:o.errorBeacon,...t}}(),function(){let e=s();const t=e.init||{};e.init={...t}}(),c(),function(){let e=s();const t=e.loader_config||{};e.loader_config={...t}}(),s()}},782:(e,t,r)=>{""use strict"";r.d(t,{T:()=>n});const n=r(860).K7.pageViewTiming},860:(e,t,r)=>{""use strict"";r.d(t,{$J:()=>u,K7:()=>c,P3:()=>d,XX:()=>i,Yy:()=>s,df:()=>a,qY:()=>n,v4:()=>o});const n=""events"",i=""jserrors"",a=""browser/blobs"",o=""rum"",s=""browser/logs"",c={ajax:""ajax"",genericEvents:""generic_events"",jserrors:i,logging:""logging"",metrics:""metrics"",pageAction:""page_action"",pageViewEvent:""page_view_event"",pageViewTiming:""page_view_timing"",sessionReplay:""session_replay"",sessionTrace:""session_trace"",softNav:""soft_navigations"",spa:""spa""},d={[c.pageViewEvent]:1,[c.pageViewTiming]:2,[c.metrics]:3,[c.jserrors]:4,[c.spa]:5,[c.ajax]:6,[c.sessionTrace]:7,[c.softNav]:8,[c.sessionReplay]:9,[c.logging]:10,[c.genericEvents]:11},u={[c.pageViewEvent]:o,[c.pageViewTiming]:n,[c.ajax]:n,[c.spa]:n,[c.softNav]:n,[c.metrics]:i,[c.jserrors]:i,[c.sessionTrace]:a,[c.sessionReplay]:a,[c.logging]:s,[c.genericEvents]:""ins""}},944:(e,t,r)=>{""use strict"";r.d(t,{R:()=>i});var n=r(3241);function i(e,t){""function""==typeof console.debug&&(console.debug(""New Relic Warning: https://github.com/newrelic/newrelic-browser-agent/blob/main/docs/warning-codes.md#"".concat(e),t),(0,n.W)({agentIdentifier:null,drained:null,type:""data"",name:""warn"",feature:""warn"",data:{code:e,secondary:t}}))}},993:(e,t,r)=>{""use strict"";r.d(t,{A$:()=>a,ET:()=>o,TZ:()=>s,p_:()=>i});var n=r(860);const i={ERROR:""ERROR"",WARN:""WARN"",INFO:""INFO"",DEBUG:""DEBUG"",TRACE:""TRACE""},a={OFF:0,ERROR:1,WARN:2,INFO:3,DEBUG:4,TRACE:5},o=""log"",s=n.K7.logging},1687:(e,t,r)=>{""use strict"";r.d(t,{Ak:()=>d,Ze:()=>f,x3:()=>u});var n=r(3241),i=r(7836),a=r(3606),o=r(860),s=r(2646);const c={};function d(e,t){const r={staged:!1,priority:o.P3[t]||0};l(e),c[e].get(t)||c[e].set(t,r)}function u(e,t){e&&c[e]&&(c[e].get(t)&&c[e].delete(t),p(e,t,!1),c[e].size&&h(e))}function l(e){if(!e)throw new Error(""agentIdentifier required"");c[e]||(c[e]=new Map)}function f(e="""",t=""feature"",r=!1){if(l(e),!e||!c[e].get(t)||r)return p(e,t);c[e].get(t).staged=!0,h(e)}function h(e){const t=Array.from(c[e]);t.every(([e,t])=>t.staged)&&(t.sort((e,t)=>e[1].priority-t[1].priority),t.forEach(([t])=>{c[e].delete(t),p(e,t)}))}function p(e,t,r=!0){const o=e?i.ee.get(e):i.ee,c=a.i.handlers;if(!o.aborted&&o.backlog&&c){if((0,n.W)({agentIdentifier:e,type:""lifecycle"",name:""drain"",feature:t}),r){const e=o.backlog[t],r=c[t];if(r){for(let t=0;e&&t<e.length;++t)g(e[t],r);Object.entries(r).forEach(([e,t])=>{Object.values(t||{}).forEach(t=>{t[0]?.on&&t[0]?.context()instanceof s.y&&t[0].on(e,t[1])})})}}o.isolatedBacklog||delete c[t],o.backlog[t]=null,o.emit(""drain-""+t,[])}}function g(e,t){var r=e[1];Object.values(t[r]||{}).forEach(t=>{var r=e[0];if(t[0]===r){var n=t[1],i=e[3],a=e[2];n.apply(i,a)}})}},1741:(e,t,r)=>{""use strict"";r.d(t,{W:()=>a});var n=r(944),i=r(4261);class a{#e(e,...t){if(this[e]!==a.prototype[e])return this[e](...t);(0,n.R)(35,e)}addPageAction(e,t){return this.#e(i.hG,e,t)}register(e){return this.#e(i.eY,e)}recordCustomEvent(e,t){return this.#e(i.fF,e,t)}setPageViewName(e,t){return this.#e(i.Fw,e,t)}setCustomAttribute(e,t,r){return this.#e(i.cD,e,t,r)}noticeError(e,t){return this.#e(i.o5,e,t)}setUserId(e){return this.#e(i.",success
hip-hop,Homecoming,Kanye West,Graduation,1:09,"1,388,125","18,596,890",https://www.last.fm/music/Kanye+West/_/Homecoming,"
<!DOCTYPE html>

<html class=""no-js playbar-masthead-release-shim youtube-provider-not-ready"" lang=""en"">
<head>
<meta charset=""utf-8""/>
<meta content=""IE=edge"" http-equiv=""X-UA-Compatible""/><script type=""text/javascript"">window.NREUM||(NREUM={});NREUM.info={""beacon"":""bam.nr-data.net"",""errorBeacon"":""bam.nr-data.net"",""licenseKey"":""0ed0ce50b0"",""applicationID"":""5588594"",""transactionName"":""Y1BRbUUFWkMEWxYMV1oadUxZB0BZClZNCV5ZG0RcVUpDRxIWAxVIRxteTEQNVx4TUQcSSxpWUk1WCFtXEF1YMUpVVlgXUAFA"",""queueTime"":0,""applicationTime"":658,""agent"":""""};
(window.NREUM||(NREUM={})).init={ajax:{deny_list:[""bam.nr-data.net""]}};(window.NREUM||(NREUM={})).loader_config={xpid:""UwYPV15QGwYFXFlXDgU="",licenseKey:""0ed0ce50b0"",applicationID:""5588594"",browserID:""5591142""};;/*! For license information please see nr-loader-full-1.302.0.min.js.LICENSE.txt */
(()=>{var e,t,r={384:(e,t,r)=>{""use strict"";r.d(t,{NT:()=>o,US:()=>u,Zm:()=>s,bQ:()=>d,dV:()=>c,pV:()=>l});var n=r(6154),i=r(1863),a=r(1910);const o={beacon:""bam.nr-data.net"",errorBeacon:""bam.nr-data.net""};function s(){return n.gm.NREUM||(n.gm.NREUM={}),void 0===n.gm.newrelic&&(n.gm.newrelic=n.gm.NREUM),n.gm.NREUM}function c(){let e=s();return e.o||(e.o={ST:n.gm.setTimeout,SI:n.gm.setImmediate||n.gm.setInterval,CT:n.gm.clearTimeout,XHR:n.gm.XMLHttpRequest,REQ:n.gm.Request,EV:n.gm.Event,PR:n.gm.Promise,MO:n.gm.MutationObserver,FETCH:n.gm.fetch,WS:n.gm.WebSocket},(0,a.i)(...Object.values(e.o))),e}function d(e,t){let r=s();r.initializedAgents??={},t.initializedAt={ms:(0,i.t)(),date:new Date},r.initializedAgents[e]=t}function u(e,t){s()[e]=t}function l(){return function(){let e=s();const t=e.info||{};e.info={beacon:o.beacon,errorBeacon:o.errorBeacon,...t}}(),function(){let e=s();const t=e.init||{};e.init={...t}}(),c(),function(){let e=s();const t=e.loader_config||{};e.loader_config={...t}}(),s()}},782:(e,t,r)=>{""use strict"";r.d(t,{T:()=>n});const n=r(860).K7.pageViewTiming},860:(e,t,r)=>{""use strict"";r.d(t,{$J:()=>u,K7:()=>c,P3:()=>d,XX:()=>i,Yy:()=>s,df:()=>a,qY:()=>n,v4:()=>o});const n=""events"",i=""jserrors"",a=""browser/blobs"",o=""rum"",s=""browser/logs"",c={ajax:""ajax"",genericEvents:""generic_events"",jserrors:i,logging:""logging"",metrics:""metrics"",pageAction:""page_action"",pageViewEvent:""page_view_event"",pageViewTiming:""page_view_timing"",sessionReplay:""session_replay"",sessionTrace:""session_trace"",softNav:""soft_navigations"",spa:""spa""},d={[c.pageViewEvent]:1,[c.pageViewTiming]:2,[c.metrics]:3,[c.jserrors]:4,[c.spa]:5,[c.ajax]:6,[c.sessionTrace]:7,[c.softNav]:8,[c.sessionReplay]:9,[c.logging]:10,[c.genericEvents]:11},u={[c.pageViewEvent]:o,[c.pageViewTiming]:n,[c.ajax]:n,[c.spa]:n,[c.softNav]:n,[c.metrics]:i,[c.jserrors]:i,[c.sessionTrace]:a,[c.sessionReplay]:a,[c.logging]:s,[c.genericEvents]:""ins""}},944:(e,t,r)=>{""use strict"";r.d(t,{R:()=>i});var n=r(3241);function i(e,t){""function""==typeof console.debug&&(console.debug(""New Relic Warning: https://github.com/newrelic/newrelic-browser-agent/blob/main/docs/warning-codes.md#"".concat(e),t),(0,n.W)({agentIdentifier:null,drained:null,type:""data"",name:""warn"",feature:""warn"",data:{code:e,secondary:t}}))}},993:(e,t,r)=>{""use strict"";r.d(t,{A$:()=>a,ET:()=>o,TZ:()=>s,p_:()=>i});var n=r(860);const i={ERROR:""ERROR"",WARN:""WARN"",INFO:""INFO"",DEBUG:""DEBUG"",TRACE:""TRACE""},a={OFF:0,ERROR:1,WARN:2,INFO:3,DEBUG:4,TRACE:5},o=""log"",s=n.K7.logging},1687:(e,t,r)=>{""use strict"";r.d(t,{Ak:()=>d,Ze:()=>f,x3:()=>u});var n=r(3241),i=r(7836),a=r(3606),o=r(860),s=r(2646);const c={};function d(e,t){const r={staged:!1,priority:o.P3[t]||0};l(e),c[e].get(t)||c[e].set(t,r)}function u(e,t){e&&c[e]&&(c[e].get(t)&&c[e].delete(t),p(e,t,!1),c[e].size&&h(e))}function l(e){if(!e)throw new Error(""agentIdentifier required"");c[e]||(c[e]=new Map)}function f(e="""",t=""feature"",r=!1){if(l(e),!e||!c[e].get(t)||r)return p(e,t);c[e].get(t).staged=!0,h(e)}function h(e){const t=Array.from(c[e]);t.every(([e,t])=>t.staged)&&(t.sort((e,t)=>e[1].priority-t[1].priority),t.forEach(([t])=>{c[e].delete(t),p(e,t)}))}function p(e,t,r=!0){const o=e?i.ee.get(e):i.ee,c=a.i.handlers;if(!o.aborted&&o.backlog&&c){if((0,n.W)({agentIdentifier:e,type:""lifecycle"",name:""drain"",feature:t}),r){const e=o.backlog[t],r=c[t];if(r){for(let t=0;e&&t<e.length;++t)g(e[t],r);Object.entries(r).forEach(([e,t])=>{Object.values(t||{}).forEach(t=>{t[0]?.on&&t[0]?.context()instanceof s.y&&t[0].on(e,t[1])})})}}o.isolatedBacklog||delete c[t],o.backlog[t]=null,o.emit(""drain-""+t,[])}}function g(e,t){var r=e[1];Object.values(t[r]||{}).forEach(t=>{var r=e[0];if(t[0]===r){var n=t[1],i=e[3],a=e[2];n.apply(i,a)}})}},1741:(e,t,r)=>{""use strict"";r.d(t,{W:()=>a});var n=r(944),i=r(4261);class a{#e(e,...t){if(this[e]!==a.prototype[e])return this[e](...t);(0,n.R)(35,e)}addPageAction(e,t){return this.#e(i.hG,e,t)}register(e){return this.#e(i.eY,e)}recordCustomEvent(e,t){return this.#e(i.fF,e,t)}setPageViewName(e,t){return this.#e(i.Fw,e,t)}setCustomAttribute(e,t,r){return this.#e(i.cD,e,t,r)}noticeError(e,t){return this.#e(i.o5,e,t)}setUserId(e){return this.#e(i.",success
hip-hop,Stronger,Kanye West,Graduation,5:12,"2,767,351","26,299,641",https://www.last.fm/music/Kanye+West/_/Stronger,"
<!DOCTYPE html>

<html class=""no-js playbar-masthead-release-shim youtube-provider-not-ready"" lang=""en"">
<head>
<meta charset=""utf-8""/>
<meta content=""IE=edge"" http-equiv=""X-UA-Compatible""/><script type=""text/javascript"">window.NREUM||(NREUM={});NREUM.info={""beacon"":""bam.nr-data.net"",""errorBeacon"":""bam.nr-data.net"",""licenseKey"":""0ed0ce50b0"",""applicationID"":""5588594"",""transactionName"":""Y1BRbUUFWkMEWxYMV1oadUxZB0BZClZNCV5ZG0RcVUpDRxIWAxVIRxteTEQNVx4TUQcSSxpWUk1WCFtXEF1YMUpVVlgXUAFA"",""queueTime"":0,""applicationTime"":719,""agent"":""""};
(window.NREUM||(NREUM={})).init={ajax:{deny_list:[""bam.nr-data.net""]}};(window.NREUM||(NREUM={})).loader_config={xpid:""UwYPV15QGwYFXFlXDgU="",licenseKey:""0ed0ce50b0"",applicationID:""5588594"",browserID:""5591142""};;/*! For license information please see nr-loader-full-1.302.0.min.js.LICENSE.txt */
(()=>{var e,t,r={384:(e,t,r)=>{""use strict"";r.d(t,{NT:()=>o,US:()=>u,Zm:()=>s,bQ:()=>d,dV:()=>c,pV:()=>l});var n=r(6154),i=r(1863),a=r(1910);const o={beacon:""bam.nr-data.net"",errorBeacon:""bam.nr-data.net""};function s(){return n.gm.NREUM||(n.gm.NREUM={}),void 0===n.gm.newrelic&&(n.gm.newrelic=n.gm.NREUM),n.gm.NREUM}function c(){let e=s();return e.o||(e.o={ST:n.gm.setTimeout,SI:n.gm.setImmediate||n.gm.setInterval,CT:n.gm.clearTimeout,XHR:n.gm.XMLHttpRequest,REQ:n.gm.Request,EV:n.gm.Event,PR:n.gm.Promise,MO:n.gm.MutationObserver,FETCH:n.gm.fetch,WS:n.gm.WebSocket},(0,a.i)(...Object.values(e.o))),e}function d(e,t){let r=s();r.initializedAgents??={},t.initializedAt={ms:(0,i.t)(),date:new Date},r.initializedAgents[e]=t}function u(e,t){s()[e]=t}function l(){return function(){let e=s();const t=e.info||{};e.info={beacon:o.beacon,errorBeacon:o.errorBeacon,...t}}(),function(){let e=s();const t=e.init||{};e.init={...t}}(),c(),function(){let e=s();const t=e.loader_config||{};e.loader_config={...t}}(),s()}},782:(e,t,r)=>{""use strict"";r.d(t,{T:()=>n});const n=r(860).K7.pageViewTiming},860:(e,t,r)=>{""use strict"";r.d(t,{$J:()=>u,K7:()=>c,P3:()=>d,XX:()=>i,Yy:()=>s,df:()=>a,qY:()=>n,v4:()=>o});const n=""events"",i=""jserrors"",a=""browser/blobs"",o=""rum"",s=""browser/logs"",c={ajax:""ajax"",genericEvents:""generic_events"",jserrors:i,logging:""logging"",metrics:""metrics"",pageAction:""page_action"",pageViewEvent:""page_view_event"",pageViewTiming:""page_view_timing"",sessionReplay:""session_replay"",sessionTrace:""session_trace"",softNav:""soft_navigations"",spa:""spa""},d={[c.pageViewEvent]:1,[c.pageViewTiming]:2,[c.metrics]:3,[c.jserrors]:4,[c.spa]:5,[c.ajax]:6,[c.sessionTrace]:7,[c.softNav]:8,[c.sessionReplay]:9,[c.logging]:10,[c.genericEvents]:11},u={[c.pageViewEvent]:o,[c.pageViewTiming]:n,[c.ajax]:n,[c.spa]:n,[c.softNav]:n,[c.metrics]:i,[c.jserrors]:i,[c.sessionTrace]:a,[c.sessionReplay]:a,[c.logging]:s,[c.genericEvents]:""ins""}},944:(e,t,r)=>{""use strict"";r.d(t,{R:()=>i});var n=r(3241);function i(e,t){""function""==typeof console.debug&&(console.debug(""New Relic Warning: https://github.com/newrelic/newrelic-browser-agent/blob/main/docs/warning-codes.md#"".concat(e),t),(0,n.W)({agentIdentifier:null,drained:null,type:""data"",name:""warn"",feature:""warn"",data:{code:e,secondary:t}}))}},993:(e,t,r)=>{""use strict"";r.d(t,{A$:()=>a,ET:()=>o,TZ:()=>s,p_:()=>i});var n=r(860);const i={ERROR:""ERROR"",WARN:""WARN"",INFO:""INFO"",DEBUG:""DEBUG"",TRACE:""TRACE""},a={OFF:0,ERROR:1,WARN:2,INFO:3,DEBUG:4,TRACE:5},o=""log"",s=n.K7.logging},1687:(e,t,r)=>{""use strict"";r.d(t,{Ak:()=>d,Ze:()=>f,x3:()=>u});var n=r(3241),i=r(7836),a=r(3606),o=r(860),s=r(2646);const c={};function d(e,t){const r={staged:!1,priority:o.P3[t]||0};l(e),c[e].get(t)||c[e].set(t,r)}function u(e,t){e&&c[e]&&(c[e].get(t)&&c[e].delete(t),p(e,t,!1),c[e].size&&h(e))}function l(e){if(!e)throw new Error(""agentIdentifier required"");c[e]||(c[e]=new Map)}function f(e="""",t=""feature"",r=!1){if(l(e),!e||!c[e].get(t)||r)return p(e,t);c[e].get(t).staged=!0,h(e)}function h(e){const t=Array.from(c[e]);t.every(([e,t])=>t.staged)&&(t.sort((e,t)=>e[1].priority-t[1].priority),t.forEach(([t])=>{c[e].delete(t),p(e,t)}))}function p(e,t,r=!0){const o=e?i.ee.get(e):i.ee,c=a.i.handlers;if(!o.aborted&&o.backlog&&c){if((0,n.W)({agentIdentifier:e,type:""lifecycle"",name:""drain"",feature:t}),r){const e=o.backlog[t],r=c[t];if(r){for(let t=0;e&&t<e.length;++t)g(e[t],r);Object.entries(r).forEach(([e,t])=>{Object.values(t||{}).forEach(t=>{t[0]?.on&&t[0]?.context()instanceof s.y&&t[0].on(e,t[1])})})}}o.isolatedBacklog||delete c[t],o.backlog[t]=null,o.emit(""drain-""+t,[])}}function g(e,t){var r=e[1];Object.values(t[r]||{}).forEach(t=>{var r=e[0];if(t[0]===r){var n=t[1],i=e[3],a=e[2];n.apply(i,a)}})}},1741:(e,t,r)=>{""use strict"";r.d(t,{W:()=>a});var n=r(944),i=r(4261);class a{#e(e,...t){if(this[e]!==a.prototype[e])return this[e](...t);(0,n.R)(35,e)}addPageAction(e,t){return this.#e(i.hG,e,t)}register(e){return this.#e(i.eY,e)}recordCustomEvent(e,t){return this.#e(i.fF,e,t)}setPageViewName(e,t){return this.#e(i.Fw,e,t)}setCustomAttribute(e,t,r){return this.#e(i.cD,e,t,r)}noticeError(e,t){return this.#e(i.o5,e,t)}setUserId(e){return this.#e(i.",success
hip-hop,Kiss Me Thru The Phone,Soulja Boy,R&B Love Collection Summer 2009,N/A,"1,222,454","8,376,540",https://www.last.fm/music/Soulja+Boy/_/Kiss+Me+Thru+The+Phone,"
<!DOCTYPE html>

<html class=""no-js playbar-masthead-release-shim youtube-provider-not-ready"" lang=""en"">
<head>
<meta charset=""utf-8""/>
<meta content=""IE=edge"" http-equiv=""X-UA-Compatible""/><script type=""text/javascript"">window.NREUM||(NREUM={});NREUM.info={""beacon"":""bam.nr-data.net"",""errorBeacon"":""bam.nr-data.net"",""licenseKey"":""0ed0ce50b0"",""applicationID"":""5588594"",""transactionName"":""Y1BRbUUFWkMEWxYMV1oadUxZB0BZClZNCV5ZG0RcVUpDRxIWAxVIRxteTEQNVx4TUQcSSxpWUk1WCFtXEF1YMUpVVlgXUAFA"",""queueTime"":0,""applicationTime"":1662,""agent"":""""};
(window.NREUM||(NREUM={})).init={ajax:{deny_list:[""bam.nr-data.net""]}};(window.NREUM||(NREUM={})).loader_config={xpid:""UwYPV15QGwYFXFlXDgU="",licenseKey:""0ed0ce50b0"",applicationID:""5588594"",browserID:""5591142""};;/*! For license information please see nr-loader-full-1.302.0.min.js.LICENSE.txt */
(()=>{var e,t,r={384:(e,t,r)=>{""use strict"";r.d(t,{NT:()=>o,US:()=>u,Zm:()=>s,bQ:()=>d,dV:()=>c,pV:()=>l});var n=r(6154),i=r(1863),a=r(1910);const o={beacon:""bam.nr-data.net"",errorBeacon:""bam.nr-data.net""};function s(){return n.gm.NREUM||(n.gm.NREUM={}),void 0===n.gm.newrelic&&(n.gm.newrelic=n.gm.NREUM),n.gm.NREUM}function c(){let e=s();return e.o||(e.o={ST:n.gm.setTimeout,SI:n.gm.setImmediate||n.gm.setInterval,CT:n.gm.clearTimeout,XHR:n.gm.XMLHttpRequest,REQ:n.gm.Request,EV:n.gm.Event,PR:n.gm.Promise,MO:n.gm.MutationObserver,FETCH:n.gm.fetch,WS:n.gm.WebSocket},(0,a.i)(...Object.values(e.o))),e}function d(e,t){let r=s();r.initializedAgents??={},t.initializedAt={ms:(0,i.t)(),date:new Date},r.initializedAgents[e]=t}function u(e,t){s()[e]=t}function l(){return function(){let e=s();const t=e.info||{};e.info={beacon:o.beacon,errorBeacon:o.errorBeacon,...t}}(),function(){let e=s();const t=e.init||{};e.init={...t}}(),c(),function(){let e=s();const t=e.loader_config||{};e.loader_config={...t}}(),s()}},782:(e,t,r)=>{""use strict"";r.d(t,{T:()=>n});const n=r(860).K7.pageViewTiming},860:(e,t,r)=>{""use strict"";r.d(t,{$J:()=>u,K7:()=>c,P3:()=>d,XX:()=>i,Yy:()=>s,df:()=>a,qY:()=>n,v4:()=>o});const n=""events"",i=""jserrors"",a=""browser/blobs"",o=""rum"",s=""browser/logs"",c={ajax:""ajax"",genericEvents:""generic_events"",jserrors:i,logging:""logging"",metrics:""metrics"",pageAction:""page_action"",pageViewEvent:""page_view_event"",pageViewTiming:""page_view_timing"",sessionReplay:""session_replay"",sessionTrace:""session_trace"",softNav:""soft_navigations"",spa:""spa""},d={[c.pageViewEvent]:1,[c.pageViewTiming]:2,[c.metrics]:3,[c.jserrors]:4,[c.spa]:5,[c.ajax]:6,[c.sessionTrace]:7,[c.softNav]:8,[c.sessionReplay]:9,[c.logging]:10,[c.genericEvents]:11},u={[c.pageViewEvent]:o,[c.pageViewTiming]:n,[c.ajax]:n,[c.spa]:n,[c.softNav]:n,[c.metrics]:i,[c.jserrors]:i,[c.sessionTrace]:a,[c.sessionReplay]:a,[c.logging]:s,[c.genericEvents]:""ins""}},944:(e,t,r)=>{""use strict"";r.d(t,{R:()=>i});var n=r(3241);function i(e,t){""function""==typeof console.debug&&(console.debug(""New Relic Warning: https://github.com/newrelic/newrelic-browser-agent/blob/main/docs/warning-codes.md#"".concat(e),t),(0,n.W)({agentIdentifier:null,drained:null,type:""data"",name:""warn"",feature:""warn"",data:{code:e,secondary:t}}))}},993:(e,t,r)=>{""use strict"";r.d(t,{A$:()=>a,ET:()=>o,TZ:()=>s,p_:()=>i});var n=r(860);const i={ERROR:""ERROR"",WARN:""WARN"",INFO:""INFO"",DEBUG:""DEBUG"",TRACE:""TRACE""},a={OFF:0,ERROR:1,WARN:2,INFO:3,DEBUG:4,TRACE:5},o=""log"",s=n.K7.logging},1687:(e,t,r)=>{""use strict"";r.d(t,{Ak:()=>d,Ze:()=>f,x3:()=>u});var n=r(3241),i=r(7836),a=r(3606),o=r(860),s=r(2646);const c={};function d(e,t){const r={staged:!1,priority:o.P3[t]||0};l(e),c[e].get(t)||c[e].set(t,r)}function u(e,t){e&&c[e]&&(c[e].get(t)&&c[e].delete(t),p(e,t,!1),c[e].size&&h(e))}function l(e){if(!e)throw new Error(""agentIdentifier required"");c[e]||(c[e]=new Map)}function f(e="""",t=""feature"",r=!1){if(l(e),!e||!c[e].get(t)||r)return p(e,t);c[e].get(t).staged=!0,h(e)}function h(e){const t=Array.from(c[e]);t.every(([e,t])=>t.staged)&&(t.sort((e,t)=>e[1].priority-t[1].priority),t.forEach(([t])=>{c[e].delete(t),p(e,t)}))}function p(e,t,r=!0){const o=e?i.ee.get(e):i.ee,c=a.i.handlers;if(!o.aborted&&o.backlog&&c){if((0,n.W)({agentIdentifier:e,type:""lifecycle"",name:""drain"",feature:t}),r){const e=o.backlog[t],r=c[t];if(r){for(let t=0;e&&t<e.length;++t)g(e[t],r);Object.entries(r).forEach(([e,t])=>{Object.values(t||{}).forEach(t=>{t[0]?.on&&t[0]?.context()instanceof s.y&&t[0].on(e,t[1])})})}}o.isolatedBacklog||delete c[t],o.backlog[t]=null,o.emit(""drain-""+t,[])}}function g(e,t){var r=e[1];Object.values(t[r]||{}).forEach(t=>{var r=e[0];if(t[0]===r){var n=t[1],i=e[3],a=e[2];n.apply(i,a)}})}},1741:(e,t,r)=>{""use strict"";r.d(t,{W:()=>a});var n=r(944),i=r(4261);class a{#e(e,...t){if(this[e]!==a.prototype[e])return this[e](...t);(0,n.R)(35,e)}addPageAction(e,t){return this.#e(i.hG,e,t)}register(e){return this.#e(i.eY,e)}recordCustomEvent(e,t){return this.#e(i.fF,e,t)}setPageViewName(e,t){return this.#e(i.Fw,e,t)}setCustomAttribute(e,t,r){return this.#e(i.cD,e,t,r)}noticeError(e,t){return this.#e(i.o5,e,t)}setUserId(e){return this.#e(i",success
hip-hop,Touch the Sky,Kanye West,Late Registration,3:11,"1,127,843","12,545,274",https://www.last.fm/music/Kanye+West/_/Touch+the+Sky,"
<!DOCTYPE html>

<html class=""no-js playbar-masthead-release-shim youtube-provider-not-ready"" lang=""en"">
<head>
<meta charset=""utf-8""/>
<meta content=""IE=edge"" http-equiv=""X-UA-Compatible""/><script type=""text/javascript"">window.NREUM||(NREUM={});NREUM.info={""beacon"":""bam.nr-data.net"",""errorBeacon"":""bam.nr-data.net"",""licenseKey"":""0ed0ce50b0"",""applicationID"":""5588594"",""transactionName"":""Y1BRbUUFWkMEWxYMV1oadUxZB0BZClZNCV5ZG0RcVUpDRxIWAxVIRxteTEQNVx4TUQcSSxpWUk1WCFtXEF1YMUpVVlgXUAFA"",""queueTime"":0,""applicationTime"":585,""agent"":""""};
(window.NREUM||(NREUM={})).init={ajax:{deny_list:[""bam.nr-data.net""]}};(window.NREUM||(NREUM={})).loader_config={xpid:""UwYPV15QGwYFXFlXDgU="",licenseKey:""0ed0ce50b0"",applicationID:""5588594"",browserID:""5591142""};;/*! For license information please see nr-loader-full-1.302.0.min.js.LICENSE.txt */
(()=>{var e,t,r={384:(e,t,r)=>{""use strict"";r.d(t,{NT:()=>o,US:()=>u,Zm:()=>s,bQ:()=>d,dV:()=>c,pV:()=>l});var n=r(6154),i=r(1863),a=r(1910);const o={beacon:""bam.nr-data.net"",errorBeacon:""bam.nr-data.net""};function s(){return n.gm.NREUM||(n.gm.NREUM={}),void 0===n.gm.newrelic&&(n.gm.newrelic=n.gm.NREUM),n.gm.NREUM}function c(){let e=s();return e.o||(e.o={ST:n.gm.setTimeout,SI:n.gm.setImmediate||n.gm.setInterval,CT:n.gm.clearTimeout,XHR:n.gm.XMLHttpRequest,REQ:n.gm.Request,EV:n.gm.Event,PR:n.gm.Promise,MO:n.gm.MutationObserver,FETCH:n.gm.fetch,WS:n.gm.WebSocket},(0,a.i)(...Object.values(e.o))),e}function d(e,t){let r=s();r.initializedAgents??={},t.initializedAt={ms:(0,i.t)(),date:new Date},r.initializedAgents[e]=t}function u(e,t){s()[e]=t}function l(){return function(){let e=s();const t=e.info||{};e.info={beacon:o.beacon,errorBeacon:o.errorBeacon,...t}}(),function(){let e=s();const t=e.init||{};e.init={...t}}(),c(),function(){let e=s();const t=e.loader_config||{};e.loader_config={...t}}(),s()}},782:(e,t,r)=>{""use strict"";r.d(t,{T:()=>n});const n=r(860).K7.pageViewTiming},860:(e,t,r)=>{""use strict"";r.d(t,{$J:()=>u,K7:()=>c,P3:()=>d,XX:()=>i,Yy:()=>s,df:()=>a,qY:()=>n,v4:()=>o});const n=""events"",i=""jserrors"",a=""browser/blobs"",o=""rum"",s=""browser/logs"",c={ajax:""ajax"",genericEvents:""generic_events"",jserrors:i,logging:""logging"",metrics:""metrics"",pageAction:""page_action"",pageViewEvent:""page_view_event"",pageViewTiming:""page_view_timing"",sessionReplay:""session_replay"",sessionTrace:""session_trace"",softNav:""soft_navigations"",spa:""spa""},d={[c.pageViewEvent]:1,[c.pageViewTiming]:2,[c.metrics]:3,[c.jserrors]:4,[c.spa]:5,[c.ajax]:6,[c.sessionTrace]:7,[c.softNav]:8,[c.sessionReplay]:9,[c.logging]:10,[c.genericEvents]:11},u={[c.pageViewEvent]:o,[c.pageViewTiming]:n,[c.ajax]:n,[c.spa]:n,[c.softNav]:n,[c.metrics]:i,[c.jserrors]:i,[c.sessionTrace]:a,[c.sessionReplay]:a,[c.logging]:s,[c.genericEvents]:""ins""}},944:(e,t,r)=>{""use strict"";r.d(t,{R:()=>i});var n=r(3241);function i(e,t){""function""==typeof console.debug&&(console.debug(""New Relic Warning: https://github.com/newrelic/newrelic-browser-agent/blob/main/docs/warning-codes.md#"".concat(e),t),(0,n.W)({agentIdentifier:null,drained:null,type:""data"",name:""warn"",feature:""warn"",data:{code:e,secondary:t}}))}},993:(e,t,r)=>{""use strict"";r.d(t,{A$:()=>a,ET:()=>o,TZ:()=>s,p_:()=>i});var n=r(860);const i={ERROR:""ERROR"",WARN:""WARN"",INFO:""INFO"",DEBUG:""DEBUG"",TRACE:""TRACE""},a={OFF:0,ERROR:1,WARN:2,INFO:3,DEBUG:4,TRACE:5},o=""log"",s=n.K7.logging},1687:(e,t,r)=>{""use strict"";r.d(t,{Ak:()=>d,Ze:()=>f,x3:()=>u});var n=r(3241),i=r(7836),a=r(3606),o=r(860),s=r(2646);const c={};function d(e,t){const r={staged:!1,priority:o.P3[t]||0};l(e),c[e].get(t)||c[e].set(t,r)}function u(e,t){e&&c[e]&&(c[e].get(t)&&c[e].delete(t),p(e,t,!1),c[e].size&&h(e))}function l(e){if(!e)throw new Error(""agentIdentifier required"");c[e]||(c[e]=new Map)}function f(e="""",t=""feature"",r=!1){if(l(e),!e||!c[e].get(t)||r)return p(e,t);c[e].get(t).staged=!0,h(e)}function h(e){const t=Array.from(c[e]);t.every(([e,t])=>t.staged)&&(t.sort((e,t)=>e[1].priority-t[1].priority),t.forEach(([t])=>{c[e].delete(t),p(e,t)}))}function p(e,t,r=!0){const o=e?i.ee.get(e):i.ee,c=a.i.handlers;if(!o.aborted&&o.backlog&&c){if((0,n.W)({agentIdentifier:e,type:""lifecycle"",name:""drain"",feature:t}),r){const e=o.backlog[t],r=c[t];if(r){for(let t=0;e&&t<e.length;++t)g(e[t],r);Object.entries(r).forEach(([e,t])=>{Object.values(t||{}).forEach(t=>{t[0]?.on&&t[0]?.context()instanceof s.y&&t[0].on(e,t[1])})})}}o.isolatedBacklog||delete c[t],o.backlog[t]=null,o.emit(""drain-""+t,[])}}function g(e,t){var r=e[1];Object.values(t[r]||{}).forEach(t=>{var r=e[0];if(t[0]===r){var n=t[1],i=e[3],a=e[2];n.apply(i,a)}})}},1741:(e,t,r)=>{""use strict"";r.d(t,{W:()=>a});var n=r(944),i=r(4261);class a{#e(e,...t){if(this[e]!==a.prototype[e])return this[e](...t);(0,n.R)(35,e)}addPageAction(e,t){return this.#e(i.hG,e,t)}register(e){return this.#e(i.eY,e)}recordCustomEvent(e,t){return this.#e(i.fF,e,t)}setPageViewName(e,t){return this.#e(i.Fw,e,t)}setCustomAttribute(e,t,r){return this.#e(i.cD,e,t,r)}noticeError(e,t){return this.#e(i.o5,e,t)}setUserId(e){return this.#e(i.",success
hip-hop,Headlines,Drake,Take Care,3:56,"1,015,593","13,266,802",https://www.last.fm/music/Drake/_/Headlines,"
<!DOCTYPE html>

<html class=""no-js playbar-masthead-release-shim youtube-provider-not-ready"" lang=""en"">
<head>
<meta charset=""utf-8""/>
<meta content=""IE=edge"" http-equiv=""X-UA-Compatible""/><script type=""text/javascript"">window.NREUM||(NREUM={});NREUM.info={""beacon"":""bam.nr-data.net"",""errorBeacon"":""bam.nr-data.net"",""licenseKey"":""0ed0ce50b0"",""applicationID"":""5588594"",""transactionName"":""Y1BRbUUFWkMEWxYMV1oadUxZB0BZClZNCV5ZG0RcVUpDRxIWAxVIRxteTEQNVx4TUQcSSxpWUk1WCFtXEF1YMUpVVlgXUAFA"",""queueTime"":0,""applicationTime"":1003,""agent"":""""};
(window.NREUM||(NREUM={})).init={ajax:{deny_list:[""bam.nr-data.net""]}};(window.NREUM||(NREUM={})).loader_config={xpid:""UwYPV15QGwYFXFlXDgU="",licenseKey:""0ed0ce50b0"",applicationID:""5588594"",browserID:""5591142""};;/*! For license information please see nr-loader-full-1.302.0.min.js.LICENSE.txt */
(()=>{var e,t,r={384:(e,t,r)=>{""use strict"";r.d(t,{NT:()=>o,US:()=>u,Zm:()=>s,bQ:()=>d,dV:()=>c,pV:()=>l});var n=r(6154),i=r(1863),a=r(1910);const o={beacon:""bam.nr-data.net"",errorBeacon:""bam.nr-data.net""};function s(){return n.gm.NREUM||(n.gm.NREUM={}),void 0===n.gm.newrelic&&(n.gm.newrelic=n.gm.NREUM),n.gm.NREUM}function c(){let e=s();return e.o||(e.o={ST:n.gm.setTimeout,SI:n.gm.setImmediate||n.gm.setInterval,CT:n.gm.clearTimeout,XHR:n.gm.XMLHttpRequest,REQ:n.gm.Request,EV:n.gm.Event,PR:n.gm.Promise,MO:n.gm.MutationObserver,FETCH:n.gm.fetch,WS:n.gm.WebSocket},(0,a.i)(...Object.values(e.o))),e}function d(e,t){let r=s();r.initializedAgents??={},t.initializedAt={ms:(0,i.t)(),date:new Date},r.initializedAgents[e]=t}function u(e,t){s()[e]=t}function l(){return function(){let e=s();const t=e.info||{};e.info={beacon:o.beacon,errorBeacon:o.errorBeacon,...t}}(),function(){let e=s();const t=e.init||{};e.init={...t}}(),c(),function(){let e=s();const t=e.loader_config||{};e.loader_config={...t}}(),s()}},782:(e,t,r)=>{""use strict"";r.d(t,{T:()=>n});const n=r(860).K7.pageViewTiming},860:(e,t,r)=>{""use strict"";r.d(t,{$J:()=>u,K7:()=>c,P3:()=>d,XX:()=>i,Yy:()=>s,df:()=>a,qY:()=>n,v4:()=>o});const n=""events"",i=""jserrors"",a=""browser/blobs"",o=""rum"",s=""browser/logs"",c={ajax:""ajax"",genericEvents:""generic_events"",jserrors:i,logging:""logging"",metrics:""metrics"",pageAction:""page_action"",pageViewEvent:""page_view_event"",pageViewTiming:""page_view_timing"",sessionReplay:""session_replay"",sessionTrace:""session_trace"",softNav:""soft_navigations"",spa:""spa""},d={[c.pageViewEvent]:1,[c.pageViewTiming]:2,[c.metrics]:3,[c.jserrors]:4,[c.spa]:5,[c.ajax]:6,[c.sessionTrace]:7,[c.softNav]:8,[c.sessionReplay]:9,[c.logging]:10,[c.genericEvents]:11},u={[c.pageViewEvent]:o,[c.pageViewTiming]:n,[c.ajax]:n,[c.spa]:n,[c.softNav]:n,[c.metrics]:i,[c.jserrors]:i,[c.sessionTrace]:a,[c.sessionReplay]:a,[c.logging]:s,[c.genericEvents]:""ins""}},944:(e,t,r)=>{""use strict"";r.d(t,{R:()=>i});var n=r(3241);function i(e,t){""function""==typeof console.debug&&(console.debug(""New Relic Warning: https://github.com/newrelic/newrelic-browser-agent/blob/main/docs/warning-codes.md#"".concat(e),t),(0,n.W)({agentIdentifier:null,drained:null,type:""data"",name:""warn"",feature:""warn"",data:{code:e,secondary:t}}))}},993:(e,t,r)=>{""use strict"";r.d(t,{A$:()=>a,ET:()=>o,TZ:()=>s,p_:()=>i});var n=r(860);const i={ERROR:""ERROR"",WARN:""WARN"",INFO:""INFO"",DEBUG:""DEBUG"",TRACE:""TRACE""},a={OFF:0,ERROR:1,WARN:2,INFO:3,DEBUG:4,TRACE:5},o=""log"",s=n.K7.logging},1687:(e,t,r)=>{""use strict"";r.d(t,{Ak:()=>d,Ze:()=>f,x3:()=>u});var n=r(3241),i=r(7836),a=r(3606),o=r(860),s=r(2646);const c={};function d(e,t){const r={staged:!1,priority:o.P3[t]||0};l(e),c[e].get(t)||c[e].set(t,r)}function u(e,t){e&&c[e]&&(c[e].get(t)&&c[e].delete(t),p(e,t,!1),c[e].size&&h(e))}function l(e){if(!e)throw new Error(""agentIdentifier required"");c[e]||(c[e]=new Map)}function f(e="""",t=""feature"",r=!1){if(l(e),!e||!c[e].get(t)||r)return p(e,t);c[e].get(t).staged=!0,h(e)}function h(e){const t=Array.from(c[e]);t.every(([e,t])=>t.staged)&&(t.sort((e,t)=>e[1].priority-t[1].priority),t.forEach(([t])=>{c[e].delete(t),p(e,t)}))}function p(e,t,r=!0){const o=e?i.ee.get(e):i.ee,c=a.i.handlers;if(!o.aborted&&o.backlog&&c){if((0,n.W)({agentIdentifier:e,type:""lifecycle"",name:""drain"",feature:t}),r){const e=o.backlog[t],r=c[t];if(r){for(let t=0;e&&t<e.length;++t)g(e[t],r);Object.entries(r).forEach(([e,t])=>{Object.values(t||{}).forEach(t=>{t[0]?.on&&t[0]?.context()instanceof s.y&&t[0].on(e,t[1])})})}}o.isolatedBacklog||delete c[t],o.backlog[t]=null,o.emit(""drain-""+t,[])}}function g(e,t){var r=e[1];Object.values(t[r]||{}).forEach(t=>{var r=e[0];if(t[0]===r){var n=t[1],i=e[3],a=e[2];n.apply(i,a)}})}},1741:(e,t,r)=>{""use strict"";r.d(t,{W:()=>a});var n=r(944),i=r(4261);class a{#e(e,...t){if(this[e]!==a.prototype[e])return this[e](...t);(0,n.R)(35,e)}addPageAction(e,t){return this.#e(i.hG,e,t)}register(e){return this.#e(i.eY,e)}recordCustomEvent(e,t){return this.#e(i.fF,e,t)}setPageViewName(e,t){return this.#e(i.Fw,e,t)}setCustomAttribute(e,t,r){return this.#e(i.cD,e,t,r)}noticeError(e,t){return this.#e(i.o5,e,t)}setUserId(e){return this.#e(i",success
hip-hop,Maui Wowie,Kid Cudi,a KiD named CuDi,2:24,"276,601","2,041,860",https://www.last.fm/music/Kid+Cudi/_/Maui+Wowie,"
<!DOCTYPE html>

<html class=""no-js playbar-masthead-release-shim youtube-provider-not-ready"" lang=""en"">
<head>
<meta charset=""utf-8""/>
<meta content=""IE=edge"" http-equiv=""X-UA-Compatible""/><script type=""text/javascript"">window.NREUM||(NREUM={});NREUM.info={""beacon"":""bam.nr-data.net"",""errorBeacon"":""bam.nr-data.net"",""licenseKey"":""0ed0ce50b0"",""applicationID"":""5588594"",""transactionName"":""Y1BRbUUFWkMEWxYMV1oadUxZB0BZClZNCV5ZG0RcVUpDRxIWAxVIRxteTEQNVx4TUQcSSxpWUk1WCFtXEF1YMUpVVlgXUAFA"",""queueTime"":0,""applicationTime"":480,""agent"":""""};
(window.NREUM||(NREUM={})).init={ajax:{deny_list:[""bam.nr-data.net""]}};(window.NREUM||(NREUM={})).loader_config={xpid:""UwYPV15QGwYFXFlXDgU="",licenseKey:""0ed0ce50b0"",applicationID:""5588594"",browserID:""5591142""};;/*! For license information please see nr-loader-full-1.302.0.min.js.LICENSE.txt */
(()=>{var e,t,r={384:(e,t,r)=>{""use strict"";r.d(t,{NT:()=>o,US:()=>u,Zm:()=>s,bQ:()=>d,dV:()=>c,pV:()=>l});var n=r(6154),i=r(1863),a=r(1910);const o={beacon:""bam.nr-data.net"",errorBeacon:""bam.nr-data.net""};function s(){return n.gm.NREUM||(n.gm.NREUM={}),void 0===n.gm.newrelic&&(n.gm.newrelic=n.gm.NREUM),n.gm.NREUM}function c(){let e=s();return e.o||(e.o={ST:n.gm.setTimeout,SI:n.gm.setImmediate||n.gm.setInterval,CT:n.gm.clearTimeout,XHR:n.gm.XMLHttpRequest,REQ:n.gm.Request,EV:n.gm.Event,PR:n.gm.Promise,MO:n.gm.MutationObserver,FETCH:n.gm.fetch,WS:n.gm.WebSocket},(0,a.i)(...Object.values(e.o))),e}function d(e,t){let r=s();r.initializedAgents??={},t.initializedAt={ms:(0,i.t)(),date:new Date},r.initializedAgents[e]=t}function u(e,t){s()[e]=t}function l(){return function(){let e=s();const t=e.info||{};e.info={beacon:o.beacon,errorBeacon:o.errorBeacon,...t}}(),function(){let e=s();const t=e.init||{};e.init={...t}}(),c(),function(){let e=s();const t=e.loader_config||{};e.loader_config={...t}}(),s()}},782:(e,t,r)=>{""use strict"";r.d(t,{T:()=>n});const n=r(860).K7.pageViewTiming},860:(e,t,r)=>{""use strict"";r.d(t,{$J:()=>u,K7:()=>c,P3:()=>d,XX:()=>i,Yy:()=>s,df:()=>a,qY:()=>n,v4:()=>o});const n=""events"",i=""jserrors"",a=""browser/blobs"",o=""rum"",s=""browser/logs"",c={ajax:""ajax"",genericEvents:""generic_events"",jserrors:i,logging:""logging"",metrics:""metrics"",pageAction:""page_action"",pageViewEvent:""page_view_event"",pageViewTiming:""page_view_timing"",sessionReplay:""session_replay"",sessionTrace:""session_trace"",softNav:""soft_navigations"",spa:""spa""},d={[c.pageViewEvent]:1,[c.pageViewTiming]:2,[c.metrics]:3,[c.jserrors]:4,[c.spa]:5,[c.ajax]:6,[c.sessionTrace]:7,[c.softNav]:8,[c.sessionReplay]:9,[c.logging]:10,[c.genericEvents]:11},u={[c.pageViewEvent]:o,[c.pageViewTiming]:n,[c.ajax]:n,[c.spa]:n,[c.softNav]:n,[c.metrics]:i,[c.jserrors]:i,[c.sessionTrace]:a,[c.sessionReplay]:a,[c.logging]:s,[c.genericEvents]:""ins""}},944:(e,t,r)=>{""use strict"";r.d(t,{R:()=>i});var n=r(3241);function i(e,t){""function""==typeof console.debug&&(console.debug(""New Relic Warning: https://github.com/newrelic/newrelic-browser-agent/blob/main/docs/warning-codes.md#"".concat(e),t),(0,n.W)({agentIdentifier:null,drained:null,type:""data"",name:""warn"",feature:""warn"",data:{code:e,secondary:t}}))}},993:(e,t,r)=>{""use strict"";r.d(t,{A$:()=>a,ET:()=>o,TZ:()=>s,p_:()=>i});var n=r(860);const i={ERROR:""ERROR"",WARN:""WARN"",INFO:""INFO"",DEBUG:""DEBUG"",TRACE:""TRACE""},a={OFF:0,ERROR:1,WARN:2,INFO:3,DEBUG:4,TRACE:5},o=""log"",s=n.K7.logging},1687:(e,t,r)=>{""use strict"";r.d(t,{Ak:()=>d,Ze:()=>f,x3:()=>u});var n=r(3241),i=r(7836),a=r(3606),o=r(860),s=r(2646);const c={};function d(e,t){const r={staged:!1,priority:o.P3[t]||0};l(e),c[e].get(t)||c[e].set(t,r)}function u(e,t){e&&c[e]&&(c[e].get(t)&&c[e].delete(t),p(e,t,!1),c[e].size&&h(e))}function l(e){if(!e)throw new Error(""agentIdentifier required"");c[e]||(c[e]=new Map)}function f(e="""",t=""feature"",r=!1){if(l(e),!e||!c[e].get(t)||r)return p(e,t);c[e].get(t).staged=!0,h(e)}function h(e){const t=Array.from(c[e]);t.every(([e,t])=>t.staged)&&(t.sort((e,t)=>e[1].priority-t[1].priority),t.forEach(([t])=>{c[e].delete(t),p(e,t)}))}function p(e,t,r=!0){const o=e?i.ee.get(e):i.ee,c=a.i.handlers;if(!o.aborted&&o.backlog&&c){if((0,n.W)({agentIdentifier:e,type:""lifecycle"",name:""drain"",feature:t}),r){const e=o.backlog[t],r=c[t];if(r){for(let t=0;e&&t<e.length;++t)g(e[t],r);Object.entries(r).forEach(([e,t])=>{Object.values(t||{}).forEach(t=>{t[0]?.on&&t[0]?.context()instanceof s.y&&t[0].on(e,t[1])})})}}o.isolatedBacklog||delete c[t],o.backlog[t]=null,o.emit(""drain-""+t,[])}}function g(e,t){var r=e[1];Object.values(t[r]||{}).forEach(t=>{var r=e[0];if(t[0]===r){var n=t[1],i=e[3],a=e[2];n.apply(i,a)}})}},1741:(e,t,r)=>{""use strict"";r.d(t,{W:()=>a});var n=r(944),i=r(4261);class a{#e(e,...t){if(this[e]!==a.prototype[e])return this[e](...t);(0,n.R)(35,e)}addPageAction(e,t){return this.#e(i.hG,e,t)}register(e){return this.#e(i.eY,e)}recordCustomEvent(e,t){return this.#e(i.fF,e,t)}setPageViewName(e,t){return this.#e(i.Fw,e,t)}setCustomAttribute(e,t,r){return this.#e(i.cD,e,t,r)}noticeError(e,t){return this.#e(i.o5,e,t)}setUserId(e){return this.#e(i.",success
hip-hop,Pursuit of Happiness (Nightmare),Kid Cudi,Man on the Moon: The End of Day,4:55,"1,211,191","13,121,739",https://www.last.fm/music/Kid+Cudi/_/Pursuit+of+Happiness+(Nightmare),"
<!DOCTYPE html>

<html class=""no-js playbar-masthead-release-shim youtube-provider-not-ready"" lang=""en"">
<head>
<meta charset=""utf-8""/>
<meta content=""IE=edge"" http-equiv=""X-UA-Compatible""/><script type=""text/javascript"">window.NREUM||(NREUM={});NREUM.info={""beacon"":""bam.nr-data.net"",""errorBeacon"":""bam.nr-data.net"",""licenseKey"":""0ed0ce50b0"",""applicationID"":""5588594"",""transactionName"":""Y1BRbUUFWkMEWxYMV1oadUxZB0BZClZNCV5ZG0RcVUpDRxIWAxVIRxteTEQNVx4TUQcSSxpWUk1WCFtXEF1YMUpVVlgXUAFA"",""queueTime"":0,""applicationTime"":767,""agent"":""""};
(window.NREUM||(NREUM={})).init={ajax:{deny_list:[""bam.nr-data.net""]}};(window.NREUM||(NREUM={})).loader_config={xpid:""UwYPV15QGwYFXFlXDgU="",licenseKey:""0ed0ce50b0"",applicationID:""5588594"",browserID:""5591142""};;/*! For license information please see nr-loader-full-1.302.0.min.js.LICENSE.txt */
(()=>{var e,t,r={384:(e,t,r)=>{""use strict"";r.d(t,{NT:()=>o,US:()=>u,Zm:()=>s,bQ:()=>d,dV:()=>c,pV:()=>l});var n=r(6154),i=r(1863),a=r(1910);const o={beacon:""bam.nr-data.net"",errorBeacon:""bam.nr-data.net""};function s(){return n.gm.NREUM||(n.gm.NREUM={}),void 0===n.gm.newrelic&&(n.gm.newrelic=n.gm.NREUM),n.gm.NREUM}function c(){let e=s();return e.o||(e.o={ST:n.gm.setTimeout,SI:n.gm.setImmediate||n.gm.setInterval,CT:n.gm.clearTimeout,XHR:n.gm.XMLHttpRequest,REQ:n.gm.Request,EV:n.gm.Event,PR:n.gm.Promise,MO:n.gm.MutationObserver,FETCH:n.gm.fetch,WS:n.gm.WebSocket},(0,a.i)(...Object.values(e.o))),e}function d(e,t){let r=s();r.initializedAgents??={},t.initializedAt={ms:(0,i.t)(),date:new Date},r.initializedAgents[e]=t}function u(e,t){s()[e]=t}function l(){return function(){let e=s();const t=e.info||{};e.info={beacon:o.beacon,errorBeacon:o.errorBeacon,...t}}(),function(){let e=s();const t=e.init||{};e.init={...t}}(),c(),function(){let e=s();const t=e.loader_config||{};e.loader_config={...t}}(),s()}},782:(e,t,r)=>{""use strict"";r.d(t,{T:()=>n});const n=r(860).K7.pageViewTiming},860:(e,t,r)=>{""use strict"";r.d(t,{$J:()=>u,K7:()=>c,P3:()=>d,XX:()=>i,Yy:()=>s,df:()=>a,qY:()=>n,v4:()=>o});const n=""events"",i=""jserrors"",a=""browser/blobs"",o=""rum"",s=""browser/logs"",c={ajax:""ajax"",genericEvents:""generic_events"",jserrors:i,logging:""logging"",metrics:""metrics"",pageAction:""page_action"",pageViewEvent:""page_view_event"",pageViewTiming:""page_view_timing"",sessionReplay:""session_replay"",sessionTrace:""session_trace"",softNav:""soft_navigations"",spa:""spa""},d={[c.pageViewEvent]:1,[c.pageViewTiming]:2,[c.metrics]:3,[c.jserrors]:4,[c.spa]:5,[c.ajax]:6,[c.sessionTrace]:7,[c.softNav]:8,[c.sessionReplay]:9,[c.logging]:10,[c.genericEvents]:11},u={[c.pageViewEvent]:o,[c.pageViewTiming]:n,[c.ajax]:n,[c.spa]:n,[c.softNav]:n,[c.metrics]:i,[c.jserrors]:i,[c.sessionTrace]:a,[c.sessionReplay]:a,[c.logging]:s,[c.genericEvents]:""ins""}},944:(e,t,r)=>{""use strict"";r.d(t,{R:()=>i});var n=r(3241);function i(e,t){""function""==typeof console.debug&&(console.debug(""New Relic Warning: https://github.com/newrelic/newrelic-browser-agent/blob/main/docs/warning-codes.md#"".concat(e),t),(0,n.W)({agentIdentifier:null,drained:null,type:""data"",name:""warn"",feature:""warn"",data:{code:e,secondary:t}}))}},993:(e,t,r)=>{""use strict"";r.d(t,{A$:()=>a,ET:()=>o,TZ:()=>s,p_:()=>i});var n=r(860);const i={ERROR:""ERROR"",WARN:""WARN"",INFO:""INFO"",DEBUG:""DEBUG"",TRACE:""TRACE""},a={OFF:0,ERROR:1,WARN:2,INFO:3,DEBUG:4,TRACE:5},o=""log"",s=n.K7.logging},1687:(e,t,r)=>{""use strict"";r.d(t,{Ak:()=>d,Ze:()=>f,x3:()=>u});var n=r(3241),i=r(7836),a=r(3606),o=r(860),s=r(2646);const c={};function d(e,t){const r={staged:!1,priority:o.P3[t]||0};l(e),c[e].get(t)||c[e].set(t,r)}function u(e,t){e&&c[e]&&(c[e].get(t)&&c[e].delete(t),p(e,t,!1),c[e].size&&h(e))}function l(e){if(!e)throw new Error(""agentIdentifier required"");c[e]||(c[e]=new Map)}function f(e="""",t=""feature"",r=!1){if(l(e),!e||!c[e].get(t)||r)return p(e,t);c[e].get(t).staged=!0,h(e)}function h(e){const t=Array.from(c[e]);t.every(([e,t])=>t.staged)&&(t.sort((e,t)=>e[1].priority-t[1].priority),t.forEach(([t])=>{c[e].delete(t),p(e,t)}))}function p(e,t,r=!0){const o=e?i.ee.get(e):i.ee,c=a.i.handlers;if(!o.aborted&&o.backlog&&c){if((0,n.W)({agentIdentifier:e,type:""lifecycle"",name:""drain"",feature:t}),r){const e=o.backlog[t],r=c[t];if(r){for(let t=0;e&&t<e.length;++t)g(e[t],r);Object.entries(r).forEach(([e,t])=>{Object.values(t||{}).forEach(t=>{t[0]?.on&&t[0]?.context()instanceof s.y&&t[0].on(e,t[1])})})}}o.isolatedBacklog||delete c[t],o.backlog[t]=null,o.emit(""drain-""+t,[])}}function g(e,t){var r=e[1];Object.values(t[r]||{}).forEach(t=>{var r=e[0];if(t[0]===r){var n=t[1],i=e[3],a=e[2];n.apply(i,a)}})}},1741:(e,t,r)=>{""use strict"";r.d(t,{W:()=>a});var n=r(944),i=r(4261);class a{#e(e,...t){if(this[e]!==a.prototype[e])return this[e](...t);(0,n.R)(35,e)}addPageAction(e,t){return this.#e(i.hG,e,t)}register(e){return this.#e(i.eY,e)}recordCustomEvent(e,t){return this.#e(i.fF,e,t)}setPageViewName(e,t){return this.#e(i.Fw,e,t)}setCustomAttribute(e,t,r){return this.#e(i.cD,e,t,r)}noticeError(e,t){return this.#e(i.o5,e,t)}setUserId(e){return this.#e(i.",success
hip-hop,21 Questions,50 Cent,Get Rich or Die Tryin',3:44,"842,407","5,971,056",https://www.last.fm/music/50+Cent/_/21+Questions,"
<!DOCTYPE html>

<html class=""no-js playbar-masthead-release-shim youtube-provider-not-ready"" lang=""en"">
<head>
<meta charset=""utf-8""/>
<meta content=""IE=edge"" http-equiv=""X-UA-Compatible""/><script type=""text/javascript"">window.NREUM||(NREUM={});NREUM.info={""beacon"":""bam.nr-data.net"",""errorBeacon"":""bam.nr-data.net"",""licenseKey"":""0ed0ce50b0"",""applicationID"":""5588594"",""transactionName"":""Y1BRbUUFWkMEWxYMV1oadUxZB0BZClZNCV5ZG0RcVUpDRxIWAxVIRxteTEQNVx4TUQcSSxpWUk1WCFtXEF1YMUpVVlgXUAFA"",""queueTime"":0,""applicationTime"":567,""agent"":""""};
(window.NREUM||(NREUM={})).init={ajax:{deny_list:[""bam.nr-data.net""]}};(window.NREUM||(NREUM={})).loader_config={xpid:""UwYPV15QGwYFXFlXDgU="",licenseKey:""0ed0ce50b0"",applicationID:""5588594"",browserID:""5591142""};;/*! For license information please see nr-loader-full-1.302.0.min.js.LICENSE.txt */
(()=>{var e,t,r={384:(e,t,r)=>{""use strict"";r.d(t,{NT:()=>o,US:()=>u,Zm:()=>s,bQ:()=>d,dV:()=>c,pV:()=>l});var n=r(6154),i=r(1863),a=r(1910);const o={beacon:""bam.nr-data.net"",errorBeacon:""bam.nr-data.net""};function s(){return n.gm.NREUM||(n.gm.NREUM={}),void 0===n.gm.newrelic&&(n.gm.newrelic=n.gm.NREUM),n.gm.NREUM}function c(){let e=s();return e.o||(e.o={ST:n.gm.setTimeout,SI:n.gm.setImmediate||n.gm.setInterval,CT:n.gm.clearTimeout,XHR:n.gm.XMLHttpRequest,REQ:n.gm.Request,EV:n.gm.Event,PR:n.gm.Promise,MO:n.gm.MutationObserver,FETCH:n.gm.fetch,WS:n.gm.WebSocket},(0,a.i)(...Object.values(e.o))),e}function d(e,t){let r=s();r.initializedAgents??={},t.initializedAt={ms:(0,i.t)(),date:new Date},r.initializedAgents[e]=t}function u(e,t){s()[e]=t}function l(){return function(){let e=s();const t=e.info||{};e.info={beacon:o.beacon,errorBeacon:o.errorBeacon,...t}}(),function(){let e=s();const t=e.init||{};e.init={...t}}(),c(),function(){let e=s();const t=e.loader_config||{};e.loader_config={...t}}(),s()}},782:(e,t,r)=>{""use strict"";r.d(t,{T:()=>n});const n=r(860).K7.pageViewTiming},860:(e,t,r)=>{""use strict"";r.d(t,{$J:()=>u,K7:()=>c,P3:()=>d,XX:()=>i,Yy:()=>s,df:()=>a,qY:()=>n,v4:()=>o});const n=""events"",i=""jserrors"",a=""browser/blobs"",o=""rum"",s=""browser/logs"",c={ajax:""ajax"",genericEvents:""generic_events"",jserrors:i,logging:""logging"",metrics:""metrics"",pageAction:""page_action"",pageViewEvent:""page_view_event"",pageViewTiming:""page_view_timing"",sessionReplay:""session_replay"",sessionTrace:""session_trace"",softNav:""soft_navigations"",spa:""spa""},d={[c.pageViewEvent]:1,[c.pageViewTiming]:2,[c.metrics]:3,[c.jserrors]:4,[c.spa]:5,[c.ajax]:6,[c.sessionTrace]:7,[c.softNav]:8,[c.sessionReplay]:9,[c.logging]:10,[c.genericEvents]:11},u={[c.pageViewEvent]:o,[c.pageViewTiming]:n,[c.ajax]:n,[c.spa]:n,[c.softNav]:n,[c.metrics]:i,[c.jserrors]:i,[c.sessionTrace]:a,[c.sessionReplay]:a,[c.logging]:s,[c.genericEvents]:""ins""}},944:(e,t,r)=>{""use strict"";r.d(t,{R:()=>i});var n=r(3241);function i(e,t){""function""==typeof console.debug&&(console.debug(""New Relic Warning: https://github.com/newrelic/newrelic-browser-agent/blob/main/docs/warning-codes.md#"".concat(e),t),(0,n.W)({agentIdentifier:null,drained:null,type:""data"",name:""warn"",feature:""warn"",data:{code:e,secondary:t}}))}},993:(e,t,r)=>{""use strict"";r.d(t,{A$:()=>a,ET:()=>o,TZ:()=>s,p_:()=>i});var n=r(860);const i={ERROR:""ERROR"",WARN:""WARN"",INFO:""INFO"",DEBUG:""DEBUG"",TRACE:""TRACE""},a={OFF:0,ERROR:1,WARN:2,INFO:3,DEBUG:4,TRACE:5},o=""log"",s=n.K7.logging},1687:(e,t,r)=>{""use strict"";r.d(t,{Ak:()=>d,Ze:()=>f,x3:()=>u});var n=r(3241),i=r(7836),a=r(3606),o=r(860),s=r(2646);const c={};function d(e,t){const r={staged:!1,priority:o.P3[t]||0};l(e),c[e].get(t)||c[e].set(t,r)}function u(e,t){e&&c[e]&&(c[e].get(t)&&c[e].delete(t),p(e,t,!1),c[e].size&&h(e))}function l(e){if(!e)throw new Error(""agentIdentifier required"");c[e]||(c[e]=new Map)}function f(e="""",t=""feature"",r=!1){if(l(e),!e||!c[e].get(t)||r)return p(e,t);c[e].get(t).staged=!0,h(e)}function h(e){const t=Array.from(c[e]);t.every(([e,t])=>t.staged)&&(t.sort((e,t)=>e[1].priority-t[1].priority),t.forEach(([t])=>{c[e].delete(t),p(e,t)}))}function p(e,t,r=!0){const o=e?i.ee.get(e):i.ee,c=a.i.handlers;if(!o.aborted&&o.backlog&&c){if((0,n.W)({agentIdentifier:e,type:""lifecycle"",name:""drain"",feature:t}),r){const e=o.backlog[t],r=c[t];if(r){for(let t=0;e&&t<e.length;++t)g(e[t],r);Object.entries(r).forEach(([e,t])=>{Object.values(t||{}).forEach(t=>{t[0]?.on&&t[0]?.context()instanceof s.y&&t[0].on(e,t[1])})})}}o.isolatedBacklog||delete c[t],o.backlog[t]=null,o.emit(""drain-""+t,[])}}function g(e,t){var r=e[1];Object.values(t[r]||{}).forEach(t=>{var r=e[0];if(t[0]===r){var n=t[1],i=e[3],a=e[2];n.apply(i,a)}})}},1741:(e,t,r)=>{""use strict"";r.d(t,{W:()=>a});var n=r(944),i=r(4261);class a{#e(e,...t){if(this[e]!==a.prototype[e])return this[e](...t);(0,n.R)(35,e)}addPageAction(e,t){return this.#e(i.hG,e,t)}register(e){return this.#e(i.eY,e)}recordCustomEvent(e,t){return this.#e(i.fF,e,t)}setPageViewName(e,t){return this.#e(i.Fw,e,t)}setCustomAttribute(e,t,r){return this.#e(i.cD,e,t,r)}noticeError(e,t){return this.#e(i.o5,e,t)}setUserId(e){return this.#e(i.",success
hip-hop,Runaway,Kanye West,My Beautiful Dark Twisted Fantasy,4:31,"1,531,813","23,576,448",https://www.last.fm/music/Kanye+West/_/Runaway,"
<!DOCTYPE html>

<html class=""no-js playbar-masthead-release-shim youtube-provider-not-ready"" lang=""en"">
<head>
<meta charset=""utf-8""/>
<meta content=""IE=edge"" http-equiv=""X-UA-Compatible""/><script type=""text/javascript"">window.NREUM||(NREUM={});NREUM.info={""beacon"":""bam.nr-data.net"",""errorBeacon"":""bam.nr-data.net"",""licenseKey"":""0ed0ce50b0"",""applicationID"":""5588594"",""transactionName"":""Y1BRbUUFWkMEWxYMV1oadUxZB0BZClZNCV5ZG0RcVUpDRxIWAxVIRxteTEQNVx4TUQcSSxpWUk1WCFtXEF1YMUpVVlgXUAFA"",""queueTime"":0,""applicationTime"":565,""agent"":""""};
(window.NREUM||(NREUM={})).init={ajax:{deny_list:[""bam.nr-data.net""]}};(window.NREUM||(NREUM={})).loader_config={xpid:""UwYPV15QGwYFXFlXDgU="",licenseKey:""0ed0ce50b0"",applicationID:""5588594"",browserID:""5591142""};;/*! For license information please see nr-loader-full-1.302.0.min.js.LICENSE.txt */
(()=>{var e,t,r={384:(e,t,r)=>{""use strict"";r.d(t,{NT:()=>o,US:()=>u,Zm:()=>s,bQ:()=>d,dV:()=>c,pV:()=>l});var n=r(6154),i=r(1863),a=r(1910);const o={beacon:""bam.nr-data.net"",errorBeacon:""bam.nr-data.net""};function s(){return n.gm.NREUM||(n.gm.NREUM={}),void 0===n.gm.newrelic&&(n.gm.newrelic=n.gm.NREUM),n.gm.NREUM}function c(){let e=s();return e.o||(e.o={ST:n.gm.setTimeout,SI:n.gm.setImmediate||n.gm.setInterval,CT:n.gm.clearTimeout,XHR:n.gm.XMLHttpRequest,REQ:n.gm.Request,EV:n.gm.Event,PR:n.gm.Promise,MO:n.gm.MutationObserver,FETCH:n.gm.fetch,WS:n.gm.WebSocket},(0,a.i)(...Object.values(e.o))),e}function d(e,t){let r=s();r.initializedAgents??={},t.initializedAt={ms:(0,i.t)(),date:new Date},r.initializedAgents[e]=t}function u(e,t){s()[e]=t}function l(){return function(){let e=s();const t=e.info||{};e.info={beacon:o.beacon,errorBeacon:o.errorBeacon,...t}}(),function(){let e=s();const t=e.init||{};e.init={...t}}(),c(),function(){let e=s();const t=e.loader_config||{};e.loader_config={...t}}(),s()}},782:(e,t,r)=>{""use strict"";r.d(t,{T:()=>n});const n=r(860).K7.pageViewTiming},860:(e,t,r)=>{""use strict"";r.d(t,{$J:()=>u,K7:()=>c,P3:()=>d,XX:()=>i,Yy:()=>s,df:()=>a,qY:()=>n,v4:()=>o});const n=""events"",i=""jserrors"",a=""browser/blobs"",o=""rum"",s=""browser/logs"",c={ajax:""ajax"",genericEvents:""generic_events"",jserrors:i,logging:""logging"",metrics:""metrics"",pageAction:""page_action"",pageViewEvent:""page_view_event"",pageViewTiming:""page_view_timing"",sessionReplay:""session_replay"",sessionTrace:""session_trace"",softNav:""soft_navigations"",spa:""spa""},d={[c.pageViewEvent]:1,[c.pageViewTiming]:2,[c.metrics]:3,[c.jserrors]:4,[c.spa]:5,[c.ajax]:6,[c.sessionTrace]:7,[c.softNav]:8,[c.sessionReplay]:9,[c.logging]:10,[c.genericEvents]:11},u={[c.pageViewEvent]:o,[c.pageViewTiming]:n,[c.ajax]:n,[c.spa]:n,[c.softNav]:n,[c.metrics]:i,[c.jserrors]:i,[c.sessionTrace]:a,[c.sessionReplay]:a,[c.logging]:s,[c.genericEvents]:""ins""}},944:(e,t,r)=>{""use strict"";r.d(t,{R:()=>i});var n=r(3241);function i(e,t){""function""==typeof console.debug&&(console.debug(""New Relic Warning: https://github.com/newrelic/newrelic-browser-agent/blob/main/docs/warning-codes.md#"".concat(e),t),(0,n.W)({agentIdentifier:null,drained:null,type:""data"",name:""warn"",feature:""warn"",data:{code:e,secondary:t}}))}},993:(e,t,r)=>{""use strict"";r.d(t,{A$:()=>a,ET:()=>o,TZ:()=>s,p_:()=>i});var n=r(860);const i={ERROR:""ERROR"",WARN:""WARN"",INFO:""INFO"",DEBUG:""DEBUG"",TRACE:""TRACE""},a={OFF:0,ERROR:1,WARN:2,INFO:3,DEBUG:4,TRACE:5},o=""log"",s=n.K7.logging},1687:(e,t,r)=>{""use strict"";r.d(t,{Ak:()=>d,Ze:()=>f,x3:()=>u});var n=r(3241),i=r(7836),a=r(3606),o=r(860),s=r(2646);const c={};function d(e,t){const r={staged:!1,priority:o.P3[t]||0};l(e),c[e].get(t)||c[e].set(t,r)}function u(e,t){e&&c[e]&&(c[e].get(t)&&c[e].delete(t),p(e,t,!1),c[e].size&&h(e))}function l(e){if(!e)throw new Error(""agentIdentifier required"");c[e]||(c[e]=new Map)}function f(e="""",t=""feature"",r=!1){if(l(e),!e||!c[e].get(t)||r)return p(e,t);c[e].get(t).staged=!0,h(e)}function h(e){const t=Array.from(c[e]);t.every(([e,t])=>t.staged)&&(t.sort((e,t)=>e[1].priority-t[1].priority),t.forEach(([t])=>{c[e].delete(t),p(e,t)}))}function p(e,t,r=!0){const o=e?i.ee.get(e):i.ee,c=a.i.handlers;if(!o.aborted&&o.backlog&&c){if((0,n.W)({agentIdentifier:e,type:""lifecycle"",name:""drain"",feature:t}),r){const e=o.backlog[t],r=c[t];if(r){for(let t=0;e&&t<e.length;++t)g(e[t],r);Object.entries(r).forEach(([e,t])=>{Object.values(t||{}).forEach(t=>{t[0]?.on&&t[0]?.context()instanceof s.y&&t[0].on(e,t[1])})})}}o.isolatedBacklog||delete c[t],o.backlog[t]=null,o.emit(""drain-""+t,[])}}function g(e,t){var r=e[1];Object.values(t[r]||{}).forEach(t=>{var r=e[0];if(t[0]===r){var n=t[1],i=e[3],a=e[2];n.apply(i,a)}})}},1741:(e,t,r)=>{""use strict"";r.d(t,{W:()=>a});var n=r(944),i=r(4261);class a{#e(e,...t){if(this[e]!==a.prototype[e])return this[e](...t);(0,n.R)(35,e)}addPageAction(e,t){return this.#e(i.hG,e,t)}register(e){return this.#e(i.eY,e)}recordCustomEvent(e,t){return this.#e(i.fF,e,t)}setPageViewName(e,t){return this.#e(i.Fw,e,t)}setCustomAttribute(e,t,r){return this.#e(i.cD,e,t,r)}noticeError(e,t){return this.#e(i.o5,e,t)}setUserId(e){return this.#e(i.",success
hip-hop,Can't Tell Me Nothing,Kanye West,Graduation,3:02,"1,832,229","17,850,160",https://www.last.fm/music/Kanye+West/_/Can%27t+Tell+Me+Nothing,"
<!DOCTYPE html>

<html class=""no-js playbar-masthead-release-shim youtube-provider-not-ready"" lang=""en"">
<head>
<meta charset=""utf-8""/>
<meta content=""IE=edge"" http-equiv=""X-UA-Compatible""/><script type=""text/javascript"">window.NREUM||(NREUM={});NREUM.info={""beacon"":""bam.nr-data.net"",""errorBeacon"":""bam.nr-data.net"",""licenseKey"":""0ed0ce50b0"",""applicationID"":""5588594"",""transactionName"":""Y1BRbUUFWkMEWxYMV1oadUxZB0BZClZNCV5ZG0RcVUpDRxIWAxVIRxteTEQNVx4TUQcSSxpWUk1WCFtXEF1YMUpVVlgXUAFA"",""queueTime"":0,""applicationTime"":2308,""agent"":""""};
(window.NREUM||(NREUM={})).init={ajax:{deny_list:[""bam.nr-data.net""]}};(window.NREUM||(NREUM={})).loader_config={xpid:""UwYPV15QGwYFXFlXDgU="",licenseKey:""0ed0ce50b0"",applicationID:""5588594"",browserID:""5591142""};;/*! For license information please see nr-loader-full-1.302.0.min.js.LICENSE.txt */
(()=>{var e,t,r={384:(e,t,r)=>{""use strict"";r.d(t,{NT:()=>o,US:()=>u,Zm:()=>s,bQ:()=>d,dV:()=>c,pV:()=>l});var n=r(6154),i=r(1863),a=r(1910);const o={beacon:""bam.nr-data.net"",errorBeacon:""bam.nr-data.net""};function s(){return n.gm.NREUM||(n.gm.NREUM={}),void 0===n.gm.newrelic&&(n.gm.newrelic=n.gm.NREUM),n.gm.NREUM}function c(){let e=s();return e.o||(e.o={ST:n.gm.setTimeout,SI:n.gm.setImmediate||n.gm.setInterval,CT:n.gm.clearTimeout,XHR:n.gm.XMLHttpRequest,REQ:n.gm.Request,EV:n.gm.Event,PR:n.gm.Promise,MO:n.gm.MutationObserver,FETCH:n.gm.fetch,WS:n.gm.WebSocket},(0,a.i)(...Object.values(e.o))),e}function d(e,t){let r=s();r.initializedAgents??={},t.initializedAt={ms:(0,i.t)(),date:new Date},r.initializedAgents[e]=t}function u(e,t){s()[e]=t}function l(){return function(){let e=s();const t=e.info||{};e.info={beacon:o.beacon,errorBeacon:o.errorBeacon,...t}}(),function(){let e=s();const t=e.init||{};e.init={...t}}(),c(),function(){let e=s();const t=e.loader_config||{};e.loader_config={...t}}(),s()}},782:(e,t,r)=>{""use strict"";r.d(t,{T:()=>n});const n=r(860).K7.pageViewTiming},860:(e,t,r)=>{""use strict"";r.d(t,{$J:()=>u,K7:()=>c,P3:()=>d,XX:()=>i,Yy:()=>s,df:()=>a,qY:()=>n,v4:()=>o});const n=""events"",i=""jserrors"",a=""browser/blobs"",o=""rum"",s=""browser/logs"",c={ajax:""ajax"",genericEvents:""generic_events"",jserrors:i,logging:""logging"",metrics:""metrics"",pageAction:""page_action"",pageViewEvent:""page_view_event"",pageViewTiming:""page_view_timing"",sessionReplay:""session_replay"",sessionTrace:""session_trace"",softNav:""soft_navigations"",spa:""spa""},d={[c.pageViewEvent]:1,[c.pageViewTiming]:2,[c.metrics]:3,[c.jserrors]:4,[c.spa]:5,[c.ajax]:6,[c.sessionTrace]:7,[c.softNav]:8,[c.sessionReplay]:9,[c.logging]:10,[c.genericEvents]:11},u={[c.pageViewEvent]:o,[c.pageViewTiming]:n,[c.ajax]:n,[c.spa]:n,[c.softNav]:n,[c.metrics]:i,[c.jserrors]:i,[c.sessionTrace]:a,[c.sessionReplay]:a,[c.logging]:s,[c.genericEvents]:""ins""}},944:(e,t,r)=>{""use strict"";r.d(t,{R:()=>i});var n=r(3241);function i(e,t){""function""==typeof console.debug&&(console.debug(""New Relic Warning: https://github.com/newrelic/newrelic-browser-agent/blob/main/docs/warning-codes.md#"".concat(e),t),(0,n.W)({agentIdentifier:null,drained:null,type:""data"",name:""warn"",feature:""warn"",data:{code:e,secondary:t}}))}},993:(e,t,r)=>{""use strict"";r.d(t,{A$:()=>a,ET:()=>o,TZ:()=>s,p_:()=>i});var n=r(860);const i={ERROR:""ERROR"",WARN:""WARN"",INFO:""INFO"",DEBUG:""DEBUG"",TRACE:""TRACE""},a={OFF:0,ERROR:1,WARN:2,INFO:3,DEBUG:4,TRACE:5},o=""log"",s=n.K7.logging},1687:(e,t,r)=>{""use strict"";r.d(t,{Ak:()=>d,Ze:()=>f,x3:()=>u});var n=r(3241),i=r(7836),a=r(3606),o=r(860),s=r(2646);const c={};function d(e,t){const r={staged:!1,priority:o.P3[t]||0};l(e),c[e].get(t)||c[e].set(t,r)}function u(e,t){e&&c[e]&&(c[e].get(t)&&c[e].delete(t),p(e,t,!1),c[e].size&&h(e))}function l(e){if(!e)throw new Error(""agentIdentifier required"");c[e]||(c[e]=new Map)}function f(e="""",t=""feature"",r=!1){if(l(e),!e||!c[e].get(t)||r)return p(e,t);c[e].get(t).staged=!0,h(e)}function h(e){const t=Array.from(c[e]);t.every(([e,t])=>t.staged)&&(t.sort((e,t)=>e[1].priority-t[1].priority),t.forEach(([t])=>{c[e].delete(t),p(e,t)}))}function p(e,t,r=!0){const o=e?i.ee.get(e):i.ee,c=a.i.handlers;if(!o.aborted&&o.backlog&&c){if((0,n.W)({agentIdentifier:e,type:""lifecycle"",name:""drain"",feature:t}),r){const e=o.backlog[t],r=c[t];if(r){for(let t=0;e&&t<e.length;++t)g(e[t],r);Object.entries(r).forEach(([e,t])=>{Object.values(t||{}).forEach(t=>{t[0]?.on&&t[0]?.context()instanceof s.y&&t[0].on(e,t[1])})})}}o.isolatedBacklog||delete c[t],o.backlog[t]=null,o.emit(""drain-""+t,[])}}function g(e,t){var r=e[1];Object.values(t[r]||{}).forEach(t=>{var r=e[0];if(t[0]===r){var n=t[1],i=e[3],a=e[2];n.apply(i,a)}})}},1741:(e,t,r)=>{""use strict"";r.d(t,{W:()=>a});var n=r(944),i=r(4261);class a{#e(e,...t){if(this[e]!==a.prototype[e])return this[e](...t);(0,n.R)(35,e)}addPageAction(e,t){return this.#e(i.hG,e,t)}register(e){return this.#e(i.eY,e)}recordCustomEvent(e,t){return this.#e(i.fF,e,t)}setPageViewName(e,t){return this.#e(i.Fw,e,t)}setCustomAttribute(e,t,r){return this.#e(i.cD,e,t,r)}noticeError(e,t){return this.#e(i.o5,e,t)}setUserId(e){return this.#e(i",success
hip-hop,Meet Me Halfway,Black Eyed Peas,The E.N.D. (The Energy Never Dies),3:48,"1,433,226","13,970,116",https://www.last.fm/music/Black+Eyed+Peas/_/Meet+Me+Halfway,"
<!DOCTYPE html>

<html class=""no-js playbar-masthead-release-shim youtube-provider-not-ready"" lang=""en"">
<head>
<meta charset=""utf-8""/>
<meta content=""IE=edge"" http-equiv=""X-UA-Compatible""/><script type=""text/javascript"">window.NREUM||(NREUM={});NREUM.info={""beacon"":""bam.nr-data.net"",""errorBeacon"":""bam.nr-data.net"",""licenseKey"":""0ed0ce50b0"",""applicationID"":""5588594"",""transactionName"":""Y1BRbUUFWkMEWxYMV1oadUxZB0BZClZNCV5ZG0RcVUpDRxIWAxVIRxteTEQNVx4TUQcSSxpWUk1WCFtXEF1YMUpVVlgXUAFA"",""queueTime"":0,""applicationTime"":845,""agent"":""""};
(window.NREUM||(NREUM={})).init={ajax:{deny_list:[""bam.nr-data.net""]}};(window.NREUM||(NREUM={})).loader_config={xpid:""UwYPV15QGwYFXFlXDgU="",licenseKey:""0ed0ce50b0"",applicationID:""5588594"",browserID:""5591142""};;/*! For license information please see nr-loader-full-1.302.0.min.js.LICENSE.txt */
(()=>{var e,t,r={384:(e,t,r)=>{""use strict"";r.d(t,{NT:()=>o,US:()=>u,Zm:()=>s,bQ:()=>d,dV:()=>c,pV:()=>l});var n=r(6154),i=r(1863),a=r(1910);const o={beacon:""bam.nr-data.net"",errorBeacon:""bam.nr-data.net""};function s(){return n.gm.NREUM||(n.gm.NREUM={}),void 0===n.gm.newrelic&&(n.gm.newrelic=n.gm.NREUM),n.gm.NREUM}function c(){let e=s();return e.o||(e.o={ST:n.gm.setTimeout,SI:n.gm.setImmediate||n.gm.setInterval,CT:n.gm.clearTimeout,XHR:n.gm.XMLHttpRequest,REQ:n.gm.Request,EV:n.gm.Event,PR:n.gm.Promise,MO:n.gm.MutationObserver,FETCH:n.gm.fetch,WS:n.gm.WebSocket},(0,a.i)(...Object.values(e.o))),e}function d(e,t){let r=s();r.initializedAgents??={},t.initializedAt={ms:(0,i.t)(),date:new Date},r.initializedAgents[e]=t}function u(e,t){s()[e]=t}function l(){return function(){let e=s();const t=e.info||{};e.info={beacon:o.beacon,errorBeacon:o.errorBeacon,...t}}(),function(){let e=s();const t=e.init||{};e.init={...t}}(),c(),function(){let e=s();const t=e.loader_config||{};e.loader_config={...t}}(),s()}},782:(e,t,r)=>{""use strict"";r.d(t,{T:()=>n});const n=r(860).K7.pageViewTiming},860:(e,t,r)=>{""use strict"";r.d(t,{$J:()=>u,K7:()=>c,P3:()=>d,XX:()=>i,Yy:()=>s,df:()=>a,qY:()=>n,v4:()=>o});const n=""events"",i=""jserrors"",a=""browser/blobs"",o=""rum"",s=""browser/logs"",c={ajax:""ajax"",genericEvents:""generic_events"",jserrors:i,logging:""logging"",metrics:""metrics"",pageAction:""page_action"",pageViewEvent:""page_view_event"",pageViewTiming:""page_view_timing"",sessionReplay:""session_replay"",sessionTrace:""session_trace"",softNav:""soft_navigations"",spa:""spa""},d={[c.pageViewEvent]:1,[c.pageViewTiming]:2,[c.metrics]:3,[c.jserrors]:4,[c.spa]:5,[c.ajax]:6,[c.sessionTrace]:7,[c.softNav]:8,[c.sessionReplay]:9,[c.logging]:10,[c.genericEvents]:11},u={[c.pageViewEvent]:o,[c.pageViewTiming]:n,[c.ajax]:n,[c.spa]:n,[c.softNav]:n,[c.metrics]:i,[c.jserrors]:i,[c.sessionTrace]:a,[c.sessionReplay]:a,[c.logging]:s,[c.genericEvents]:""ins""}},944:(e,t,r)=>{""use strict"";r.d(t,{R:()=>i});var n=r(3241);function i(e,t){""function""==typeof console.debug&&(console.debug(""New Relic Warning: https://github.com/newrelic/newrelic-browser-agent/blob/main/docs/warning-codes.md#"".concat(e),t),(0,n.W)({agentIdentifier:null,drained:null,type:""data"",name:""warn"",feature:""warn"",data:{code:e,secondary:t}}))}},993:(e,t,r)=>{""use strict"";r.d(t,{A$:()=>a,ET:()=>o,TZ:()=>s,p_:()=>i});var n=r(860);const i={ERROR:""ERROR"",WARN:""WARN"",INFO:""INFO"",DEBUG:""DEBUG"",TRACE:""TRACE""},a={OFF:0,ERROR:1,WARN:2,INFO:3,DEBUG:4,TRACE:5},o=""log"",s=n.K7.logging},1687:(e,t,r)=>{""use strict"";r.d(t,{Ak:()=>d,Ze:()=>f,x3:()=>u});var n=r(3241),i=r(7836),a=r(3606),o=r(860),s=r(2646);const c={};function d(e,t){const r={staged:!1,priority:o.P3[t]||0};l(e),c[e].get(t)||c[e].set(t,r)}function u(e,t){e&&c[e]&&(c[e].get(t)&&c[e].delete(t),p(e,t,!1),c[e].size&&h(e))}function l(e){if(!e)throw new Error(""agentIdentifier required"");c[e]||(c[e]=new Map)}function f(e="""",t=""feature"",r=!1){if(l(e),!e||!c[e].get(t)||r)return p(e,t);c[e].get(t).staged=!0,h(e)}function h(e){const t=Array.from(c[e]);t.every(([e,t])=>t.staged)&&(t.sort((e,t)=>e[1].priority-t[1].priority),t.forEach(([t])=>{c[e].delete(t),p(e,t)}))}function p(e,t,r=!0){const o=e?i.ee.get(e):i.ee,c=a.i.handlers;if(!o.aborted&&o.backlog&&c){if((0,n.W)({agentIdentifier:e,type:""lifecycle"",name:""drain"",feature:t}),r){const e=o.backlog[t],r=c[t];if(r){for(let t=0;e&&t<e.length;++t)g(e[t],r);Object.entries(r).forEach(([e,t])=>{Object.values(t||{}).forEach(t=>{t[0]?.on&&t[0]?.context()instanceof s.y&&t[0].on(e,t[1])})})}}o.isolatedBacklog||delete c[t],o.backlog[t]=null,o.emit(""drain-""+t,[])}}function g(e,t){var r=e[1];Object.values(t[r]||{}).forEach(t=>{var r=e[0];if(t[0]===r){var n=t[1],i=e[3],a=e[2];n.apply(i,a)}})}},1741:(e,t,r)=>{""use strict"";r.d(t,{W:()=>a});var n=r(944),i=r(4261);class a{#e(e,...t){if(this[e]!==a.prototype[e])return this[e](...t);(0,n.R)(35,e)}addPageAction(e,t){return this.#e(i.hG,e,t)}register(e){return this.#e(i.eY,e)}recordCustomEvent(e,t){return this.#e(i.fF,e,t)}setPageViewName(e,t){return this.#e(i.Fw,e,t)}setCustomAttribute(e,t,r){return this.#e(i.cD,e,t,r)}noticeError(e,t){return this.#e(i.o5,e,t)}setUserId(e){return this.#e(i.",success
hip-hop,Alright,Kendrick Lamar,To Pimp a Butterfly,3:39,"1,771,953","29,147,033",https://www.last.fm/music/Kendrick+Lamar/_/Alright,"
<!DOCTYPE html>

<html class=""no-js playbar-masthead-release-shim youtube-provider-not-ready"" lang=""en"">
<head>
<meta charset=""utf-8""/>
<meta content=""IE=edge"" http-equiv=""X-UA-Compatible""/><script type=""text/javascript"">window.NREUM||(NREUM={});NREUM.info={""beacon"":""bam.nr-data.net"",""errorBeacon"":""bam.nr-data.net"",""licenseKey"":""0ed0ce50b0"",""applicationID"":""5588594"",""transactionName"":""Y1BRbUUFWkMEWxYMV1oadUxZB0BZClZNCV5ZG0RcVUpDRxIWAxVIRxteTEQNVx4TUQcSSxpWUk1WCFtXEF1YMUpVVlgXUAFA"",""queueTime"":0,""applicationTime"":1984,""agent"":""""};
(window.NREUM||(NREUM={})).init={ajax:{deny_list:[""bam.nr-data.net""]}};(window.NREUM||(NREUM={})).loader_config={xpid:""UwYPV15QGwYFXFlXDgU="",licenseKey:""0ed0ce50b0"",applicationID:""5588594"",browserID:""5591142""};;/*! For license information please see nr-loader-full-1.302.0.min.js.LICENSE.txt */
(()=>{var e,t,r={384:(e,t,r)=>{""use strict"";r.d(t,{NT:()=>o,US:()=>u,Zm:()=>s,bQ:()=>d,dV:()=>c,pV:()=>l});var n=r(6154),i=r(1863),a=r(1910);const o={beacon:""bam.nr-data.net"",errorBeacon:""bam.nr-data.net""};function s(){return n.gm.NREUM||(n.gm.NREUM={}),void 0===n.gm.newrelic&&(n.gm.newrelic=n.gm.NREUM),n.gm.NREUM}function c(){let e=s();return e.o||(e.o={ST:n.gm.setTimeout,SI:n.gm.setImmediate||n.gm.setInterval,CT:n.gm.clearTimeout,XHR:n.gm.XMLHttpRequest,REQ:n.gm.Request,EV:n.gm.Event,PR:n.gm.Promise,MO:n.gm.MutationObserver,FETCH:n.gm.fetch,WS:n.gm.WebSocket},(0,a.i)(...Object.values(e.o))),e}function d(e,t){let r=s();r.initializedAgents??={},t.initializedAt={ms:(0,i.t)(),date:new Date},r.initializedAgents[e]=t}function u(e,t){s()[e]=t}function l(){return function(){let e=s();const t=e.info||{};e.info={beacon:o.beacon,errorBeacon:o.errorBeacon,...t}}(),function(){let e=s();const t=e.init||{};e.init={...t}}(),c(),function(){let e=s();const t=e.loader_config||{};e.loader_config={...t}}(),s()}},782:(e,t,r)=>{""use strict"";r.d(t,{T:()=>n});const n=r(860).K7.pageViewTiming},860:(e,t,r)=>{""use strict"";r.d(t,{$J:()=>u,K7:()=>c,P3:()=>d,XX:()=>i,Yy:()=>s,df:()=>a,qY:()=>n,v4:()=>o});const n=""events"",i=""jserrors"",a=""browser/blobs"",o=""rum"",s=""browser/logs"",c={ajax:""ajax"",genericEvents:""generic_events"",jserrors:i,logging:""logging"",metrics:""metrics"",pageAction:""page_action"",pageViewEvent:""page_view_event"",pageViewTiming:""page_view_timing"",sessionReplay:""session_replay"",sessionTrace:""session_trace"",softNav:""soft_navigations"",spa:""spa""},d={[c.pageViewEvent]:1,[c.pageViewTiming]:2,[c.metrics]:3,[c.jserrors]:4,[c.spa]:5,[c.ajax]:6,[c.sessionTrace]:7,[c.softNav]:8,[c.sessionReplay]:9,[c.logging]:10,[c.genericEvents]:11},u={[c.pageViewEvent]:o,[c.pageViewTiming]:n,[c.ajax]:n,[c.spa]:n,[c.softNav]:n,[c.metrics]:i,[c.jserrors]:i,[c.sessionTrace]:a,[c.sessionReplay]:a,[c.logging]:s,[c.genericEvents]:""ins""}},944:(e,t,r)=>{""use strict"";r.d(t,{R:()=>i});var n=r(3241);function i(e,t){""function""==typeof console.debug&&(console.debug(""New Relic Warning: https://github.com/newrelic/newrelic-browser-agent/blob/main/docs/warning-codes.md#"".concat(e),t),(0,n.W)({agentIdentifier:null,drained:null,type:""data"",name:""warn"",feature:""warn"",data:{code:e,secondary:t}}))}},993:(e,t,r)=>{""use strict"";r.d(t,{A$:()=>a,ET:()=>o,TZ:()=>s,p_:()=>i});var n=r(860);const i={ERROR:""ERROR"",WARN:""WARN"",INFO:""INFO"",DEBUG:""DEBUG"",TRACE:""TRACE""},a={OFF:0,ERROR:1,WARN:2,INFO:3,DEBUG:4,TRACE:5},o=""log"",s=n.K7.logging},1687:(e,t,r)=>{""use strict"";r.d(t,{Ak:()=>d,Ze:()=>f,x3:()=>u});var n=r(3241),i=r(7836),a=r(3606),o=r(860),s=r(2646);const c={};function d(e,t){const r={staged:!1,priority:o.P3[t]||0};l(e),c[e].get(t)||c[e].set(t,r)}function u(e,t){e&&c[e]&&(c[e].get(t)&&c[e].delete(t),p(e,t,!1),c[e].size&&h(e))}function l(e){if(!e)throw new Error(""agentIdentifier required"");c[e]||(c[e]=new Map)}function f(e="""",t=""feature"",r=!1){if(l(e),!e||!c[e].get(t)||r)return p(e,t);c[e].get(t).staged=!0,h(e)}function h(e){const t=Array.from(c[e]);t.every(([e,t])=>t.staged)&&(t.sort((e,t)=>e[1].priority-t[1].priority),t.forEach(([t])=>{c[e].delete(t),p(e,t)}))}function p(e,t,r=!0){const o=e?i.ee.get(e):i.ee,c=a.i.handlers;if(!o.aborted&&o.backlog&&c){if((0,n.W)({agentIdentifier:e,type:""lifecycle"",name:""drain"",feature:t}),r){const e=o.backlog[t],r=c[t];if(r){for(let t=0;e&&t<e.length;++t)g(e[t],r);Object.entries(r).forEach(([e,t])=>{Object.values(t||{}).forEach(t=>{t[0]?.on&&t[0]?.context()instanceof s.y&&t[0].on(e,t[1])})})}}o.isolatedBacklog||delete c[t],o.backlog[t]=null,o.emit(""drain-""+t,[])}}function g(e,t){var r=e[1];Object.values(t[r]||{}).forEach(t=>{var r=e[0];if(t[0]===r){var n=t[1],i=e[3],a=e[2];n.apply(i,a)}})}},1741:(e,t,r)=>{""use strict"";r.d(t,{W:()=>a});var n=r(944),i=r(4261);class a{#e(e,...t){if(this[e]!==a.prototype[e])return this[e](...t);(0,n.R)(35,e)}addPageAction(e,t){return this.#e(i.hG,e,t)}register(e){return this.#e(i.eY,e)}recordCustomEvent(e,t){return this.#e(i.fF,e,t)}setPageViewName(e,t){return this.#e(i.Fw,e,t)}setCustomAttribute(e,t,r){return this.#e(i.cD,e,t,r)}noticeError(e,t){return this.#e(i.o5,e,t)}setUserId(e){return this.#e(i",success
hip-hop,POWER,Kanye West,My Beautiful Dark Twisted Fantasy,2:57,"1,666,126","20,110,666",https://www.last.fm/music/Kanye+West/_/POWER,"
<!DOCTYPE html>

<html class=""no-js playbar-masthead-release-shim youtube-provider-not-ready"" lang=""en"">
<head>
<meta charset=""utf-8""/>
<meta content=""IE=edge"" http-equiv=""X-UA-Compatible""/><script type=""text/javascript"">window.NREUM||(NREUM={});NREUM.info={""beacon"":""bam.nr-data.net"",""errorBeacon"":""bam.nr-data.net"",""licenseKey"":""0ed0ce50b0"",""applicationID"":""5588594"",""transactionName"":""Y1BRbUUFWkMEWxYMV1oadUxZB0BZClZNCV5ZG0RcVUpDRxIWAxVIRxteTEQNVx4TUQcSSxpWUk1WCFtXEF1YMUpVVlgXUAFA"",""queueTime"":0,""applicationTime"":644,""agent"":""""};
(window.NREUM||(NREUM={})).init={ajax:{deny_list:[""bam.nr-data.net""]}};(window.NREUM||(NREUM={})).loader_config={xpid:""UwYPV15QGwYFXFlXDgU="",licenseKey:""0ed0ce50b0"",applicationID:""5588594"",browserID:""5591142""};;/*! For license information please see nr-loader-full-1.302.0.min.js.LICENSE.txt */
(()=>{var e,t,r={384:(e,t,r)=>{""use strict"";r.d(t,{NT:()=>o,US:()=>u,Zm:()=>s,bQ:()=>d,dV:()=>c,pV:()=>l});var n=r(6154),i=r(1863),a=r(1910);const o={beacon:""bam.nr-data.net"",errorBeacon:""bam.nr-data.net""};function s(){return n.gm.NREUM||(n.gm.NREUM={}),void 0===n.gm.newrelic&&(n.gm.newrelic=n.gm.NREUM),n.gm.NREUM}function c(){let e=s();return e.o||(e.o={ST:n.gm.setTimeout,SI:n.gm.setImmediate||n.gm.setInterval,CT:n.gm.clearTimeout,XHR:n.gm.XMLHttpRequest,REQ:n.gm.Request,EV:n.gm.Event,PR:n.gm.Promise,MO:n.gm.MutationObserver,FETCH:n.gm.fetch,WS:n.gm.WebSocket},(0,a.i)(...Object.values(e.o))),e}function d(e,t){let r=s();r.initializedAgents??={},t.initializedAt={ms:(0,i.t)(),date:new Date},r.initializedAgents[e]=t}function u(e,t){s()[e]=t}function l(){return function(){let e=s();const t=e.info||{};e.info={beacon:o.beacon,errorBeacon:o.errorBeacon,...t}}(),function(){let e=s();const t=e.init||{};e.init={...t}}(),c(),function(){let e=s();const t=e.loader_config||{};e.loader_config={...t}}(),s()}},782:(e,t,r)=>{""use strict"";r.d(t,{T:()=>n});const n=r(860).K7.pageViewTiming},860:(e,t,r)=>{""use strict"";r.d(t,{$J:()=>u,K7:()=>c,P3:()=>d,XX:()=>i,Yy:()=>s,df:()=>a,qY:()=>n,v4:()=>o});const n=""events"",i=""jserrors"",a=""browser/blobs"",o=""rum"",s=""browser/logs"",c={ajax:""ajax"",genericEvents:""generic_events"",jserrors:i,logging:""logging"",metrics:""metrics"",pageAction:""page_action"",pageViewEvent:""page_view_event"",pageViewTiming:""page_view_timing"",sessionReplay:""session_replay"",sessionTrace:""session_trace"",softNav:""soft_navigations"",spa:""spa""},d={[c.pageViewEvent]:1,[c.pageViewTiming]:2,[c.metrics]:3,[c.jserrors]:4,[c.spa]:5,[c.ajax]:6,[c.sessionTrace]:7,[c.softNav]:8,[c.sessionReplay]:9,[c.logging]:10,[c.genericEvents]:11},u={[c.pageViewEvent]:o,[c.pageViewTiming]:n,[c.ajax]:n,[c.spa]:n,[c.softNav]:n,[c.metrics]:i,[c.jserrors]:i,[c.sessionTrace]:a,[c.sessionReplay]:a,[c.logging]:s,[c.genericEvents]:""ins""}},944:(e,t,r)=>{""use strict"";r.d(t,{R:()=>i});var n=r(3241);function i(e,t){""function""==typeof console.debug&&(console.debug(""New Relic Warning: https://github.com/newrelic/newrelic-browser-agent/blob/main/docs/warning-codes.md#"".concat(e),t),(0,n.W)({agentIdentifier:null,drained:null,type:""data"",name:""warn"",feature:""warn"",data:{code:e,secondary:t}}))}},993:(e,t,r)=>{""use strict"";r.d(t,{A$:()=>a,ET:()=>o,TZ:()=>s,p_:()=>i});var n=r(860);const i={ERROR:""ERROR"",WARN:""WARN"",INFO:""INFO"",DEBUG:""DEBUG"",TRACE:""TRACE""},a={OFF:0,ERROR:1,WARN:2,INFO:3,DEBUG:4,TRACE:5},o=""log"",s=n.K7.logging},1687:(e,t,r)=>{""use strict"";r.d(t,{Ak:()=>d,Ze:()=>f,x3:()=>u});var n=r(3241),i=r(7836),a=r(3606),o=r(860),s=r(2646);const c={};function d(e,t){const r={staged:!1,priority:o.P3[t]||0};l(e),c[e].get(t)||c[e].set(t,r)}function u(e,t){e&&c[e]&&(c[e].get(t)&&c[e].delete(t),p(e,t,!1),c[e].size&&h(e))}function l(e){if(!e)throw new Error(""agentIdentifier required"");c[e]||(c[e]=new Map)}function f(e="""",t=""feature"",r=!1){if(l(e),!e||!c[e].get(t)||r)return p(e,t);c[e].get(t).staged=!0,h(e)}function h(e){const t=Array.from(c[e]);t.every(([e,t])=>t.staged)&&(t.sort((e,t)=>e[1].priority-t[1].priority),t.forEach(([t])=>{c[e].delete(t),p(e,t)}))}function p(e,t,r=!0){const o=e?i.ee.get(e):i.ee,c=a.i.handlers;if(!o.aborted&&o.backlog&&c){if((0,n.W)({agentIdentifier:e,type:""lifecycle"",name:""drain"",feature:t}),r){const e=o.backlog[t],r=c[t];if(r){for(let t=0;e&&t<e.length;++t)g(e[t],r);Object.entries(r).forEach(([e,t])=>{Object.values(t||{}).forEach(t=>{t[0]?.on&&t[0]?.context()instanceof s.y&&t[0].on(e,t[1])})})}}o.isolatedBacklog||delete c[t],o.backlog[t]=null,o.emit(""drain-""+t,[])}}function g(e,t){var r=e[1];Object.values(t[r]||{}).forEach(t=>{var r=e[0];if(t[0]===r){var n=t[1],i=e[3],a=e[2];n.apply(i,a)}})}},1741:(e,t,r)=>{""use strict"";r.d(t,{W:()=>a});var n=r(944),i=r(4261);class a{#e(e,...t){if(this[e]!==a.prototype[e])return this[e](...t);(0,n.R)(35,e)}addPageAction(e,t){return this.#e(i.hG,e,t)}register(e){return this.#e(i.eY,e)}recordCustomEvent(e,t){return this.#e(i.fF,e,t)}setPageViewName(e,t){return this.#e(i.Fw,e,t)}setCustomAttribute(e,t,r){return this.#e(i.cD,e,t,r)}noticeError(e,t){return this.#e(i.o5,e,t)}setUserId(e){return this.#e(i.",success
hip-hop,Trap Queen,Fetty Wap,Trap Queen,3:42,"1,083,861","8,781,808",https://www.last.fm/music/Fetty+Wap/_/Trap+Queen,"
<!DOCTYPE html>

<html class=""no-js playbar-masthead-release-shim youtube-provider-not-ready"" lang=""en"">
<head>
<meta charset=""utf-8""/>
<meta content=""IE=edge"" http-equiv=""X-UA-Compatible""/><script type=""text/javascript"">window.NREUM||(NREUM={});NREUM.info={""beacon"":""bam.nr-data.net"",""errorBeacon"":""bam.nr-data.net"",""licenseKey"":""0ed0ce50b0"",""applicationID"":""5588594"",""transactionName"":""Y1BRbUUFWkMEWxYMV1oadUxZB0BZClZNCV5ZG0RcVUpDRxIWAxVIRxteTEQNVx4TUQcSSxpWUk1WCFtXEF1YMUpVVlgXUAFA"",""queueTime"":0,""applicationTime"":743,""agent"":""""};
(window.NREUM||(NREUM={})).init={ajax:{deny_list:[""bam.nr-data.net""]}};(window.NREUM||(NREUM={})).loader_config={xpid:""UwYPV15QGwYFXFlXDgU="",licenseKey:""0ed0ce50b0"",applicationID:""5588594"",browserID:""5591142""};;/*! For license information please see nr-loader-full-1.302.0.min.js.LICENSE.txt */
(()=>{var e,t,r={384:(e,t,r)=>{""use strict"";r.d(t,{NT:()=>o,US:()=>u,Zm:()=>s,bQ:()=>d,dV:()=>c,pV:()=>l});var n=r(6154),i=r(1863),a=r(1910);const o={beacon:""bam.nr-data.net"",errorBeacon:""bam.nr-data.net""};function s(){return n.gm.NREUM||(n.gm.NREUM={}),void 0===n.gm.newrelic&&(n.gm.newrelic=n.gm.NREUM),n.gm.NREUM}function c(){let e=s();return e.o||(e.o={ST:n.gm.setTimeout,SI:n.gm.setImmediate||n.gm.setInterval,CT:n.gm.clearTimeout,XHR:n.gm.XMLHttpRequest,REQ:n.gm.Request,EV:n.gm.Event,PR:n.gm.Promise,MO:n.gm.MutationObserver,FETCH:n.gm.fetch,WS:n.gm.WebSocket},(0,a.i)(...Object.values(e.o))),e}function d(e,t){let r=s();r.initializedAgents??={},t.initializedAt={ms:(0,i.t)(),date:new Date},r.initializedAgents[e]=t}function u(e,t){s()[e]=t}function l(){return function(){let e=s();const t=e.info||{};e.info={beacon:o.beacon,errorBeacon:o.errorBeacon,...t}}(),function(){let e=s();const t=e.init||{};e.init={...t}}(),c(),function(){let e=s();const t=e.loader_config||{};e.loader_config={...t}}(),s()}},782:(e,t,r)=>{""use strict"";r.d(t,{T:()=>n});const n=r(860).K7.pageViewTiming},860:(e,t,r)=>{""use strict"";r.d(t,{$J:()=>u,K7:()=>c,P3:()=>d,XX:()=>i,Yy:()=>s,df:()=>a,qY:()=>n,v4:()=>o});const n=""events"",i=""jserrors"",a=""browser/blobs"",o=""rum"",s=""browser/logs"",c={ajax:""ajax"",genericEvents:""generic_events"",jserrors:i,logging:""logging"",metrics:""metrics"",pageAction:""page_action"",pageViewEvent:""page_view_event"",pageViewTiming:""page_view_timing"",sessionReplay:""session_replay"",sessionTrace:""session_trace"",softNav:""soft_navigations"",spa:""spa""},d={[c.pageViewEvent]:1,[c.pageViewTiming]:2,[c.metrics]:3,[c.jserrors]:4,[c.spa]:5,[c.ajax]:6,[c.sessionTrace]:7,[c.softNav]:8,[c.sessionReplay]:9,[c.logging]:10,[c.genericEvents]:11},u={[c.pageViewEvent]:o,[c.pageViewTiming]:n,[c.ajax]:n,[c.spa]:n,[c.softNav]:n,[c.metrics]:i,[c.jserrors]:i,[c.sessionTrace]:a,[c.sessionReplay]:a,[c.logging]:s,[c.genericEvents]:""ins""}},944:(e,t,r)=>{""use strict"";r.d(t,{R:()=>i});var n=r(3241);function i(e,t){""function""==typeof console.debug&&(console.debug(""New Relic Warning: https://github.com/newrelic/newrelic-browser-agent/blob/main/docs/warning-codes.md#"".concat(e),t),(0,n.W)({agentIdentifier:null,drained:null,type:""data"",name:""warn"",feature:""warn"",data:{code:e,secondary:t}}))}},993:(e,t,r)=>{""use strict"";r.d(t,{A$:()=>a,ET:()=>o,TZ:()=>s,p_:()=>i});var n=r(860);const i={ERROR:""ERROR"",WARN:""WARN"",INFO:""INFO"",DEBUG:""DEBUG"",TRACE:""TRACE""},a={OFF:0,ERROR:1,WARN:2,INFO:3,DEBUG:4,TRACE:5},o=""log"",s=n.K7.logging},1687:(e,t,r)=>{""use strict"";r.d(t,{Ak:()=>d,Ze:()=>f,x3:()=>u});var n=r(3241),i=r(7836),a=r(3606),o=r(860),s=r(2646);const c={};function d(e,t){const r={staged:!1,priority:o.P3[t]||0};l(e),c[e].get(t)||c[e].set(t,r)}function u(e,t){e&&c[e]&&(c[e].get(t)&&c[e].delete(t),p(e,t,!1),c[e].size&&h(e))}function l(e){if(!e)throw new Error(""agentIdentifier required"");c[e]||(c[e]=new Map)}function f(e="""",t=""feature"",r=!1){if(l(e),!e||!c[e].get(t)||r)return p(e,t);c[e].get(t).staged=!0,h(e)}function h(e){const t=Array.from(c[e]);t.every(([e,t])=>t.staged)&&(t.sort((e,t)=>e[1].priority-t[1].priority),t.forEach(([t])=>{c[e].delete(t),p(e,t)}))}function p(e,t,r=!0){const o=e?i.ee.get(e):i.ee,c=a.i.handlers;if(!o.aborted&&o.backlog&&c){if((0,n.W)({agentIdentifier:e,type:""lifecycle"",name:""drain"",feature:t}),r){const e=o.backlog[t],r=c[t];if(r){for(let t=0;e&&t<e.length;++t)g(e[t],r);Object.entries(r).forEach(([e,t])=>{Object.values(t||{}).forEach(t=>{t[0]?.on&&t[0]?.context()instanceof s.y&&t[0].on(e,t[1])})})}}o.isolatedBacklog||delete c[t],o.backlog[t]=null,o.emit(""drain-""+t,[])}}function g(e,t){var r=e[1];Object.values(t[r]||{}).forEach(t=>{var r=e[0];if(t[0]===r){var n=t[1],i=e[3],a=e[2];n.apply(i,a)}})}},1741:(e,t,r)=>{""use strict"";r.d(t,{W:()=>a});var n=r(944),i=r(4261);class a{#e(e,...t){if(this[e]!==a.prototype[e])return this[e](...t);(0,n.R)(35,e)}addPageAction(e,t){return this.#e(i.hG,e,t)}register(e){return this.#e(i.eY,e)}recordCustomEvent(e,t){return this.#e(i.fF,e,t)}setPageViewName(e,t){return this.#e(i.Fw,e,t)}setCustomAttribute(e,t,r){return this.#e(i.cD,e,t,r)}noticeError(e,t){return this.#e(i.o5,e,t)}setUserId(e){return this.#e(i.",success
hip-hop,Without Me,Eminem,The Eminem Show,4:49,"2,195,136","19,713,211",https://www.last.fm/music/Eminem/_/Without+Me,"
<!DOCTYPE html>

<html class=""no-js playbar-masthead-release-shim youtube-provider-not-ready"" lang=""en"">
<head>
<meta charset=""utf-8""/>
<meta content=""IE=edge"" http-equiv=""X-UA-Compatible""/><script type=""text/javascript"">window.NREUM||(NREUM={});NREUM.info={""beacon"":""bam.nr-data.net"",""errorBeacon"":""bam.nr-data.net"",""licenseKey"":""0ed0ce50b0"",""applicationID"":""5588594"",""transactionName"":""Y1BRbUUFWkMEWxYMV1oadUxZB0BZClZNCV5ZG0RcVUpDRxIWAxVIRxteTEQNVx4TUQcSSxpWUk1WCFtXEF1YMUpVVlgXUAFA"",""queueTime"":0,""applicationTime"":679,""agent"":""""};
(window.NREUM||(NREUM={})).init={ajax:{deny_list:[""bam.nr-data.net""]}};(window.NREUM||(NREUM={})).loader_config={xpid:""UwYPV15QGwYFXFlXDgU="",licenseKey:""0ed0ce50b0"",applicationID:""5588594"",browserID:""5591142""};;/*! For license information please see nr-loader-full-1.302.0.min.js.LICENSE.txt */
(()=>{var e,t,r={384:(e,t,r)=>{""use strict"";r.d(t,{NT:()=>o,US:()=>u,Zm:()=>s,bQ:()=>d,dV:()=>c,pV:()=>l});var n=r(6154),i=r(1863),a=r(1910);const o={beacon:""bam.nr-data.net"",errorBeacon:""bam.nr-data.net""};function s(){return n.gm.NREUM||(n.gm.NREUM={}),void 0===n.gm.newrelic&&(n.gm.newrelic=n.gm.NREUM),n.gm.NREUM}function c(){let e=s();return e.o||(e.o={ST:n.gm.setTimeout,SI:n.gm.setImmediate||n.gm.setInterval,CT:n.gm.clearTimeout,XHR:n.gm.XMLHttpRequest,REQ:n.gm.Request,EV:n.gm.Event,PR:n.gm.Promise,MO:n.gm.MutationObserver,FETCH:n.gm.fetch,WS:n.gm.WebSocket},(0,a.i)(...Object.values(e.o))),e}function d(e,t){let r=s();r.initializedAgents??={},t.initializedAt={ms:(0,i.t)(),date:new Date},r.initializedAgents[e]=t}function u(e,t){s()[e]=t}function l(){return function(){let e=s();const t=e.info||{};e.info={beacon:o.beacon,errorBeacon:o.errorBeacon,...t}}(),function(){let e=s();const t=e.init||{};e.init={...t}}(),c(),function(){let e=s();const t=e.loader_config||{};e.loader_config={...t}}(),s()}},782:(e,t,r)=>{""use strict"";r.d(t,{T:()=>n});const n=r(860).K7.pageViewTiming},860:(e,t,r)=>{""use strict"";r.d(t,{$J:()=>u,K7:()=>c,P3:()=>d,XX:()=>i,Yy:()=>s,df:()=>a,qY:()=>n,v4:()=>o});const n=""events"",i=""jserrors"",a=""browser/blobs"",o=""rum"",s=""browser/logs"",c={ajax:""ajax"",genericEvents:""generic_events"",jserrors:i,logging:""logging"",metrics:""metrics"",pageAction:""page_action"",pageViewEvent:""page_view_event"",pageViewTiming:""page_view_timing"",sessionReplay:""session_replay"",sessionTrace:""session_trace"",softNav:""soft_navigations"",spa:""spa""},d={[c.pageViewEvent]:1,[c.pageViewTiming]:2,[c.metrics]:3,[c.jserrors]:4,[c.spa]:5,[c.ajax]:6,[c.sessionTrace]:7,[c.softNav]:8,[c.sessionReplay]:9,[c.logging]:10,[c.genericEvents]:11},u={[c.pageViewEvent]:o,[c.pageViewTiming]:n,[c.ajax]:n,[c.spa]:n,[c.softNav]:n,[c.metrics]:i,[c.jserrors]:i,[c.sessionTrace]:a,[c.sessionReplay]:a,[c.logging]:s,[c.genericEvents]:""ins""}},944:(e,t,r)=>{""use strict"";r.d(t,{R:()=>i});var n=r(3241);function i(e,t){""function""==typeof console.debug&&(console.debug(""New Relic Warning: https://github.com/newrelic/newrelic-browser-agent/blob/main/docs/warning-codes.md#"".concat(e),t),(0,n.W)({agentIdentifier:null,drained:null,type:""data"",name:""warn"",feature:""warn"",data:{code:e,secondary:t}}))}},993:(e,t,r)=>{""use strict"";r.d(t,{A$:()=>a,ET:()=>o,TZ:()=>s,p_:()=>i});var n=r(860);const i={ERROR:""ERROR"",WARN:""WARN"",INFO:""INFO"",DEBUG:""DEBUG"",TRACE:""TRACE""},a={OFF:0,ERROR:1,WARN:2,INFO:3,DEBUG:4,TRACE:5},o=""log"",s=n.K7.logging},1687:(e,t,r)=>{""use strict"";r.d(t,{Ak:()=>d,Ze:()=>f,x3:()=>u});var n=r(3241),i=r(7836),a=r(3606),o=r(860),s=r(2646);const c={};function d(e,t){const r={staged:!1,priority:o.P3[t]||0};l(e),c[e].get(t)||c[e].set(t,r)}function u(e,t){e&&c[e]&&(c[e].get(t)&&c[e].delete(t),p(e,t,!1),c[e].size&&h(e))}function l(e){if(!e)throw new Error(""agentIdentifier required"");c[e]||(c[e]=new Map)}function f(e="""",t=""feature"",r=!1){if(l(e),!e||!c[e].get(t)||r)return p(e,t);c[e].get(t).staged=!0,h(e)}function h(e){const t=Array.from(c[e]);t.every(([e,t])=>t.staged)&&(t.sort((e,t)=>e[1].priority-t[1].priority),t.forEach(([t])=>{c[e].delete(t),p(e,t)}))}function p(e,t,r=!0){const o=e?i.ee.get(e):i.ee,c=a.i.handlers;if(!o.aborted&&o.backlog&&c){if((0,n.W)({agentIdentifier:e,type:""lifecycle"",name:""drain"",feature:t}),r){const e=o.backlog[t],r=c[t];if(r){for(let t=0;e&&t<e.length;++t)g(e[t],r);Object.entries(r).forEach(([e,t])=>{Object.values(t||{}).forEach(t=>{t[0]?.on&&t[0]?.context()instanceof s.y&&t[0].on(e,t[1])})})}}o.isolatedBacklog||delete c[t],o.backlog[t]=null,o.emit(""drain-""+t,[])}}function g(e,t){var r=e[1];Object.values(t[r]||{}).forEach(t=>{var r=e[0];if(t[0]===r){var n=t[1],i=e[3],a=e[2];n.apply(i,a)}})}},1741:(e,t,r)=>{""use strict"";r.d(t,{W:()=>a});var n=r(944),i=r(4261);class a{#e(e,...t){if(this[e]!==a.prototype[e])return this[e](...t);(0,n.R)(35,e)}addPageAction(e,t){return this.#e(i.hG,e,t)}register(e){return this.#e(i.eY,e)}recordCustomEvent(e,t){return this.#e(i.fF,e,t)}setPageViewName(e,t){return this.#e(i.Fw,e,t)}setCustomAttribute(e,t,r){return this.#e(i.cD,e,t,r)}noticeError(e,t){return this.#e(i.o5,e,t)}setUserId(e){return this.#e(i.",success
hip-hop,The Way I Are,Timbaland,Shock Value,3:01,"1,507,795","13,168,174",https://www.last.fm/music/Timbaland/_/The+Way+I+Are,"
<!DOCTYPE html>

<html class=""no-js playbar-masthead-release-shim youtube-provider-not-ready"" lang=""en"">
<head>
<meta charset=""utf-8""/>
<meta content=""IE=edge"" http-equiv=""X-UA-Compatible""/><script type=""text/javascript"">window.NREUM||(NREUM={});NREUM.info={""beacon"":""bam.nr-data.net"",""errorBeacon"":""bam.nr-data.net"",""licenseKey"":""0ed0ce50b0"",""applicationID"":""5588594"",""transactionName"":""Y1BRbUUFWkMEWxYMV1oadUxZB0BZClZNCV5ZG0RcVUpDRxIWAxVIRxteTEQNVx4TUQcSSxpWUk1WCFtXEF1YMUpVVlgXUAFA"",""queueTime"":0,""applicationTime"":888,""agent"":""""};
(window.NREUM||(NREUM={})).init={ajax:{deny_list:[""bam.nr-data.net""]}};(window.NREUM||(NREUM={})).loader_config={xpid:""UwYPV15QGwYFXFlXDgU="",licenseKey:""0ed0ce50b0"",applicationID:""5588594"",browserID:""5591142""};;/*! For license information please see nr-loader-full-1.302.0.min.js.LICENSE.txt */
(()=>{var e,t,r={384:(e,t,r)=>{""use strict"";r.d(t,{NT:()=>o,US:()=>u,Zm:()=>s,bQ:()=>d,dV:()=>c,pV:()=>l});var n=r(6154),i=r(1863),a=r(1910);const o={beacon:""bam.nr-data.net"",errorBeacon:""bam.nr-data.net""};function s(){return n.gm.NREUM||(n.gm.NREUM={}),void 0===n.gm.newrelic&&(n.gm.newrelic=n.gm.NREUM),n.gm.NREUM}function c(){let e=s();return e.o||(e.o={ST:n.gm.setTimeout,SI:n.gm.setImmediate||n.gm.setInterval,CT:n.gm.clearTimeout,XHR:n.gm.XMLHttpRequest,REQ:n.gm.Request,EV:n.gm.Event,PR:n.gm.Promise,MO:n.gm.MutationObserver,FETCH:n.gm.fetch,WS:n.gm.WebSocket},(0,a.i)(...Object.values(e.o))),e}function d(e,t){let r=s();r.initializedAgents??={},t.initializedAt={ms:(0,i.t)(),date:new Date},r.initializedAgents[e]=t}function u(e,t){s()[e]=t}function l(){return function(){let e=s();const t=e.info||{};e.info={beacon:o.beacon,errorBeacon:o.errorBeacon,...t}}(),function(){let e=s();const t=e.init||{};e.init={...t}}(),c(),function(){let e=s();const t=e.loader_config||{};e.loader_config={...t}}(),s()}},782:(e,t,r)=>{""use strict"";r.d(t,{T:()=>n});const n=r(860).K7.pageViewTiming},860:(e,t,r)=>{""use strict"";r.d(t,{$J:()=>u,K7:()=>c,P3:()=>d,XX:()=>i,Yy:()=>s,df:()=>a,qY:()=>n,v4:()=>o});const n=""events"",i=""jserrors"",a=""browser/blobs"",o=""rum"",s=""browser/logs"",c={ajax:""ajax"",genericEvents:""generic_events"",jserrors:i,logging:""logging"",metrics:""metrics"",pageAction:""page_action"",pageViewEvent:""page_view_event"",pageViewTiming:""page_view_timing"",sessionReplay:""session_replay"",sessionTrace:""session_trace"",softNav:""soft_navigations"",spa:""spa""},d={[c.pageViewEvent]:1,[c.pageViewTiming]:2,[c.metrics]:3,[c.jserrors]:4,[c.spa]:5,[c.ajax]:6,[c.sessionTrace]:7,[c.softNav]:8,[c.sessionReplay]:9,[c.logging]:10,[c.genericEvents]:11},u={[c.pageViewEvent]:o,[c.pageViewTiming]:n,[c.ajax]:n,[c.spa]:n,[c.softNav]:n,[c.metrics]:i,[c.jserrors]:i,[c.sessionTrace]:a,[c.sessionReplay]:a,[c.logging]:s,[c.genericEvents]:""ins""}},944:(e,t,r)=>{""use strict"";r.d(t,{R:()=>i});var n=r(3241);function i(e,t){""function""==typeof console.debug&&(console.debug(""New Relic Warning: https://github.com/newrelic/newrelic-browser-agent/blob/main/docs/warning-codes.md#"".concat(e),t),(0,n.W)({agentIdentifier:null,drained:null,type:""data"",name:""warn"",feature:""warn"",data:{code:e,secondary:t}}))}},993:(e,t,r)=>{""use strict"";r.d(t,{A$:()=>a,ET:()=>o,TZ:()=>s,p_:()=>i});var n=r(860);const i={ERROR:""ERROR"",WARN:""WARN"",INFO:""INFO"",DEBUG:""DEBUG"",TRACE:""TRACE""},a={OFF:0,ERROR:1,WARN:2,INFO:3,DEBUG:4,TRACE:5},o=""log"",s=n.K7.logging},1687:(e,t,r)=>{""use strict"";r.d(t,{Ak:()=>d,Ze:()=>f,x3:()=>u});var n=r(3241),i=r(7836),a=r(3606),o=r(860),s=r(2646);const c={};function d(e,t){const r={staged:!1,priority:o.P3[t]||0};l(e),c[e].get(t)||c[e].set(t,r)}function u(e,t){e&&c[e]&&(c[e].get(t)&&c[e].delete(t),p(e,t,!1),c[e].size&&h(e))}function l(e){if(!e)throw new Error(""agentIdentifier required"");c[e]||(c[e]=new Map)}function f(e="""",t=""feature"",r=!1){if(l(e),!e||!c[e].get(t)||r)return p(e,t);c[e].get(t).staged=!0,h(e)}function h(e){const t=Array.from(c[e]);t.every(([e,t])=>t.staged)&&(t.sort((e,t)=>e[1].priority-t[1].priority),t.forEach(([t])=>{c[e].delete(t),p(e,t)}))}function p(e,t,r=!0){const o=e?i.ee.get(e):i.ee,c=a.i.handlers;if(!o.aborted&&o.backlog&&c){if((0,n.W)({agentIdentifier:e,type:""lifecycle"",name:""drain"",feature:t}),r){const e=o.backlog[t],r=c[t];if(r){for(let t=0;e&&t<e.length;++t)g(e[t],r);Object.entries(r).forEach(([e,t])=>{Object.values(t||{}).forEach(t=>{t[0]?.on&&t[0]?.context()instanceof s.y&&t[0].on(e,t[1])})})}}o.isolatedBacklog||delete c[t],o.backlog[t]=null,o.emit(""drain-""+t,[])}}function g(e,t){var r=e[1];Object.values(t[r]||{}).forEach(t=>{var r=e[0];if(t[0]===r){var n=t[1],i=e[3],a=e[2];n.apply(i,a)}})}},1741:(e,t,r)=>{""use strict"";r.d(t,{W:()=>a});var n=r(944),i=r(4261);class a{#e(e,...t){if(this[e]!==a.prototype[e])return this[e](...t);(0,n.R)(35,e)}addPageAction(e,t){return this.#e(i.hG,e,t)}register(e){return this.#e(i.eY,e)}recordCustomEvent(e,t){return this.#e(i.fF,e,t)}setPageViewName(e,t){return this.#e(i.Fw,e,t)}setCustomAttribute(e,t,r){return this.#e(i.cD,e,t,r)}noticeError(e,t){return this.#e(i.o5,e,t)}setUserId(e){return this.#e(i.",success
hip-hop,Everything I Am,Kanye West,Graduation,3:47,"1,139,865","12,569,246",https://www.last.fm/music/Kanye+West/_/Everything+I+Am,"
<!DOCTYPE html>

<html class=""no-js playbar-masthead-release-shim youtube-provider-not-ready"" lang=""en"">
<head>
<meta charset=""utf-8""/>
<meta content=""IE=edge"" http-equiv=""X-UA-Compatible""/><script type=""text/javascript"">window.NREUM||(NREUM={});NREUM.info={""beacon"":""bam.nr-data.net"",""errorBeacon"":""bam.nr-data.net"",""licenseKey"":""0ed0ce50b0"",""applicationID"":""5588594"",""transactionName"":""Y1BRbUUFWkMEWxYMV1oadUxZB0BZClZNCV5ZG0RcVUpDRxIWAxVIRxteTEQNVx4TUQcSSxpWUk1WCFtXEF1YMUpVVlgXUAFA"",""queueTime"":0,""applicationTime"":777,""agent"":""""};
(window.NREUM||(NREUM={})).init={ajax:{deny_list:[""bam.nr-data.net""]}};(window.NREUM||(NREUM={})).loader_config={xpid:""UwYPV15QGwYFXFlXDgU="",licenseKey:""0ed0ce50b0"",applicationID:""5588594"",browserID:""5591142""};;/*! For license information please see nr-loader-full-1.302.0.min.js.LICENSE.txt */
(()=>{var e,t,r={384:(e,t,r)=>{""use strict"";r.d(t,{NT:()=>o,US:()=>u,Zm:()=>s,bQ:()=>d,dV:()=>c,pV:()=>l});var n=r(6154),i=r(1863),a=r(1910);const o={beacon:""bam.nr-data.net"",errorBeacon:""bam.nr-data.net""};function s(){return n.gm.NREUM||(n.gm.NREUM={}),void 0===n.gm.newrelic&&(n.gm.newrelic=n.gm.NREUM),n.gm.NREUM}function c(){let e=s();return e.o||(e.o={ST:n.gm.setTimeout,SI:n.gm.setImmediate||n.gm.setInterval,CT:n.gm.clearTimeout,XHR:n.gm.XMLHttpRequest,REQ:n.gm.Request,EV:n.gm.Event,PR:n.gm.Promise,MO:n.gm.MutationObserver,FETCH:n.gm.fetch,WS:n.gm.WebSocket},(0,a.i)(...Object.values(e.o))),e}function d(e,t){let r=s();r.initializedAgents??={},t.initializedAt={ms:(0,i.t)(),date:new Date},r.initializedAgents[e]=t}function u(e,t){s()[e]=t}function l(){return function(){let e=s();const t=e.info||{};e.info={beacon:o.beacon,errorBeacon:o.errorBeacon,...t}}(),function(){let e=s();const t=e.init||{};e.init={...t}}(),c(),function(){let e=s();const t=e.loader_config||{};e.loader_config={...t}}(),s()}},782:(e,t,r)=>{""use strict"";r.d(t,{T:()=>n});const n=r(860).K7.pageViewTiming},860:(e,t,r)=>{""use strict"";r.d(t,{$J:()=>u,K7:()=>c,P3:()=>d,XX:()=>i,Yy:()=>s,df:()=>a,qY:()=>n,v4:()=>o});const n=""events"",i=""jserrors"",a=""browser/blobs"",o=""rum"",s=""browser/logs"",c={ajax:""ajax"",genericEvents:""generic_events"",jserrors:i,logging:""logging"",metrics:""metrics"",pageAction:""page_action"",pageViewEvent:""page_view_event"",pageViewTiming:""page_view_timing"",sessionReplay:""session_replay"",sessionTrace:""session_trace"",softNav:""soft_navigations"",spa:""spa""},d={[c.pageViewEvent]:1,[c.pageViewTiming]:2,[c.metrics]:3,[c.jserrors]:4,[c.spa]:5,[c.ajax]:6,[c.sessionTrace]:7,[c.softNav]:8,[c.sessionReplay]:9,[c.logging]:10,[c.genericEvents]:11},u={[c.pageViewEvent]:o,[c.pageViewTiming]:n,[c.ajax]:n,[c.spa]:n,[c.softNav]:n,[c.metrics]:i,[c.jserrors]:i,[c.sessionTrace]:a,[c.sessionReplay]:a,[c.logging]:s,[c.genericEvents]:""ins""}},944:(e,t,r)=>{""use strict"";r.d(t,{R:()=>i});var n=r(3241);function i(e,t){""function""==typeof console.debug&&(console.debug(""New Relic Warning: https://github.com/newrelic/newrelic-browser-agent/blob/main/docs/warning-codes.md#"".concat(e),t),(0,n.W)({agentIdentifier:null,drained:null,type:""data"",name:""warn"",feature:""warn"",data:{code:e,secondary:t}}))}},993:(e,t,r)=>{""use strict"";r.d(t,{A$:()=>a,ET:()=>o,TZ:()=>s,p_:()=>i});var n=r(860);const i={ERROR:""ERROR"",WARN:""WARN"",INFO:""INFO"",DEBUG:""DEBUG"",TRACE:""TRACE""},a={OFF:0,ERROR:1,WARN:2,INFO:3,DEBUG:4,TRACE:5},o=""log"",s=n.K7.logging},1687:(e,t,r)=>{""use strict"";r.d(t,{Ak:()=>d,Ze:()=>f,x3:()=>u});var n=r(3241),i=r(7836),a=r(3606),o=r(860),s=r(2646);const c={};function d(e,t){const r={staged:!1,priority:o.P3[t]||0};l(e),c[e].get(t)||c[e].set(t,r)}function u(e,t){e&&c[e]&&(c[e].get(t)&&c[e].delete(t),p(e,t,!1),c[e].size&&h(e))}function l(e){if(!e)throw new Error(""agentIdentifier required"");c[e]||(c[e]=new Map)}function f(e="""",t=""feature"",r=!1){if(l(e),!e||!c[e].get(t)||r)return p(e,t);c[e].get(t).staged=!0,h(e)}function h(e){const t=Array.from(c[e]);t.every(([e,t])=>t.staged)&&(t.sort((e,t)=>e[1].priority-t[1].priority),t.forEach(([t])=>{c[e].delete(t),p(e,t)}))}function p(e,t,r=!0){const o=e?i.ee.get(e):i.ee,c=a.i.handlers;if(!o.aborted&&o.backlog&&c){if((0,n.W)({agentIdentifier:e,type:""lifecycle"",name:""drain"",feature:t}),r){const e=o.backlog[t],r=c[t];if(r){for(let t=0;e&&t<e.length;++t)g(e[t],r);Object.entries(r).forEach(([e,t])=>{Object.values(t||{}).forEach(t=>{t[0]?.on&&t[0]?.context()instanceof s.y&&t[0].on(e,t[1])})})}}o.isolatedBacklog||delete c[t],o.backlog[t]=null,o.emit(""drain-""+t,[])}}function g(e,t){var r=e[1];Object.values(t[r]||{}).forEach(t=>{var r=e[0];if(t[0]===r){var n=t[1],i=e[3],a=e[2];n.apply(i,a)}})}},1741:(e,t,r)=>{""use strict"";r.d(t,{W:()=>a});var n=r(944),i=r(4261);class a{#e(e,...t){if(this[e]!==a.prototype[e])return this[e](...t);(0,n.R)(35,e)}addPageAction(e,t){return this.#e(i.hG,e,t)}register(e){return this.#e(i.eY,e)}recordCustomEvent(e,t){return this.#e(i.fF,e,t)}setPageViewName(e,t){return this.#e(i.Fw,e,t)}setCustomAttribute(e,t,r){return this.#e(i.cD,e,t,r)}noticeError(e,t){return this.#e(i.o5,e,t)}setUserId(e){return this.#e(i.",success
hip-hop,Empire State of Mind,JAY-Z,"The Hits Collection, Volume 1",4:37,"1,269,147","10,090,210",https://www.last.fm/music/JAY-Z/_/Empire+State+of+Mind,"
<!DOCTYPE html>

<html class=""no-js playbar-masthead-release-shim youtube-provider-not-ready"" lang=""en"">
<head>
<meta charset=""utf-8""/>
<meta content=""IE=edge"" http-equiv=""X-UA-Compatible""/><script type=""text/javascript"">window.NREUM||(NREUM={});NREUM.info={""beacon"":""bam.nr-data.net"",""errorBeacon"":""bam.nr-data.net"",""licenseKey"":""0ed0ce50b0"",""applicationID"":""5588594"",""transactionName"":""Y1BRbUUFWkMEWxYMV1oadUxZB0BZClZNCV5ZG0RcVUpDRxIWAxVIRxteTEQNVx4TUQcSSxpWUk1WCFtXEF1YMUpVVlgXUAFA"",""queueTime"":0,""applicationTime"":1297,""agent"":""""};
(window.NREUM||(NREUM={})).init={ajax:{deny_list:[""bam.nr-data.net""]}};(window.NREUM||(NREUM={})).loader_config={xpid:""UwYPV15QGwYFXFlXDgU="",licenseKey:""0ed0ce50b0"",applicationID:""5588594"",browserID:""5591142""};;/*! For license information please see nr-loader-full-1.302.0.min.js.LICENSE.txt */
(()=>{var e,t,r={384:(e,t,r)=>{""use strict"";r.d(t,{NT:()=>o,US:()=>u,Zm:()=>s,bQ:()=>d,dV:()=>c,pV:()=>l});var n=r(6154),i=r(1863),a=r(1910);const o={beacon:""bam.nr-data.net"",errorBeacon:""bam.nr-data.net""};function s(){return n.gm.NREUM||(n.gm.NREUM={}),void 0===n.gm.newrelic&&(n.gm.newrelic=n.gm.NREUM),n.gm.NREUM}function c(){let e=s();return e.o||(e.o={ST:n.gm.setTimeout,SI:n.gm.setImmediate||n.gm.setInterval,CT:n.gm.clearTimeout,XHR:n.gm.XMLHttpRequest,REQ:n.gm.Request,EV:n.gm.Event,PR:n.gm.Promise,MO:n.gm.MutationObserver,FETCH:n.gm.fetch,WS:n.gm.WebSocket},(0,a.i)(...Object.values(e.o))),e}function d(e,t){let r=s();r.initializedAgents??={},t.initializedAt={ms:(0,i.t)(),date:new Date},r.initializedAgents[e]=t}function u(e,t){s()[e]=t}function l(){return function(){let e=s();const t=e.info||{};e.info={beacon:o.beacon,errorBeacon:o.errorBeacon,...t}}(),function(){let e=s();const t=e.init||{};e.init={...t}}(),c(),function(){let e=s();const t=e.loader_config||{};e.loader_config={...t}}(),s()}},782:(e,t,r)=>{""use strict"";r.d(t,{T:()=>n});const n=r(860).K7.pageViewTiming},860:(e,t,r)=>{""use strict"";r.d(t,{$J:()=>u,K7:()=>c,P3:()=>d,XX:()=>i,Yy:()=>s,df:()=>a,qY:()=>n,v4:()=>o});const n=""events"",i=""jserrors"",a=""browser/blobs"",o=""rum"",s=""browser/logs"",c={ajax:""ajax"",genericEvents:""generic_events"",jserrors:i,logging:""logging"",metrics:""metrics"",pageAction:""page_action"",pageViewEvent:""page_view_event"",pageViewTiming:""page_view_timing"",sessionReplay:""session_replay"",sessionTrace:""session_trace"",softNav:""soft_navigations"",spa:""spa""},d={[c.pageViewEvent]:1,[c.pageViewTiming]:2,[c.metrics]:3,[c.jserrors]:4,[c.spa]:5,[c.ajax]:6,[c.sessionTrace]:7,[c.softNav]:8,[c.sessionReplay]:9,[c.logging]:10,[c.genericEvents]:11},u={[c.pageViewEvent]:o,[c.pageViewTiming]:n,[c.ajax]:n,[c.spa]:n,[c.softNav]:n,[c.metrics]:i,[c.jserrors]:i,[c.sessionTrace]:a,[c.sessionReplay]:a,[c.logging]:s,[c.genericEvents]:""ins""}},944:(e,t,r)=>{""use strict"";r.d(t,{R:()=>i});var n=r(3241);function i(e,t){""function""==typeof console.debug&&(console.debug(""New Relic Warning: https://github.com/newrelic/newrelic-browser-agent/blob/main/docs/warning-codes.md#"".concat(e),t),(0,n.W)({agentIdentifier:null,drained:null,type:""data"",name:""warn"",feature:""warn"",data:{code:e,secondary:t}}))}},993:(e,t,r)=>{""use strict"";r.d(t,{A$:()=>a,ET:()=>o,TZ:()=>s,p_:()=>i});var n=r(860);const i={ERROR:""ERROR"",WARN:""WARN"",INFO:""INFO"",DEBUG:""DEBUG"",TRACE:""TRACE""},a={OFF:0,ERROR:1,WARN:2,INFO:3,DEBUG:4,TRACE:5},o=""log"",s=n.K7.logging},1687:(e,t,r)=>{""use strict"";r.d(t,{Ak:()=>d,Ze:()=>f,x3:()=>u});var n=r(3241),i=r(7836),a=r(3606),o=r(860),s=r(2646);const c={};function d(e,t){const r={staged:!1,priority:o.P3[t]||0};l(e),c[e].get(t)||c[e].set(t,r)}function u(e,t){e&&c[e]&&(c[e].get(t)&&c[e].delete(t),p(e,t,!1),c[e].size&&h(e))}function l(e){if(!e)throw new Error(""agentIdentifier required"");c[e]||(c[e]=new Map)}function f(e="""",t=""feature"",r=!1){if(l(e),!e||!c[e].get(t)||r)return p(e,t);c[e].get(t).staged=!0,h(e)}function h(e){const t=Array.from(c[e]);t.every(([e,t])=>t.staged)&&(t.sort((e,t)=>e[1].priority-t[1].priority),t.forEach(([t])=>{c[e].delete(t),p(e,t)}))}function p(e,t,r=!0){const o=e?i.ee.get(e):i.ee,c=a.i.handlers;if(!o.aborted&&o.backlog&&c){if((0,n.W)({agentIdentifier:e,type:""lifecycle"",name:""drain"",feature:t}),r){const e=o.backlog[t],r=c[t];if(r){for(let t=0;e&&t<e.length;++t)g(e[t],r);Object.entries(r).forEach(([e,t])=>{Object.values(t||{}).forEach(t=>{t[0]?.on&&t[0]?.context()instanceof s.y&&t[0].on(e,t[1])})})}}o.isolatedBacklog||delete c[t],o.backlog[t]=null,o.emit(""drain-""+t,[])}}function g(e,t){var r=e[1];Object.values(t[r]||{}).forEach(t=>{var r=e[0];if(t[0]===r){var n=t[1],i=e[3],a=e[2];n.apply(i,a)}})}},1741:(e,t,r)=>{""use strict"";r.d(t,{W:()=>a});var n=r(944),i=r(4261);class a{#e(e,...t){if(this[e]!==a.prototype[e])return this[e](...t);(0,n.R)(35,e)}addPageAction(e,t){return this.#e(i.hG,e,t)}register(e){return this.#e(i.eY,e)}recordCustomEvent(e,t){return this.#e(i.fF,e,t)}setPageViewName(e,t){return this.#e(i.Fw,e,t)}setCustomAttribute(e,t,r){return this.#e(i.cD,e,t,r)}noticeError(e,t){return this.#e(i.o5,e,t)}setUserId(e){return this.#e(i",success
hip-hop,N/A,N/A,N/A,N/A,N/A,N/A,https://www.last.fm/music/Kanye+West/_/Champion,N/A,502_error
hip-hop,N/A,N/A,N/A,N/A,N/A,N/A,https://www.last.fm/music/Kanye+West/_/Dark+Fantasy,N/A,http_600
hip-hop,N/A,N/A,N/A,N/A,N/A,N/A,https://www.last.fm/music/MF+DOOM/_/One+Beer,N/A,502_error
hip-hop,Paper Planes,M.I.A.,Kala,3:24,"2,178,220","21,835,104",https://www.last.fm/music/M.I.A./_/Paper+Planes,"
<!DOCTYPE html>

<html class=""no-js playbar-masthead-release-shim youtube-provider-not-ready"" lang=""en"">
<head>
<meta charset=""utf-8""/>
<meta content=""IE=edge"" http-equiv=""X-UA-Compatible""/><script type=""text/javascript"">window.NREUM||(NREUM={});NREUM.info={""beacon"":""bam.nr-data.net"",""errorBeacon"":""bam.nr-data.net"",""licenseKey"":""0ed0ce50b0"",""applicationID"":""5588594"",""transactionName"":""Y1BRbUUFWkMEWxYMV1oadUxZB0BZClZNCV5ZG0RcVUpDRxIWAxVIRxteTEQNVx4TUQcSSxpWUk1WCFtXEF1YMUpVVlgXUAFA"",""queueTime"":0,""applicationTime"":649,""agent"":""""};
(window.NREUM||(NREUM={})).init={ajax:{deny_list:[""bam.nr-data.net""]}};(window.NREUM||(NREUM={})).loader_config={xpid:""UwYPV15QGwYFXFlXDgU="",licenseKey:""0ed0ce50b0"",applicationID:""5588594"",browserID:""5591142""};;/*! For license information please see nr-loader-full-1.302.0.min.js.LICENSE.txt */
(()=>{var e,t,r={384:(e,t,r)=>{""use strict"";r.d(t,{NT:()=>o,US:()=>u,Zm:()=>s,bQ:()=>d,dV:()=>c,pV:()=>l});var n=r(6154),i=r(1863),a=r(1910);const o={beacon:""bam.nr-data.net"",errorBeacon:""bam.nr-data.net""};function s(){return n.gm.NREUM||(n.gm.NREUM={}),void 0===n.gm.newrelic&&(n.gm.newrelic=n.gm.NREUM),n.gm.NREUM}function c(){let e=s();return e.o||(e.o={ST:n.gm.setTimeout,SI:n.gm.setImmediate||n.gm.setInterval,CT:n.gm.clearTimeout,XHR:n.gm.XMLHttpRequest,REQ:n.gm.Request,EV:n.gm.Event,PR:n.gm.Promise,MO:n.gm.MutationObserver,FETCH:n.gm.fetch,WS:n.gm.WebSocket},(0,a.i)(...Object.values(e.o))),e}function d(e,t){let r=s();r.initializedAgents??={},t.initializedAt={ms:(0,i.t)(),date:new Date},r.initializedAgents[e]=t}function u(e,t){s()[e]=t}function l(){return function(){let e=s();const t=e.info||{};e.info={beacon:o.beacon,errorBeacon:o.errorBeacon,...t}}(),function(){let e=s();const t=e.init||{};e.init={...t}}(),c(),function(){let e=s();const t=e.loader_config||{};e.loader_config={...t}}(),s()}},782:(e,t,r)=>{""use strict"";r.d(t,{T:()=>n});const n=r(860).K7.pageViewTiming},860:(e,t,r)=>{""use strict"";r.d(t,{$J:()=>u,K7:()=>c,P3:()=>d,XX:()=>i,Yy:()=>s,df:()=>a,qY:()=>n,v4:()=>o});const n=""events"",i=""jserrors"",a=""browser/blobs"",o=""rum"",s=""browser/logs"",c={ajax:""ajax"",genericEvents:""generic_events"",jserrors:i,logging:""logging"",metrics:""metrics"",pageAction:""page_action"",pageViewEvent:""page_view_event"",pageViewTiming:""page_view_timing"",sessionReplay:""session_replay"",sessionTrace:""session_trace"",softNav:""soft_navigations"",spa:""spa""},d={[c.pageViewEvent]:1,[c.pageViewTiming]:2,[c.metrics]:3,[c.jserrors]:4,[c.spa]:5,[c.ajax]:6,[c.sessionTrace]:7,[c.softNav]:8,[c.sessionReplay]:9,[c.logging]:10,[c.genericEvents]:11},u={[c.pageViewEvent]:o,[c.pageViewTiming]:n,[c.ajax]:n,[c.spa]:n,[c.softNav]:n,[c.metrics]:i,[c.jserrors]:i,[c.sessionTrace]:a,[c.sessionReplay]:a,[c.logging]:s,[c.genericEvents]:""ins""}},944:(e,t,r)=>{""use strict"";r.d(t,{R:()=>i});var n=r(3241);function i(e,t){""function""==typeof console.debug&&(console.debug(""New Relic Warning: https://github.com/newrelic/newrelic-browser-agent/blob/main/docs/warning-codes.md#"".concat(e),t),(0,n.W)({agentIdentifier:null,drained:null,type:""data"",name:""warn"",feature:""warn"",data:{code:e,secondary:t}}))}},993:(e,t,r)=>{""use strict"";r.d(t,{A$:()=>a,ET:()=>o,TZ:()=>s,p_:()=>i});var n=r(860);const i={ERROR:""ERROR"",WARN:""WARN"",INFO:""INFO"",DEBUG:""DEBUG"",TRACE:""TRACE""},a={OFF:0,ERROR:1,WARN:2,INFO:3,DEBUG:4,TRACE:5},o=""log"",s=n.K7.logging},1687:(e,t,r)=>{""use strict"";r.d(t,{Ak:()=>d,Ze:()=>f,x3:()=>u});var n=r(3241),i=r(7836),a=r(3606),o=r(860),s=r(2646);const c={};function d(e,t){const r={staged:!1,priority:o.P3[t]||0};l(e),c[e].get(t)||c[e].set(t,r)}function u(e,t){e&&c[e]&&(c[e].get(t)&&c[e].delete(t),p(e,t,!1),c[e].size&&h(e))}function l(e){if(!e)throw new Error(""agentIdentifier required"");c[e]||(c[e]=new Map)}function f(e="""",t=""feature"",r=!1){if(l(e),!e||!c[e].get(t)||r)return p(e,t);c[e].get(t).staged=!0,h(e)}function h(e){const t=Array.from(c[e]);t.every(([e,t])=>t.staged)&&(t.sort((e,t)=>e[1].priority-t[1].priority),t.forEach(([t])=>{c[e].delete(t),p(e,t)}))}function p(e,t,r=!0){const o=e?i.ee.get(e):i.ee,c=a.i.handlers;if(!o.aborted&&o.backlog&&c){if((0,n.W)({agentIdentifier:e,type:""lifecycle"",name:""drain"",feature:t}),r){const e=o.backlog[t],r=c[t];if(r){for(let t=0;e&&t<e.length;++t)g(e[t],r);Object.entries(r).forEach(([e,t])=>{Object.values(t||{}).forEach(t=>{t[0]?.on&&t[0]?.context()instanceof s.y&&t[0].on(e,t[1])})})}}o.isolatedBacklog||delete c[t],o.backlog[t]=null,o.emit(""drain-""+t,[])}}function g(e,t){var r=e[1];Object.values(t[r]||{}).forEach(t=>{var r=e[0];if(t[0]===r){var n=t[1],i=e[3],a=e[2];n.apply(i,a)}})}},1741:(e,t,r)=>{""use strict"";r.d(t,{W:()=>a});var n=r(944),i=r(4261);class a{#e(e,...t){if(this[e]!==a.prototype[e])return this[e](...t);(0,n.R)(35,e)}addPageAction(e,t){return this.#e(i.hG,e,t)}register(e){return this.#e(i.eY,e)}recordCustomEvent(e,t){return this.#e(i.fF,e,t)}setPageViewName(e,t){return this.#e(i.Fw,e,t)}setCustomAttribute(e,t,r){return this.#e(i.cD,e,t,r)}noticeError(e,t){return this.#e(i.o5,e,t)}setUserId(e){return this.#e(i.",success
hip-hop,N/A,N/A,N/A,N/A,N/A,N/A,https://www.last.fm/music/Flo+Rida/_/Low+(feat.+T-Pain),N/A,502_error
hip-hop,N/A,N/A,N/A,N/A,N/A,N/A,"https://www.last.fm/music/Kendrick+Lamar/_/Bitch,+Don%E2%80%99t+Kill+My+Vibe",N/A,502_error
hip-hop,N/A,N/A,N/A,N/A,N/A,N/A,https://www.last.fm/music/MF+DOOM/_/Hoe+Cakes,N/A,502_error
hip-hop,N/A,N/A,N/A,N/A,N/A,N/A,https://www.last.fm/music/Kanye+West/_/All+of+the+Lights,N/A,502_error
hip-hop,N/A,N/A,N/A,N/A,N/A,N/A,https://www.last.fm/music/50+Cent/_/In+Da+Club,N/A,502_error
hip-hop,Swimming Pools (Drank) (extended version),Kendrick Lamar,"good kid, m.A.A.d city",5:13,"126,068","1,211,016",https://www.last.fm/music/Kendrick+Lamar/_/Swimming+Pools+(Drank)+(extended+version),"
<!DOCTYPE html>

<html class=""no-js playbar-masthead-release-shim youtube-provider-not-ready"" lang=""en"">
<head>
<meta charset=""utf-8""/>
<meta content=""IE=edge"" http-equiv=""X-UA-Compatible""/><script type=""text/javascript"">window.NREUM||(NREUM={});NREUM.info={""beacon"":""bam.nr-data.net"",""errorBeacon"":""bam.nr-data.net"",""licenseKey"":""0ed0ce50b0"",""applicationID"":""5588594"",""transactionName"":""Y1BRbUUFWkMEWxYMV1oadUxZB0BZClZNCV5ZG0RcVUpDRxIWAxVIRxteTEQNVx4TUQcSSxpWUk1WCFtXEF1YMUpVVlgXUAFA"",""queueTime"":0,""applicationTime"":880,""agent"":""""};
(window.NREUM||(NREUM={})).init={ajax:{deny_list:[""bam.nr-data.net""]}};(window.NREUM||(NREUM={})).loader_config={xpid:""UwYPV15QGwYFXFlXDgU="",licenseKey:""0ed0ce50b0"",applicationID:""5588594"",browserID:""5591142""};;/*! For license information please see nr-loader-full-1.302.0.min.js.LICENSE.txt */
(()=>{var e,t,r={384:(e,t,r)=>{""use strict"";r.d(t,{NT:()=>o,US:()=>u,Zm:()=>s,bQ:()=>d,dV:()=>c,pV:()=>l});var n=r(6154),i=r(1863),a=r(1910);const o={beacon:""bam.nr-data.net"",errorBeacon:""bam.nr-data.net""};function s(){return n.gm.NREUM||(n.gm.NREUM={}),void 0===n.gm.newrelic&&(n.gm.newrelic=n.gm.NREUM),n.gm.NREUM}function c(){let e=s();return e.o||(e.o={ST:n.gm.setTimeout,SI:n.gm.setImmediate||n.gm.setInterval,CT:n.gm.clearTimeout,XHR:n.gm.XMLHttpRequest,REQ:n.gm.Request,EV:n.gm.Event,PR:n.gm.Promise,MO:n.gm.MutationObserver,FETCH:n.gm.fetch,WS:n.gm.WebSocket},(0,a.i)(...Object.values(e.o))),e}function d(e,t){let r=s();r.initializedAgents??={},t.initializedAt={ms:(0,i.t)(),date:new Date},r.initializedAgents[e]=t}function u(e,t){s()[e]=t}function l(){return function(){let e=s();const t=e.info||{};e.info={beacon:o.beacon,errorBeacon:o.errorBeacon,...t}}(),function(){let e=s();const t=e.init||{};e.init={...t}}(),c(),function(){let e=s();const t=e.loader_config||{};e.loader_config={...t}}(),s()}},782:(e,t,r)=>{""use strict"";r.d(t,{T:()=>n});const n=r(860).K7.pageViewTiming},860:(e,t,r)=>{""use strict"";r.d(t,{$J:()=>u,K7:()=>c,P3:()=>d,XX:()=>i,Yy:()=>s,df:()=>a,qY:()=>n,v4:()=>o});const n=""events"",i=""jserrors"",a=""browser/blobs"",o=""rum"",s=""browser/logs"",c={ajax:""ajax"",genericEvents:""generic_events"",jserrors:i,logging:""logging"",metrics:""metrics"",pageAction:""page_action"",pageViewEvent:""page_view_event"",pageViewTiming:""page_view_timing"",sessionReplay:""session_replay"",sessionTrace:""session_trace"",softNav:""soft_navigations"",spa:""spa""},d={[c.pageViewEvent]:1,[c.pageViewTiming]:2,[c.metrics]:3,[c.jserrors]:4,[c.spa]:5,[c.ajax]:6,[c.sessionTrace]:7,[c.softNav]:8,[c.sessionReplay]:9,[c.logging]:10,[c.genericEvents]:11},u={[c.pageViewEvent]:o,[c.pageViewTiming]:n,[c.ajax]:n,[c.spa]:n,[c.softNav]:n,[c.metrics]:i,[c.jserrors]:i,[c.sessionTrace]:a,[c.sessionReplay]:a,[c.logging]:s,[c.genericEvents]:""ins""}},944:(e,t,r)=>{""use strict"";r.d(t,{R:()=>i});var n=r(3241);function i(e,t){""function""==typeof console.debug&&(console.debug(""New Relic Warning: https://github.com/newrelic/newrelic-browser-agent/blob/main/docs/warning-codes.md#"".concat(e),t),(0,n.W)({agentIdentifier:null,drained:null,type:""data"",name:""warn"",feature:""warn"",data:{code:e,secondary:t}}))}},993:(e,t,r)=>{""use strict"";r.d(t,{A$:()=>a,ET:()=>o,TZ:()=>s,p_:()=>i});var n=r(860);const i={ERROR:""ERROR"",WARN:""WARN"",INFO:""INFO"",DEBUG:""DEBUG"",TRACE:""TRACE""},a={OFF:0,ERROR:1,WARN:2,INFO:3,DEBUG:4,TRACE:5},o=""log"",s=n.K7.logging},1687:(e,t,r)=>{""use strict"";r.d(t,{Ak:()=>d,Ze:()=>f,x3:()=>u});var n=r(3241),i=r(7836),a=r(3606),o=r(860),s=r(2646);const c={};function d(e,t){const r={staged:!1,priority:o.P3[t]||0};l(e),c[e].get(t)||c[e].set(t,r)}function u(e,t){e&&c[e]&&(c[e].get(t)&&c[e].delete(t),p(e,t,!1),c[e].size&&h(e))}function l(e){if(!e)throw new Error(""agentIdentifier required"");c[e]||(c[e]=new Map)}function f(e="""",t=""feature"",r=!1){if(l(e),!e||!c[e].get(t)||r)return p(e,t);c[e].get(t).staged=!0,h(e)}function h(e){const t=Array.from(c[e]);t.every(([e,t])=>t.staged)&&(t.sort((e,t)=>e[1].priority-t[1].priority),t.forEach(([t])=>{c[e].delete(t),p(e,t)}))}function p(e,t,r=!0){const o=e?i.ee.get(e):i.ee,c=a.i.handlers;if(!o.aborted&&o.backlog&&c){if((0,n.W)({agentIdentifier:e,type:""lifecycle"",name:""drain"",feature:t}),r){const e=o.backlog[t],r=c[t];if(r){for(let t=0;e&&t<e.length;++t)g(e[t],r);Object.entries(r).forEach(([e,t])=>{Object.values(t||{}).forEach(t=>{t[0]?.on&&t[0]?.context()instanceof s.y&&t[0].on(e,t[1])})})}}o.isolatedBacklog||delete c[t],o.backlog[t]=null,o.emit(""drain-""+t,[])}}function g(e,t){var r=e[1];Object.values(t[r]||{}).forEach(t=>{var r=e[0];if(t[0]===r){var n=t[1],i=e[3],a=e[2];n.apply(i,a)}})}},1741:(e,t,r)=>{""use strict"";r.d(t,{W:()=>a});var n=r(944),i=r(4261);class a{#e(e,...t){if(this[e]!==a.prototype[e])return this[e](...t);(0,n.R)(35,e)}addPageAction(e,t){return this.#e(i.hG,e,t)}register(e){return this.#e(i.eY,e)}recordCustomEvent(e,t){return this.#e(i.fF,e,t)}setPageViewName(e,t){return this.#e(i.Fw,e,t)}setCustomAttribute(e,t,r){return this.#e(i.cD,e,t,r)}noticeError(e,t){return this.#e(i.o5,e,t)}setUserId(e){return this.#e(i.",success
hip-hop,N/A,N/A,N/A,N/A,N/A,N/A,https://www.last.fm/music/Kanye+West/_/Good+Life,N/A,502_error
hip-hop,N/A,N/A,N/A,N/A,N/A,N/A,https://www.last.fm/music/Wiz+Khalifa/_/Black+and+Yellow,N/A,502_error
hip-hop,N/A,N/A,N/A,N/A,N/A,N/A,https://www.last.fm/music/Black+Eyed+Peas/_/Pump+It,N/A,502_error
hip-hop,N/A,N/A,N/A,N/A,N/A,N/A,https://www.last.fm/music/Kendrick+Lamar/_/Poetic+Justice,N/A,502_error
hip-hop,N/A,N/A,N/A,N/A,N/A,N/A,"https://www.last.fm/music/OutKast/_/So+Fresh,+So+Clean",N/A,502_error
hip-hop,Hate It Or Love It,The Game,The Documentary,4:00,"1,243,232","8,810,980",https://www.last.fm/music/The+Game/_/Hate+It+Or+Love+It,"
<!DOCTYPE html>

<html class=""no-js playbar-masthead-release-shim youtube-provider-not-ready"" lang=""en"">
<head>
<meta charset=""utf-8""/>
<meta content=""IE=edge"" http-equiv=""X-UA-Compatible""/><script type=""text/javascript"">window.NREUM||(NREUM={});NREUM.info={""beacon"":""bam.nr-data.net"",""errorBeacon"":""bam.nr-data.net"",""licenseKey"":""0ed0ce50b0"",""applicationID"":""5588594"",""transactionName"":""Y1BRbUUFWkMEWxYMV1oadUxZB0BZClZNCV5ZG0RcVUpDRxIWAxVIRxteTEQNVx4TUQcSSxpWUk1WCFtXEF1YMUpVVlgXUAFA"",""queueTime"":0,""applicationTime"":1001,""agent"":""""};
(window.NREUM||(NREUM={})).init={ajax:{deny_list:[""bam.nr-data.net""]}};(window.NREUM||(NREUM={})).loader_config={xpid:""UwYPV15QGwYFXFlXDgU="",licenseKey:""0ed0ce50b0"",applicationID:""5588594"",browserID:""5591142""};;/*! For license information please see nr-loader-full-1.302.0.min.js.LICENSE.txt */
(()=>{var e,t,r={384:(e,t,r)=>{""use strict"";r.d(t,{NT:()=>o,US:()=>u,Zm:()=>s,bQ:()=>d,dV:()=>c,pV:()=>l});var n=r(6154),i=r(1863),a=r(1910);const o={beacon:""bam.nr-data.net"",errorBeacon:""bam.nr-data.net""};function s(){return n.gm.NREUM||(n.gm.NREUM={}),void 0===n.gm.newrelic&&(n.gm.newrelic=n.gm.NREUM),n.gm.NREUM}function c(){let e=s();return e.o||(e.o={ST:n.gm.setTimeout,SI:n.gm.setImmediate||n.gm.setInterval,CT:n.gm.clearTimeout,XHR:n.gm.XMLHttpRequest,REQ:n.gm.Request,EV:n.gm.Event,PR:n.gm.Promise,MO:n.gm.MutationObserver,FETCH:n.gm.fetch,WS:n.gm.WebSocket},(0,a.i)(...Object.values(e.o))),e}function d(e,t){let r=s();r.initializedAgents??={},t.initializedAt={ms:(0,i.t)(),date:new Date},r.initializedAgents[e]=t}function u(e,t){s()[e]=t}function l(){return function(){let e=s();const t=e.info||{};e.info={beacon:o.beacon,errorBeacon:o.errorBeacon,...t}}(),function(){let e=s();const t=e.init||{};e.init={...t}}(),c(),function(){let e=s();const t=e.loader_config||{};e.loader_config={...t}}(),s()}},782:(e,t,r)=>{""use strict"";r.d(t,{T:()=>n});const n=r(860).K7.pageViewTiming},860:(e,t,r)=>{""use strict"";r.d(t,{$J:()=>u,K7:()=>c,P3:()=>d,XX:()=>i,Yy:()=>s,df:()=>a,qY:()=>n,v4:()=>o});const n=""events"",i=""jserrors"",a=""browser/blobs"",o=""rum"",s=""browser/logs"",c={ajax:""ajax"",genericEvents:""generic_events"",jserrors:i,logging:""logging"",metrics:""metrics"",pageAction:""page_action"",pageViewEvent:""page_view_event"",pageViewTiming:""page_view_timing"",sessionReplay:""session_replay"",sessionTrace:""session_trace"",softNav:""soft_navigations"",spa:""spa""},d={[c.pageViewEvent]:1,[c.pageViewTiming]:2,[c.metrics]:3,[c.jserrors]:4,[c.spa]:5,[c.ajax]:6,[c.sessionTrace]:7,[c.softNav]:8,[c.sessionReplay]:9,[c.logging]:10,[c.genericEvents]:11},u={[c.pageViewEvent]:o,[c.pageViewTiming]:n,[c.ajax]:n,[c.spa]:n,[c.softNav]:n,[c.metrics]:i,[c.jserrors]:i,[c.sessionTrace]:a,[c.sessionReplay]:a,[c.logging]:s,[c.genericEvents]:""ins""}},944:(e,t,r)=>{""use strict"";r.d(t,{R:()=>i});var n=r(3241);function i(e,t){""function""==typeof console.debug&&(console.debug(""New Relic Warning: https://github.com/newrelic/newrelic-browser-agent/blob/main/docs/warning-codes.md#"".concat(e),t),(0,n.W)({agentIdentifier:null,drained:null,type:""data"",name:""warn"",feature:""warn"",data:{code:e,secondary:t}}))}},993:(e,t,r)=>{""use strict"";r.d(t,{A$:()=>a,ET:()=>o,TZ:()=>s,p_:()=>i});var n=r(860);const i={ERROR:""ERROR"",WARN:""WARN"",INFO:""INFO"",DEBUG:""DEBUG"",TRACE:""TRACE""},a={OFF:0,ERROR:1,WARN:2,INFO:3,DEBUG:4,TRACE:5},o=""log"",s=n.K7.logging},1687:(e,t,r)=>{""use strict"";r.d(t,{Ak:()=>d,Ze:()=>f,x3:()=>u});var n=r(3241),i=r(7836),a=r(3606),o=r(860),s=r(2646);const c={};function d(e,t){const r={staged:!1,priority:o.P3[t]||0};l(e),c[e].get(t)||c[e].set(t,r)}function u(e,t){e&&c[e]&&(c[e].get(t)&&c[e].delete(t),p(e,t,!1),c[e].size&&h(e))}function l(e){if(!e)throw new Error(""agentIdentifier required"");c[e]||(c[e]=new Map)}function f(e="""",t=""feature"",r=!1){if(l(e),!e||!c[e].get(t)||r)return p(e,t);c[e].get(t).staged=!0,h(e)}function h(e){const t=Array.from(c[e]);t.every(([e,t])=>t.staged)&&(t.sort((e,t)=>e[1].priority-t[1].priority),t.forEach(([t])=>{c[e].delete(t),p(e,t)}))}function p(e,t,r=!0){const o=e?i.ee.get(e):i.ee,c=a.i.handlers;if(!o.aborted&&o.backlog&&c){if((0,n.W)({agentIdentifier:e,type:""lifecycle"",name:""drain"",feature:t}),r){const e=o.backlog[t],r=c[t];if(r){for(let t=0;e&&t<e.length;++t)g(e[t],r);Object.entries(r).forEach(([e,t])=>{Object.values(t||{}).forEach(t=>{t[0]?.on&&t[0]?.context()instanceof s.y&&t[0].on(e,t[1])})})}}o.isolatedBacklog||delete c[t],o.backlog[t]=null,o.emit(""drain-""+t,[])}}function g(e,t){var r=e[1];Object.values(t[r]||{}).forEach(t=>{var r=e[0];if(t[0]===r){var n=t[1],i=e[3],a=e[2];n.apply(i,a)}})}},1741:(e,t,r)=>{""use strict"";r.d(t,{W:()=>a});var n=r(944),i=r(4261);class a{#e(e,...t){if(this[e]!==a.prototype[e])return this[e](...t);(0,n.R)(35,e)}addPageAction(e,t){return this.#e(i.hG,e,t)}register(e){return this.#e(i.eY,e)}recordCustomEvent(e,t){return this.#e(i.fF,e,t)}setPageViewName(e,t){return this.#e(i.Fw,e,t)}setCustomAttribute(e,t,r){return this.#e(i.cD,e,t,r)}noticeError(e,t){return this.#e(i.o5,e,t)}setUserId(e){return this.#e(i",success
hip-hop,Feel Good Inc.,Gorillaz,Demon Days,3:41,"3,021,689","35,288,430",https://www.last.fm/music/Gorillaz/_/Feel+Good+Inc.,"
<!DOCTYPE html>

<html class=""no-js playbar-masthead-release-shim youtube-provider-not-ready"" lang=""en"">
<head>
<meta charset=""utf-8""/>
<meta content=""IE=edge"" http-equiv=""X-UA-Compatible""/><script type=""text/javascript"">window.NREUM||(NREUM={});NREUM.info={""beacon"":""bam.nr-data.net"",""errorBeacon"":""bam.nr-data.net"",""licenseKey"":""0ed0ce50b0"",""applicationID"":""5588594"",""transactionName"":""Y1BRbUUFWkMEWxYMV1oadUxZB0BZClZNCV5ZG0RcVUpDRxIWAxVIRxteTEQNVx4TUQcSSxpWUk1WCFtXEF1YMUpVVlgXUAFA"",""queueTime"":0,""applicationTime"":1274,""agent"":""""};
(window.NREUM||(NREUM={})).init={ajax:{deny_list:[""bam.nr-data.net""]}};(window.NREUM||(NREUM={})).loader_config={xpid:""UwYPV15QGwYFXFlXDgU="",licenseKey:""0ed0ce50b0"",applicationID:""5588594"",browserID:""5591142""};;/*! For license information please see nr-loader-full-1.302.0.min.js.LICENSE.txt */
(()=>{var e,t,r={384:(e,t,r)=>{""use strict"";r.d(t,{NT:()=>o,US:()=>u,Zm:()=>s,bQ:()=>d,dV:()=>c,pV:()=>l});var n=r(6154),i=r(1863),a=r(1910);const o={beacon:""bam.nr-data.net"",errorBeacon:""bam.nr-data.net""};function s(){return n.gm.NREUM||(n.gm.NREUM={}),void 0===n.gm.newrelic&&(n.gm.newrelic=n.gm.NREUM),n.gm.NREUM}function c(){let e=s();return e.o||(e.o={ST:n.gm.setTimeout,SI:n.gm.setImmediate||n.gm.setInterval,CT:n.gm.clearTimeout,XHR:n.gm.XMLHttpRequest,REQ:n.gm.Request,EV:n.gm.Event,PR:n.gm.Promise,MO:n.gm.MutationObserver,FETCH:n.gm.fetch,WS:n.gm.WebSocket},(0,a.i)(...Object.values(e.o))),e}function d(e,t){let r=s();r.initializedAgents??={},t.initializedAt={ms:(0,i.t)(),date:new Date},r.initializedAgents[e]=t}function u(e,t){s()[e]=t}function l(){return function(){let e=s();const t=e.info||{};e.info={beacon:o.beacon,errorBeacon:o.errorBeacon,...t}}(),function(){let e=s();const t=e.init||{};e.init={...t}}(),c(),function(){let e=s();const t=e.loader_config||{};e.loader_config={...t}}(),s()}},782:(e,t,r)=>{""use strict"";r.d(t,{T:()=>n});const n=r(860).K7.pageViewTiming},860:(e,t,r)=>{""use strict"";r.d(t,{$J:()=>u,K7:()=>c,P3:()=>d,XX:()=>i,Yy:()=>s,df:()=>a,qY:()=>n,v4:()=>o});const n=""events"",i=""jserrors"",a=""browser/blobs"",o=""rum"",s=""browser/logs"",c={ajax:""ajax"",genericEvents:""generic_events"",jserrors:i,logging:""logging"",metrics:""metrics"",pageAction:""page_action"",pageViewEvent:""page_view_event"",pageViewTiming:""page_view_timing"",sessionReplay:""session_replay"",sessionTrace:""session_trace"",softNav:""soft_navigations"",spa:""spa""},d={[c.pageViewEvent]:1,[c.pageViewTiming]:2,[c.metrics]:3,[c.jserrors]:4,[c.spa]:5,[c.ajax]:6,[c.sessionTrace]:7,[c.softNav]:8,[c.sessionReplay]:9,[c.logging]:10,[c.genericEvents]:11},u={[c.pageViewEvent]:o,[c.pageViewTiming]:n,[c.ajax]:n,[c.spa]:n,[c.softNav]:n,[c.metrics]:i,[c.jserrors]:i,[c.sessionTrace]:a,[c.sessionReplay]:a,[c.logging]:s,[c.genericEvents]:""ins""}},944:(e,t,r)=>{""use strict"";r.d(t,{R:()=>i});var n=r(3241);function i(e,t){""function""==typeof console.debug&&(console.debug(""New Relic Warning: https://github.com/newrelic/newrelic-browser-agent/blob/main/docs/warning-codes.md#"".concat(e),t),(0,n.W)({agentIdentifier:null,drained:null,type:""data"",name:""warn"",feature:""warn"",data:{code:e,secondary:t}}))}},993:(e,t,r)=>{""use strict"";r.d(t,{A$:()=>a,ET:()=>o,TZ:()=>s,p_:()=>i});var n=r(860);const i={ERROR:""ERROR"",WARN:""WARN"",INFO:""INFO"",DEBUG:""DEBUG"",TRACE:""TRACE""},a={OFF:0,ERROR:1,WARN:2,INFO:3,DEBUG:4,TRACE:5},o=""log"",s=n.K7.logging},1687:(e,t,r)=>{""use strict"";r.d(t,{Ak:()=>d,Ze:()=>f,x3:()=>u});var n=r(3241),i=r(7836),a=r(3606),o=r(860),s=r(2646);const c={};function d(e,t){const r={staged:!1,priority:o.P3[t]||0};l(e),c[e].get(t)||c[e].set(t,r)}function u(e,t){e&&c[e]&&(c[e].get(t)&&c[e].delete(t),p(e,t,!1),c[e].size&&h(e))}function l(e){if(!e)throw new Error(""agentIdentifier required"");c[e]||(c[e]=new Map)}function f(e="""",t=""feature"",r=!1){if(l(e),!e||!c[e].get(t)||r)return p(e,t);c[e].get(t).staged=!0,h(e)}function h(e){const t=Array.from(c[e]);t.every(([e,t])=>t.staged)&&(t.sort((e,t)=>e[1].priority-t[1].priority),t.forEach(([t])=>{c[e].delete(t),p(e,t)}))}function p(e,t,r=!0){const o=e?i.ee.get(e):i.ee,c=a.i.handlers;if(!o.aborted&&o.backlog&&c){if((0,n.W)({agentIdentifier:e,type:""lifecycle"",name:""drain"",feature:t}),r){const e=o.backlog[t],r=c[t];if(r){for(let t=0;e&&t<e.length;++t)g(e[t],r);Object.entries(r).forEach(([e,t])=>{Object.values(t||{}).forEach(t=>{t[0]?.on&&t[0]?.context()instanceof s.y&&t[0].on(e,t[1])})})}}o.isolatedBacklog||delete c[t],o.backlog[t]=null,o.emit(""drain-""+t,[])}}function g(e,t){var r=e[1];Object.values(t[r]||{}).forEach(t=>{var r=e[0];if(t[0]===r){var n=t[1],i=e[3],a=e[2];n.apply(i,a)}})}},1741:(e,t,r)=>{""use strict"";r.d(t,{W:()=>a});var n=r(944),i=r(4261);class a{#e(e,...t){if(this[e]!==a.prototype[e])return this[e](...t);(0,n.R)(35,e)}addPageAction(e,t){return this.#e(i.hG,e,t)}register(e){return this.#e(i.eY,e)}recordCustomEvent(e,t){return this.#e(i.fF,e,t)}setPageViewName(e,t){return this.#e(i.Fw,e,t)}setCustomAttribute(e,t,r){return this.#e(i.cD,e,t,r)}noticeError(e,t){return this.#e(i.o5,e,t)}setUserId(e){return this.#e(i",success
hip-hop,N/A,N/A,N/A,N/A,N/A,N/A,https://www.last.fm/music/Eminem/_/The+Real+Slim+Shady,N/A,502_error
hip-hop,N/A,N/A,N/A,N/A,N/A,N/A,https://www.last.fm/music/Gym+Class+Heroes/_/Stereo+Hearts+(feat.+Adam+Levine),N/A,502_error
hip-hop,N/A,N/A,N/A,N/A,N/A,N/A,https://www.last.fm/music/Kanye+West/_/Through+the+Wire,N/A,502_error
hip-hop,A.D.H.D,Kendrick Lamar,Section.80,3:35,"1,053,995","12,364,557",https://www.last.fm/music/Kendrick+Lamar/_/A.D.H.D,"
<!DOCTYPE html>

<html class=""no-js playbar-masthead-release-shim youtube-provider-not-ready"" lang=""en"">
<head>
<meta charset=""utf-8""/>
<meta content=""IE=edge"" http-equiv=""X-UA-Compatible""/><script type=""text/javascript"">window.NREUM||(NREUM={});NREUM.info={""beacon"":""bam.nr-data.net"",""errorBeacon"":""bam.nr-data.net"",""licenseKey"":""0ed0ce50b0"",""applicationID"":""5588594"",""transactionName"":""Y1BRbUUFWkMEWxYMV1oadUxZB0BZClZNCV5ZG0RcVUpDRxIWAxVIRxteTEQNVx4TUQcSSxpWUk1WCFtXEF1YMUpVVlgXUAFA"",""queueTime"":0,""applicationTime"":1265,""agent"":""""};
(window.NREUM||(NREUM={})).init={ajax:{deny_list:[""bam.nr-data.net""]}};(window.NREUM||(NREUM={})).loader_config={xpid:""UwYPV15QGwYFXFlXDgU="",licenseKey:""0ed0ce50b0"",applicationID:""5588594"",browserID:""5591142""};;/*! For license information please see nr-loader-full-1.302.0.min.js.LICENSE.txt */
(()=>{var e,t,r={384:(e,t,r)=>{""use strict"";r.d(t,{NT:()=>o,US:()=>u,Zm:()=>s,bQ:()=>d,dV:()=>c,pV:()=>l});var n=r(6154),i=r(1863),a=r(1910);const o={beacon:""bam.nr-data.net"",errorBeacon:""bam.nr-data.net""};function s(){return n.gm.NREUM||(n.gm.NREUM={}),void 0===n.gm.newrelic&&(n.gm.newrelic=n.gm.NREUM),n.gm.NREUM}function c(){let e=s();return e.o||(e.o={ST:n.gm.setTimeout,SI:n.gm.setImmediate||n.gm.setInterval,CT:n.gm.clearTimeout,XHR:n.gm.XMLHttpRequest,REQ:n.gm.Request,EV:n.gm.Event,PR:n.gm.Promise,MO:n.gm.MutationObserver,FETCH:n.gm.fetch,WS:n.gm.WebSocket},(0,a.i)(...Object.values(e.o))),e}function d(e,t){let r=s();r.initializedAgents??={},t.initializedAt={ms:(0,i.t)(),date:new Date},r.initializedAgents[e]=t}function u(e,t){s()[e]=t}function l(){return function(){let e=s();const t=e.info||{};e.info={beacon:o.beacon,errorBeacon:o.errorBeacon,...t}}(),function(){let e=s();const t=e.init||{};e.init={...t}}(),c(),function(){let e=s();const t=e.loader_config||{};e.loader_config={...t}}(),s()}},782:(e,t,r)=>{""use strict"";r.d(t,{T:()=>n});const n=r(860).K7.pageViewTiming},860:(e,t,r)=>{""use strict"";r.d(t,{$J:()=>u,K7:()=>c,P3:()=>d,XX:()=>i,Yy:()=>s,df:()=>a,qY:()=>n,v4:()=>o});const n=""events"",i=""jserrors"",a=""browser/blobs"",o=""rum"",s=""browser/logs"",c={ajax:""ajax"",genericEvents:""generic_events"",jserrors:i,logging:""logging"",metrics:""metrics"",pageAction:""page_action"",pageViewEvent:""page_view_event"",pageViewTiming:""page_view_timing"",sessionReplay:""session_replay"",sessionTrace:""session_trace"",softNav:""soft_navigations"",spa:""spa""},d={[c.pageViewEvent]:1,[c.pageViewTiming]:2,[c.metrics]:3,[c.jserrors]:4,[c.spa]:5,[c.ajax]:6,[c.sessionTrace]:7,[c.softNav]:8,[c.sessionReplay]:9,[c.logging]:10,[c.genericEvents]:11},u={[c.pageViewEvent]:o,[c.pageViewTiming]:n,[c.ajax]:n,[c.spa]:n,[c.softNav]:n,[c.metrics]:i,[c.jserrors]:i,[c.sessionTrace]:a,[c.sessionReplay]:a,[c.logging]:s,[c.genericEvents]:""ins""}},944:(e,t,r)=>{""use strict"";r.d(t,{R:()=>i});var n=r(3241);function i(e,t){""function""==typeof console.debug&&(console.debug(""New Relic Warning: https://github.com/newrelic/newrelic-browser-agent/blob/main/docs/warning-codes.md#"".concat(e),t),(0,n.W)({agentIdentifier:null,drained:null,type:""data"",name:""warn"",feature:""warn"",data:{code:e,secondary:t}}))}},993:(e,t,r)=>{""use strict"";r.d(t,{A$:()=>a,ET:()=>o,TZ:()=>s,p_:()=>i});var n=r(860);const i={ERROR:""ERROR"",WARN:""WARN"",INFO:""INFO"",DEBUG:""DEBUG"",TRACE:""TRACE""},a={OFF:0,ERROR:1,WARN:2,INFO:3,DEBUG:4,TRACE:5},o=""log"",s=n.K7.logging},1687:(e,t,r)=>{""use strict"";r.d(t,{Ak:()=>d,Ze:()=>f,x3:()=>u});var n=r(3241),i=r(7836),a=r(3606),o=r(860),s=r(2646);const c={};function d(e,t){const r={staged:!1,priority:o.P3[t]||0};l(e),c[e].get(t)||c[e].set(t,r)}function u(e,t){e&&c[e]&&(c[e].get(t)&&c[e].delete(t),p(e,t,!1),c[e].size&&h(e))}function l(e){if(!e)throw new Error(""agentIdentifier required"");c[e]||(c[e]=new Map)}function f(e="""",t=""feature"",r=!1){if(l(e),!e||!c[e].get(t)||r)return p(e,t);c[e].get(t).staged=!0,h(e)}function h(e){const t=Array.from(c[e]);t.every(([e,t])=>t.staged)&&(t.sort((e,t)=>e[1].priority-t[1].priority),t.forEach(([t])=>{c[e].delete(t),p(e,t)}))}function p(e,t,r=!0){const o=e?i.ee.get(e):i.ee,c=a.i.handlers;if(!o.aborted&&o.backlog&&c){if((0,n.W)({agentIdentifier:e,type:""lifecycle"",name:""drain"",feature:t}),r){const e=o.backlog[t],r=c[t];if(r){for(let t=0;e&&t<e.length;++t)g(e[t],r);Object.entries(r).forEach(([e,t])=>{Object.values(t||{}).forEach(t=>{t[0]?.on&&t[0]?.context()instanceof s.y&&t[0].on(e,t[1])})})}}o.isolatedBacklog||delete c[t],o.backlog[t]=null,o.emit(""drain-""+t,[])}}function g(e,t){var r=e[1];Object.values(t[r]||{}).forEach(t=>{var r=e[0];if(t[0]===r){var n=t[1],i=e[3],a=e[2];n.apply(i,a)}})}},1741:(e,t,r)=>{""use strict"";r.d(t,{W:()=>a});var n=r(944),i=r(4261);class a{#e(e,...t){if(this[e]!==a.prototype[e])return this[e](...t);(0,n.R)(35,e)}addPageAction(e,t){return this.#e(i.hG,e,t)}register(e){return this.#e(i.eY,e)}recordCustomEvent(e,t){return this.#e(i.fF,e,t)}setPageViewName(e,t){return this.#e(i.Fw,e,t)}setCustomAttribute(e,t,r){return this.#e(i.cD,e,t,r)}noticeError(e,t){return this.#e(i.o5,e,t)}setUserId(e){return this.#e(i",success
hip-hop,N/A,N/A,N/A,N/A,N/A,N/A,https://www.last.fm/music/Ice+Cube/_/It+Was+A+Good+Day,N/A,502_error
hip-hop,N/A,N/A,N/A,N/A,N/A,N/A,https://www.last.fm/music/Akon/_/Smack+That,N/A,502_error
hip-hop,N/A,N/A,N/A,N/A,N/A,N/A,https://www.last.fm/music/Kendrick+Lamar/_/HUMBLE.,N/A,502_error
indie,Sweater Weather,The Neighbourhood,I Love You.,3:59,"2,741,796","45,156,094",https://www.last.fm/music/The+Neighbourhood/_/Sweater+Weather,"
<!DOCTYPE html>

<html class=""no-js playbar-masthead-release-shim youtube-provider-not-ready"" lang=""en"">
<head>
<meta charset=""utf-8""/>
<meta content=""IE=edge"" http-equiv=""X-UA-Compatible""/><script type=""text/javascript"">window.NREUM||(NREUM={});NREUM.info={""beacon"":""bam.nr-data.net"",""errorBeacon"":""bam.nr-data.net"",""licenseKey"":""0ed0ce50b0"",""applicationID"":""5588594"",""transactionName"":""Y1BRbUUFWkMEWxYMV1oadUxZB0BZClZNCV5ZG0RcVUpDRxIWAxVIRxteTEQNVx4TUQcSSxpWUk1WCFtXEF1YMUpVVlgXUAFA"",""queueTime"":0,""applicationTime"":674,""agent"":""""};
(window.NREUM||(NREUM={})).init={ajax:{deny_list:[""bam.nr-data.net""]}};(window.NREUM||(NREUM={})).loader_config={xpid:""UwYPV15QGwYFXFlXDgU="",licenseKey:""0ed0ce50b0"",applicationID:""5588594"",browserID:""5591142""};;/*! For license information please see nr-loader-full-1.302.0.min.js.LICENSE.txt */
(()=>{var e,t,r={384:(e,t,r)=>{""use strict"";r.d(t,{NT:()=>o,US:()=>u,Zm:()=>s,bQ:()=>d,dV:()=>c,pV:()=>l});var n=r(6154),i=r(1863),a=r(1910);const o={beacon:""bam.nr-data.net"",errorBeacon:""bam.nr-data.net""};function s(){return n.gm.NREUM||(n.gm.NREUM={}),void 0===n.gm.newrelic&&(n.gm.newrelic=n.gm.NREUM),n.gm.NREUM}function c(){let e=s();return e.o||(e.o={ST:n.gm.setTimeout,SI:n.gm.setImmediate||n.gm.setInterval,CT:n.gm.clearTimeout,XHR:n.gm.XMLHttpRequest,REQ:n.gm.Request,EV:n.gm.Event,PR:n.gm.Promise,MO:n.gm.MutationObserver,FETCH:n.gm.fetch,WS:n.gm.WebSocket},(0,a.i)(...Object.values(e.o))),e}function d(e,t){let r=s();r.initializedAgents??={},t.initializedAt={ms:(0,i.t)(),date:new Date},r.initializedAgents[e]=t}function u(e,t){s()[e]=t}function l(){return function(){let e=s();const t=e.info||{};e.info={beacon:o.beacon,errorBeacon:o.errorBeacon,...t}}(),function(){let e=s();const t=e.init||{};e.init={...t}}(),c(),function(){let e=s();const t=e.loader_config||{};e.loader_config={...t}}(),s()}},782:(e,t,r)=>{""use strict"";r.d(t,{T:()=>n});const n=r(860).K7.pageViewTiming},860:(e,t,r)=>{""use strict"";r.d(t,{$J:()=>u,K7:()=>c,P3:()=>d,XX:()=>i,Yy:()=>s,df:()=>a,qY:()=>n,v4:()=>o});const n=""events"",i=""jserrors"",a=""browser/blobs"",o=""rum"",s=""browser/logs"",c={ajax:""ajax"",genericEvents:""generic_events"",jserrors:i,logging:""logging"",metrics:""metrics"",pageAction:""page_action"",pageViewEvent:""page_view_event"",pageViewTiming:""page_view_timing"",sessionReplay:""session_replay"",sessionTrace:""session_trace"",softNav:""soft_navigations"",spa:""spa""},d={[c.pageViewEvent]:1,[c.pageViewTiming]:2,[c.metrics]:3,[c.jserrors]:4,[c.spa]:5,[c.ajax]:6,[c.sessionTrace]:7,[c.softNav]:8,[c.sessionReplay]:9,[c.logging]:10,[c.genericEvents]:11},u={[c.pageViewEvent]:o,[c.pageViewTiming]:n,[c.ajax]:n,[c.spa]:n,[c.softNav]:n,[c.metrics]:i,[c.jserrors]:i,[c.sessionTrace]:a,[c.sessionReplay]:a,[c.logging]:s,[c.genericEvents]:""ins""}},944:(e,t,r)=>{""use strict"";r.d(t,{R:()=>i});var n=r(3241);function i(e,t){""function""==typeof console.debug&&(console.debug(""New Relic Warning: https://github.com/newrelic/newrelic-browser-agent/blob/main/docs/warning-codes.md#"".concat(e),t),(0,n.W)({agentIdentifier:null,drained:null,type:""data"",name:""warn"",feature:""warn"",data:{code:e,secondary:t}}))}},993:(e,t,r)=>{""use strict"";r.d(t,{A$:()=>a,ET:()=>o,TZ:()=>s,p_:()=>i});var n=r(860);const i={ERROR:""ERROR"",WARN:""WARN"",INFO:""INFO"",DEBUG:""DEBUG"",TRACE:""TRACE""},a={OFF:0,ERROR:1,WARN:2,INFO:3,DEBUG:4,TRACE:5},o=""log"",s=n.K7.logging},1687:(e,t,r)=>{""use strict"";r.d(t,{Ak:()=>d,Ze:()=>f,x3:()=>u});var n=r(3241),i=r(7836),a=r(3606),o=r(860),s=r(2646);const c={};function d(e,t){const r={staged:!1,priority:o.P3[t]||0};l(e),c[e].get(t)||c[e].set(t,r)}function u(e,t){e&&c[e]&&(c[e].get(t)&&c[e].delete(t),p(e,t,!1),c[e].size&&h(e))}function l(e){if(!e)throw new Error(""agentIdentifier required"");c[e]||(c[e]=new Map)}function f(e="""",t=""feature"",r=!1){if(l(e),!e||!c[e].get(t)||r)return p(e,t);c[e].get(t).staged=!0,h(e)}function h(e){const t=Array.from(c[e]);t.every(([e,t])=>t.staged)&&(t.sort((e,t)=>e[1].priority-t[1].priority),t.forEach(([t])=>{c[e].delete(t),p(e,t)}))}function p(e,t,r=!0){const o=e?i.ee.get(e):i.ee,c=a.i.handlers;if(!o.aborted&&o.backlog&&c){if((0,n.W)({agentIdentifier:e,type:""lifecycle"",name:""drain"",feature:t}),r){const e=o.backlog[t],r=c[t];if(r){for(let t=0;e&&t<e.length;++t)g(e[t],r);Object.entries(r).forEach(([e,t])=>{Object.values(t||{}).forEach(t=>{t[0]?.on&&t[0]?.context()instanceof s.y&&t[0].on(e,t[1])})})}}o.isolatedBacklog||delete c[t],o.backlog[t]=null,o.emit(""drain-""+t,[])}}function g(e,t){var r=e[1];Object.values(t[r]||{}).forEach(t=>{var r=e[0];if(t[0]===r){var n=t[1],i=e[3],a=e[2];n.apply(i,a)}})}},1741:(e,t,r)=>{""use strict"";r.d(t,{W:()=>a});var n=r(944),i=r(4261);class a{#e(e,...t){if(this[e]!==a.prototype[e])return this[e](...t);(0,n.R)(35,e)}addPageAction(e,t){return this.#e(i.hG,e,t)}register(e){return this.#e(i.eY,e)}recordCustomEvent(e,t){return this.#e(i.fF,e,t)}setPageViewName(e,t){return this.#e(i.Fw,e,t)}setCustomAttribute(e,t,r){return this.#e(i.cD,e,t,r)}noticeError(e,t){return this.#e(i.o5,e,t)}setUserId(e){return this.#e(i.",success
indie,A Little Death,The Neighbourhood,"Thank You,",3:29,"597,071","7,253,428",https://www.last.fm/music/The+Neighbourhood/_/A+Little+Death,"
<!DOCTYPE html>

<html class=""no-js playbar-masthead-release-shim youtube-provider-not-ready"" lang=""en"">
<head>
<meta charset=""utf-8""/>
<meta content=""IE=edge"" http-equiv=""X-UA-Compatible""/><script type=""text/javascript"">window.NREUM||(NREUM={});NREUM.info={""beacon"":""bam.nr-data.net"",""errorBeacon"":""bam.nr-data.net"",""licenseKey"":""0ed0ce50b0"",""applicationID"":""5588594"",""transactionName"":""Y1BRbUUFWkMEWxYMV1oadUxZB0BZClZNCV5ZG0RcVUpDRxIWAxVIRxteTEQNVx4TUQcSSxpWUk1WCFtXEF1YMUpVVlgXUAFA"",""queueTime"":0,""applicationTime"":646,""agent"":""""};
(window.NREUM||(NREUM={})).init={ajax:{deny_list:[""bam.nr-data.net""]}};(window.NREUM||(NREUM={})).loader_config={xpid:""UwYPV15QGwYFXFlXDgU="",licenseKey:""0ed0ce50b0"",applicationID:""5588594"",browserID:""5591142""};;/*! For license information please see nr-loader-full-1.302.0.min.js.LICENSE.txt */
(()=>{var e,t,r={384:(e,t,r)=>{""use strict"";r.d(t,{NT:()=>o,US:()=>u,Zm:()=>s,bQ:()=>d,dV:()=>c,pV:()=>l});var n=r(6154),i=r(1863),a=r(1910);const o={beacon:""bam.nr-data.net"",errorBeacon:""bam.nr-data.net""};function s(){return n.gm.NREUM||(n.gm.NREUM={}),void 0===n.gm.newrelic&&(n.gm.newrelic=n.gm.NREUM),n.gm.NREUM}function c(){let e=s();return e.o||(e.o={ST:n.gm.setTimeout,SI:n.gm.setImmediate||n.gm.setInterval,CT:n.gm.clearTimeout,XHR:n.gm.XMLHttpRequest,REQ:n.gm.Request,EV:n.gm.Event,PR:n.gm.Promise,MO:n.gm.MutationObserver,FETCH:n.gm.fetch,WS:n.gm.WebSocket},(0,a.i)(...Object.values(e.o))),e}function d(e,t){let r=s();r.initializedAgents??={},t.initializedAt={ms:(0,i.t)(),date:new Date},r.initializedAgents[e]=t}function u(e,t){s()[e]=t}function l(){return function(){let e=s();const t=e.info||{};e.info={beacon:o.beacon,errorBeacon:o.errorBeacon,...t}}(),function(){let e=s();const t=e.init||{};e.init={...t}}(),c(),function(){let e=s();const t=e.loader_config||{};e.loader_config={...t}}(),s()}},782:(e,t,r)=>{""use strict"";r.d(t,{T:()=>n});const n=r(860).K7.pageViewTiming},860:(e,t,r)=>{""use strict"";r.d(t,{$J:()=>u,K7:()=>c,P3:()=>d,XX:()=>i,Yy:()=>s,df:()=>a,qY:()=>n,v4:()=>o});const n=""events"",i=""jserrors"",a=""browser/blobs"",o=""rum"",s=""browser/logs"",c={ajax:""ajax"",genericEvents:""generic_events"",jserrors:i,logging:""logging"",metrics:""metrics"",pageAction:""page_action"",pageViewEvent:""page_view_event"",pageViewTiming:""page_view_timing"",sessionReplay:""session_replay"",sessionTrace:""session_trace"",softNav:""soft_navigations"",spa:""spa""},d={[c.pageViewEvent]:1,[c.pageViewTiming]:2,[c.metrics]:3,[c.jserrors]:4,[c.spa]:5,[c.ajax]:6,[c.sessionTrace]:7,[c.softNav]:8,[c.sessionReplay]:9,[c.logging]:10,[c.genericEvents]:11},u={[c.pageViewEvent]:o,[c.pageViewTiming]:n,[c.ajax]:n,[c.spa]:n,[c.softNav]:n,[c.metrics]:i,[c.jserrors]:i,[c.sessionTrace]:a,[c.sessionReplay]:a,[c.logging]:s,[c.genericEvents]:""ins""}},944:(e,t,r)=>{""use strict"";r.d(t,{R:()=>i});var n=r(3241);function i(e,t){""function""==typeof console.debug&&(console.debug(""New Relic Warning: https://github.com/newrelic/newrelic-browser-agent/blob/main/docs/warning-codes.md#"".concat(e),t),(0,n.W)({agentIdentifier:null,drained:null,type:""data"",name:""warn"",feature:""warn"",data:{code:e,secondary:t}}))}},993:(e,t,r)=>{""use strict"";r.d(t,{A$:()=>a,ET:()=>o,TZ:()=>s,p_:()=>i});var n=r(860);const i={ERROR:""ERROR"",WARN:""WARN"",INFO:""INFO"",DEBUG:""DEBUG"",TRACE:""TRACE""},a={OFF:0,ERROR:1,WARN:2,INFO:3,DEBUG:4,TRACE:5},o=""log"",s=n.K7.logging},1687:(e,t,r)=>{""use strict"";r.d(t,{Ak:()=>d,Ze:()=>f,x3:()=>u});var n=r(3241),i=r(7836),a=r(3606),o=r(860),s=r(2646);const c={};function d(e,t){const r={staged:!1,priority:o.P3[t]||0};l(e),c[e].get(t)||c[e].set(t,r)}function u(e,t){e&&c[e]&&(c[e].get(t)&&c[e].delete(t),p(e,t,!1),c[e].size&&h(e))}function l(e){if(!e)throw new Error(""agentIdentifier required"");c[e]||(c[e]=new Map)}function f(e="""",t=""feature"",r=!1){if(l(e),!e||!c[e].get(t)||r)return p(e,t);c[e].get(t).staged=!0,h(e)}function h(e){const t=Array.from(c[e]);t.every(([e,t])=>t.staged)&&(t.sort((e,t)=>e[1].priority-t[1].priority),t.forEach(([t])=>{c[e].delete(t),p(e,t)}))}function p(e,t,r=!0){const o=e?i.ee.get(e):i.ee,c=a.i.handlers;if(!o.aborted&&o.backlog&&c){if((0,n.W)({agentIdentifier:e,type:""lifecycle"",name:""drain"",feature:t}),r){const e=o.backlog[t],r=c[t];if(r){for(let t=0;e&&t<e.length;++t)g(e[t],r);Object.entries(r).forEach(([e,t])=>{Object.values(t||{}).forEach(t=>{t[0]?.on&&t[0]?.context()instanceof s.y&&t[0].on(e,t[1])})})}}o.isolatedBacklog||delete c[t],o.backlog[t]=null,o.emit(""drain-""+t,[])}}function g(e,t){var r=e[1];Object.values(t[r]||{}).forEach(t=>{var r=e[0];if(t[0]===r){var n=t[1],i=e[3],a=e[2];n.apply(i,a)}})}},1741:(e,t,r)=>{""use strict"";r.d(t,{W:()=>a});var n=r(944),i=r(4261);class a{#e(e,...t){if(this[e]!==a.prototype[e])return this[e](...t);(0,n.R)(35,e)}addPageAction(e,t){return this.#e(i.hG,e,t)}register(e){return this.#e(i.eY,e)}recordCustomEvent(e,t){return this.#e(i.fF,e,t)}setPageViewName(e,t){return this.#e(i.Fw,e,t)}setCustomAttribute(e,t,r){return this.#e(i.cD,e,t,r)}noticeError(e,t){return this.#e(i.o5,e,t)}setUserId(e){return this.#e(i.",success
indie,Why'd You Only Call Me When You're High?,Arctic Monkeys,AM,2:41,"2,508,987","38,147,176",https://www.last.fm/music/Arctic+Monkeys/_/Why%27d+You+Only+Call+Me+When+You%27re+High%3F,"
<!DOCTYPE html>

<html class=""no-js playbar-masthead-release-shim youtube-provider-not-ready"" lang=""en"">
<head>
<meta charset=""utf-8""/>
<meta content=""IE=edge"" http-equiv=""X-UA-Compatible""/><script type=""text/javascript"">window.NREUM||(NREUM={});NREUM.info={""beacon"":""bam.nr-data.net"",""errorBeacon"":""bam.nr-data.net"",""licenseKey"":""0ed0ce50b0"",""applicationID"":""5588594"",""transactionName"":""Y1BRbUUFWkMEWxYMV1oadUxZB0BZClZNCV5ZG0RcVUpDRxIWAxVIRxteTEQNVx4TUQcSSxpWUk1WCFtXEF1YMUpVVlgXUAFA"",""queueTime"":0,""applicationTime"":1515,""agent"":""""};
(window.NREUM||(NREUM={})).init={ajax:{deny_list:[""bam.nr-data.net""]}};(window.NREUM||(NREUM={})).loader_config={xpid:""UwYPV15QGwYFXFlXDgU="",licenseKey:""0ed0ce50b0"",applicationID:""5588594"",browserID:""5591142""};;/*! For license information please see nr-loader-full-1.302.0.min.js.LICENSE.txt */
(()=>{var e,t,r={384:(e,t,r)=>{""use strict"";r.d(t,{NT:()=>o,US:()=>u,Zm:()=>s,bQ:()=>d,dV:()=>c,pV:()=>l});var n=r(6154),i=r(1863),a=r(1910);const o={beacon:""bam.nr-data.net"",errorBeacon:""bam.nr-data.net""};function s(){return n.gm.NREUM||(n.gm.NREUM={}),void 0===n.gm.newrelic&&(n.gm.newrelic=n.gm.NREUM),n.gm.NREUM}function c(){let e=s();return e.o||(e.o={ST:n.gm.setTimeout,SI:n.gm.setImmediate||n.gm.setInterval,CT:n.gm.clearTimeout,XHR:n.gm.XMLHttpRequest,REQ:n.gm.Request,EV:n.gm.Event,PR:n.gm.Promise,MO:n.gm.MutationObserver,FETCH:n.gm.fetch,WS:n.gm.WebSocket},(0,a.i)(...Object.values(e.o))),e}function d(e,t){let r=s();r.initializedAgents??={},t.initializedAt={ms:(0,i.t)(),date:new Date},r.initializedAgents[e]=t}function u(e,t){s()[e]=t}function l(){return function(){let e=s();const t=e.info||{};e.info={beacon:o.beacon,errorBeacon:o.errorBeacon,...t}}(),function(){let e=s();const t=e.init||{};e.init={...t}}(),c(),function(){let e=s();const t=e.loader_config||{};e.loader_config={...t}}(),s()}},782:(e,t,r)=>{""use strict"";r.d(t,{T:()=>n});const n=r(860).K7.pageViewTiming},860:(e,t,r)=>{""use strict"";r.d(t,{$J:()=>u,K7:()=>c,P3:()=>d,XX:()=>i,Yy:()=>s,df:()=>a,qY:()=>n,v4:()=>o});const n=""events"",i=""jserrors"",a=""browser/blobs"",o=""rum"",s=""browser/logs"",c={ajax:""ajax"",genericEvents:""generic_events"",jserrors:i,logging:""logging"",metrics:""metrics"",pageAction:""page_action"",pageViewEvent:""page_view_event"",pageViewTiming:""page_view_timing"",sessionReplay:""session_replay"",sessionTrace:""session_trace"",softNav:""soft_navigations"",spa:""spa""},d={[c.pageViewEvent]:1,[c.pageViewTiming]:2,[c.metrics]:3,[c.jserrors]:4,[c.spa]:5,[c.ajax]:6,[c.sessionTrace]:7,[c.softNav]:8,[c.sessionReplay]:9,[c.logging]:10,[c.genericEvents]:11},u={[c.pageViewEvent]:o,[c.pageViewTiming]:n,[c.ajax]:n,[c.spa]:n,[c.softNav]:n,[c.metrics]:i,[c.jserrors]:i,[c.sessionTrace]:a,[c.sessionReplay]:a,[c.logging]:s,[c.genericEvents]:""ins""}},944:(e,t,r)=>{""use strict"";r.d(t,{R:()=>i});var n=r(3241);function i(e,t){""function""==typeof console.debug&&(console.debug(""New Relic Warning: https://github.com/newrelic/newrelic-browser-agent/blob/main/docs/warning-codes.md#"".concat(e),t),(0,n.W)({agentIdentifier:null,drained:null,type:""data"",name:""warn"",feature:""warn"",data:{code:e,secondary:t}}))}},993:(e,t,r)=>{""use strict"";r.d(t,{A$:()=>a,ET:()=>o,TZ:()=>s,p_:()=>i});var n=r(860);const i={ERROR:""ERROR"",WARN:""WARN"",INFO:""INFO"",DEBUG:""DEBUG"",TRACE:""TRACE""},a={OFF:0,ERROR:1,WARN:2,INFO:3,DEBUG:4,TRACE:5},o=""log"",s=n.K7.logging},1687:(e,t,r)=>{""use strict"";r.d(t,{Ak:()=>d,Ze:()=>f,x3:()=>u});var n=r(3241),i=r(7836),a=r(3606),o=r(860),s=r(2646);const c={};function d(e,t){const r={staged:!1,priority:o.P3[t]||0};l(e),c[e].get(t)||c[e].set(t,r)}function u(e,t){e&&c[e]&&(c[e].get(t)&&c[e].delete(t),p(e,t,!1),c[e].size&&h(e))}function l(e){if(!e)throw new Error(""agentIdentifier required"");c[e]||(c[e]=new Map)}function f(e="""",t=""feature"",r=!1){if(l(e),!e||!c[e].get(t)||r)return p(e,t);c[e].get(t).staged=!0,h(e)}function h(e){const t=Array.from(c[e]);t.every(([e,t])=>t.staged)&&(t.sort((e,t)=>e[1].priority-t[1].priority),t.forEach(([t])=>{c[e].delete(t),p(e,t)}))}function p(e,t,r=!0){const o=e?i.ee.get(e):i.ee,c=a.i.handlers;if(!o.aborted&&o.backlog&&c){if((0,n.W)({agentIdentifier:e,type:""lifecycle"",name:""drain"",feature:t}),r){const e=o.backlog[t],r=c[t];if(r){for(let t=0;e&&t<e.length;++t)g(e[t],r);Object.entries(r).forEach(([e,t])=>{Object.values(t||{}).forEach(t=>{t[0]?.on&&t[0]?.context()instanceof s.y&&t[0].on(e,t[1])})})}}o.isolatedBacklog||delete c[t],o.backlog[t]=null,o.emit(""drain-""+t,[])}}function g(e,t){var r=e[1];Object.values(t[r]||{}).forEach(t=>{var r=e[0];if(t[0]===r){var n=t[1],i=e[3],a=e[2];n.apply(i,a)}})}},1741:(e,t,r)=>{""use strict"";r.d(t,{W:()=>a});var n=r(944),i=r(4261);class a{#e(e,...t){if(this[e]!==a.prototype[e])return this[e](...t);(0,n.R)(35,e)}addPageAction(e,t){return this.#e(i.hG,e,t)}register(e){return this.#e(i.eY,e)}recordCustomEvent(e,t){return this.#e(i.fF,e,t)}setPageViewName(e,t){return this.#e(i.Fw,e,t)}setCustomAttribute(e,t,r){return this.#e(i.cD,e,t,r)}noticeError(e,t){return this.#e(i.o5,e,t)}setUserId(e){return this.#e(i",success
indie,505,Arctic Monkeys,Favourite Worst Nightmare,5:05,"2,800,789","52,266,937",https://www.last.fm/music/Arctic+Monkeys/_/505,"
<!DOCTYPE html>

<html class=""no-js playbar-masthead-release-shim youtube-provider-not-ready"" lang=""en"">
<head>
<meta charset=""utf-8""/>
<meta content=""IE=edge"" http-equiv=""X-UA-Compatible""/><script type=""text/javascript"">window.NREUM||(NREUM={});NREUM.info={""beacon"":""bam.nr-data.net"",""errorBeacon"":""bam.nr-data.net"",""licenseKey"":""0ed0ce50b0"",""applicationID"":""5588594"",""transactionName"":""Y1BRbUUFWkMEWxYMV1oadUxZB0BZClZNCV5ZG0RcVUpDRxIWAxVIRxteTEQNVx4TUQcSSxpWUk1WCFtXEF1YMUpVVlgXUAFA"",""queueTime"":0,""applicationTime"":675,""agent"":""""};
(window.NREUM||(NREUM={})).init={ajax:{deny_list:[""bam.nr-data.net""]}};(window.NREUM||(NREUM={})).loader_config={xpid:""UwYPV15QGwYFXFlXDgU="",licenseKey:""0ed0ce50b0"",applicationID:""5588594"",browserID:""5591142""};;/*! For license information please see nr-loader-full-1.302.0.min.js.LICENSE.txt */
(()=>{var e,t,r={384:(e,t,r)=>{""use strict"";r.d(t,{NT:()=>o,US:()=>u,Zm:()=>s,bQ:()=>d,dV:()=>c,pV:()=>l});var n=r(6154),i=r(1863),a=r(1910);const o={beacon:""bam.nr-data.net"",errorBeacon:""bam.nr-data.net""};function s(){return n.gm.NREUM||(n.gm.NREUM={}),void 0===n.gm.newrelic&&(n.gm.newrelic=n.gm.NREUM),n.gm.NREUM}function c(){let e=s();return e.o||(e.o={ST:n.gm.setTimeout,SI:n.gm.setImmediate||n.gm.setInterval,CT:n.gm.clearTimeout,XHR:n.gm.XMLHttpRequest,REQ:n.gm.Request,EV:n.gm.Event,PR:n.gm.Promise,MO:n.gm.MutationObserver,FETCH:n.gm.fetch,WS:n.gm.WebSocket},(0,a.i)(...Object.values(e.o))),e}function d(e,t){let r=s();r.initializedAgents??={},t.initializedAt={ms:(0,i.t)(),date:new Date},r.initializedAgents[e]=t}function u(e,t){s()[e]=t}function l(){return function(){let e=s();const t=e.info||{};e.info={beacon:o.beacon,errorBeacon:o.errorBeacon,...t}}(),function(){let e=s();const t=e.init||{};e.init={...t}}(),c(),function(){let e=s();const t=e.loader_config||{};e.loader_config={...t}}(),s()}},782:(e,t,r)=>{""use strict"";r.d(t,{T:()=>n});const n=r(860).K7.pageViewTiming},860:(e,t,r)=>{""use strict"";r.d(t,{$J:()=>u,K7:()=>c,P3:()=>d,XX:()=>i,Yy:()=>s,df:()=>a,qY:()=>n,v4:()=>o});const n=""events"",i=""jserrors"",a=""browser/blobs"",o=""rum"",s=""browser/logs"",c={ajax:""ajax"",genericEvents:""generic_events"",jserrors:i,logging:""logging"",metrics:""metrics"",pageAction:""page_action"",pageViewEvent:""page_view_event"",pageViewTiming:""page_view_timing"",sessionReplay:""session_replay"",sessionTrace:""session_trace"",softNav:""soft_navigations"",spa:""spa""},d={[c.pageViewEvent]:1,[c.pageViewTiming]:2,[c.metrics]:3,[c.jserrors]:4,[c.spa]:5,[c.ajax]:6,[c.sessionTrace]:7,[c.softNav]:8,[c.sessionReplay]:9,[c.logging]:10,[c.genericEvents]:11},u={[c.pageViewEvent]:o,[c.pageViewTiming]:n,[c.ajax]:n,[c.spa]:n,[c.softNav]:n,[c.metrics]:i,[c.jserrors]:i,[c.sessionTrace]:a,[c.sessionReplay]:a,[c.logging]:s,[c.genericEvents]:""ins""}},944:(e,t,r)=>{""use strict"";r.d(t,{R:()=>i});var n=r(3241);function i(e,t){""function""==typeof console.debug&&(console.debug(""New Relic Warning: https://github.com/newrelic/newrelic-browser-agent/blob/main/docs/warning-codes.md#"".concat(e),t),(0,n.W)({agentIdentifier:null,drained:null,type:""data"",name:""warn"",feature:""warn"",data:{code:e,secondary:t}}))}},993:(e,t,r)=>{""use strict"";r.d(t,{A$:()=>a,ET:()=>o,TZ:()=>s,p_:()=>i});var n=r(860);const i={ERROR:""ERROR"",WARN:""WARN"",INFO:""INFO"",DEBUG:""DEBUG"",TRACE:""TRACE""},a={OFF:0,ERROR:1,WARN:2,INFO:3,DEBUG:4,TRACE:5},o=""log"",s=n.K7.logging},1687:(e,t,r)=>{""use strict"";r.d(t,{Ak:()=>d,Ze:()=>f,x3:()=>u});var n=r(3241),i=r(7836),a=r(3606),o=r(860),s=r(2646);const c={};function d(e,t){const r={staged:!1,priority:o.P3[t]||0};l(e),c[e].get(t)||c[e].set(t,r)}function u(e,t){e&&c[e]&&(c[e].get(t)&&c[e].delete(t),p(e,t,!1),c[e].size&&h(e))}function l(e){if(!e)throw new Error(""agentIdentifier required"");c[e]||(c[e]=new Map)}function f(e="""",t=""feature"",r=!1){if(l(e),!e||!c[e].get(t)||r)return p(e,t);c[e].get(t).staged=!0,h(e)}function h(e){const t=Array.from(c[e]);t.every(([e,t])=>t.staged)&&(t.sort((e,t)=>e[1].priority-t[1].priority),t.forEach(([t])=>{c[e].delete(t),p(e,t)}))}function p(e,t,r=!0){const o=e?i.ee.get(e):i.ee,c=a.i.handlers;if(!o.aborted&&o.backlog&&c){if((0,n.W)({agentIdentifier:e,type:""lifecycle"",name:""drain"",feature:t}),r){const e=o.backlog[t],r=c[t];if(r){for(let t=0;e&&t<e.length;++t)g(e[t],r);Object.entries(r).forEach(([e,t])=>{Object.values(t||{}).forEach(t=>{t[0]?.on&&t[0]?.context()instanceof s.y&&t[0].on(e,t[1])})})}}o.isolatedBacklog||delete c[t],o.backlog[t]=null,o.emit(""drain-""+t,[])}}function g(e,t){var r=e[1];Object.values(t[r]||{}).forEach(t=>{var r=e[0];if(t[0]===r){var n=t[1],i=e[3],a=e[2];n.apply(i,a)}})}},1741:(e,t,r)=>{""use strict"";r.d(t,{W:()=>a});var n=r(944),i=r(4261);class a{#e(e,...t){if(this[e]!==a.prototype[e])return this[e](...t);(0,n.R)(35,e)}addPageAction(e,t){return this.#e(i.hG,e,t)}register(e){return this.#e(i.eY,e)}recordCustomEvent(e,t){return this.#e(i.fF,e,t)}setPageViewName(e,t){return this.#e(i.Fw,e,t)}setCustomAttribute(e,t,r){return this.#e(i.cD,e,t,r)}noticeError(e,t){return this.#e(i.o5,e,t)}setUserId(e){return this.#e(i.",success
indie,Take Me to Church,Hozier,Hozier,4:03,"2,092,607","26,107,516",https://www.last.fm/music/Hozier/_/Take+Me+to+Church,"
<!DOCTYPE html>

<html class=""no-js playbar-masthead-release-shim youtube-provider-not-ready"" lang=""en"">
<head>
<meta charset=""utf-8""/>
<meta content=""IE=edge"" http-equiv=""X-UA-Compatible""/><script type=""text/javascript"">window.NREUM||(NREUM={});NREUM.info={""beacon"":""bam.nr-data.net"",""errorBeacon"":""bam.nr-data.net"",""licenseKey"":""0ed0ce50b0"",""applicationID"":""5588594"",""transactionName"":""Y1BRbUUFWkMEWxYMV1oadUxZB0BZClZNCV5ZG0RcVUpDRxIWAxVIRxteTEQNVx4TUQcSSxpWUk1WCFtXEF1YMUpVVlgXUAFA"",""queueTime"":0,""applicationTime"":639,""agent"":""""};
(window.NREUM||(NREUM={})).init={ajax:{deny_list:[""bam.nr-data.net""]}};(window.NREUM||(NREUM={})).loader_config={xpid:""UwYPV15QGwYFXFlXDgU="",licenseKey:""0ed0ce50b0"",applicationID:""5588594"",browserID:""5591142""};;/*! For license information please see nr-loader-full-1.302.0.min.js.LICENSE.txt */
(()=>{var e,t,r={384:(e,t,r)=>{""use strict"";r.d(t,{NT:()=>o,US:()=>u,Zm:()=>s,bQ:()=>d,dV:()=>c,pV:()=>l});var n=r(6154),i=r(1863),a=r(1910);const o={beacon:""bam.nr-data.net"",errorBeacon:""bam.nr-data.net""};function s(){return n.gm.NREUM||(n.gm.NREUM={}),void 0===n.gm.newrelic&&(n.gm.newrelic=n.gm.NREUM),n.gm.NREUM}function c(){let e=s();return e.o||(e.o={ST:n.gm.setTimeout,SI:n.gm.setImmediate||n.gm.setInterval,CT:n.gm.clearTimeout,XHR:n.gm.XMLHttpRequest,REQ:n.gm.Request,EV:n.gm.Event,PR:n.gm.Promise,MO:n.gm.MutationObserver,FETCH:n.gm.fetch,WS:n.gm.WebSocket},(0,a.i)(...Object.values(e.o))),e}function d(e,t){let r=s();r.initializedAgents??={},t.initializedAt={ms:(0,i.t)(),date:new Date},r.initializedAgents[e]=t}function u(e,t){s()[e]=t}function l(){return function(){let e=s();const t=e.info||{};e.info={beacon:o.beacon,errorBeacon:o.errorBeacon,...t}}(),function(){let e=s();const t=e.init||{};e.init={...t}}(),c(),function(){let e=s();const t=e.loader_config||{};e.loader_config={...t}}(),s()}},782:(e,t,r)=>{""use strict"";r.d(t,{T:()=>n});const n=r(860).K7.pageViewTiming},860:(e,t,r)=>{""use strict"";r.d(t,{$J:()=>u,K7:()=>c,P3:()=>d,XX:()=>i,Yy:()=>s,df:()=>a,qY:()=>n,v4:()=>o});const n=""events"",i=""jserrors"",a=""browser/blobs"",o=""rum"",s=""browser/logs"",c={ajax:""ajax"",genericEvents:""generic_events"",jserrors:i,logging:""logging"",metrics:""metrics"",pageAction:""page_action"",pageViewEvent:""page_view_event"",pageViewTiming:""page_view_timing"",sessionReplay:""session_replay"",sessionTrace:""session_trace"",softNav:""soft_navigations"",spa:""spa""},d={[c.pageViewEvent]:1,[c.pageViewTiming]:2,[c.metrics]:3,[c.jserrors]:4,[c.spa]:5,[c.ajax]:6,[c.sessionTrace]:7,[c.softNav]:8,[c.sessionReplay]:9,[c.logging]:10,[c.genericEvents]:11},u={[c.pageViewEvent]:o,[c.pageViewTiming]:n,[c.ajax]:n,[c.spa]:n,[c.softNav]:n,[c.metrics]:i,[c.jserrors]:i,[c.sessionTrace]:a,[c.sessionReplay]:a,[c.logging]:s,[c.genericEvents]:""ins""}},944:(e,t,r)=>{""use strict"";r.d(t,{R:()=>i});var n=r(3241);function i(e,t){""function""==typeof console.debug&&(console.debug(""New Relic Warning: https://github.com/newrelic/newrelic-browser-agent/blob/main/docs/warning-codes.md#"".concat(e),t),(0,n.W)({agentIdentifier:null,drained:null,type:""data"",name:""warn"",feature:""warn"",data:{code:e,secondary:t}}))}},993:(e,t,r)=>{""use strict"";r.d(t,{A$:()=>a,ET:()=>o,TZ:()=>s,p_:()=>i});var n=r(860);const i={ERROR:""ERROR"",WARN:""WARN"",INFO:""INFO"",DEBUG:""DEBUG"",TRACE:""TRACE""},a={OFF:0,ERROR:1,WARN:2,INFO:3,DEBUG:4,TRACE:5},o=""log"",s=n.K7.logging},1687:(e,t,r)=>{""use strict"";r.d(t,{Ak:()=>d,Ze:()=>f,x3:()=>u});var n=r(3241),i=r(7836),a=r(3606),o=r(860),s=r(2646);const c={};function d(e,t){const r={staged:!1,priority:o.P3[t]||0};l(e),c[e].get(t)||c[e].set(t,r)}function u(e,t){e&&c[e]&&(c[e].get(t)&&c[e].delete(t),p(e,t,!1),c[e].size&&h(e))}function l(e){if(!e)throw new Error(""agentIdentifier required"");c[e]||(c[e]=new Map)}function f(e="""",t=""feature"",r=!1){if(l(e),!e||!c[e].get(t)||r)return p(e,t);c[e].get(t).staged=!0,h(e)}function h(e){const t=Array.from(c[e]);t.every(([e,t])=>t.staged)&&(t.sort((e,t)=>e[1].priority-t[1].priority),t.forEach(([t])=>{c[e].delete(t),p(e,t)}))}function p(e,t,r=!0){const o=e?i.ee.get(e):i.ee,c=a.i.handlers;if(!o.aborted&&o.backlog&&c){if((0,n.W)({agentIdentifier:e,type:""lifecycle"",name:""drain"",feature:t}),r){const e=o.backlog[t],r=c[t];if(r){for(let t=0;e&&t<e.length;++t)g(e[t],r);Object.entries(r).forEach(([e,t])=>{Object.values(t||{}).forEach(t=>{t[0]?.on&&t[0]?.context()instanceof s.y&&t[0].on(e,t[1])})})}}o.isolatedBacklog||delete c[t],o.backlog[t]=null,o.emit(""drain-""+t,[])}}function g(e,t){var r=e[1];Object.values(t[r]||{}).forEach(t=>{var r=e[0];if(t[0]===r){var n=t[1],i=e[3],a=e[2];n.apply(i,a)}})}},1741:(e,t,r)=>{""use strict"";r.d(t,{W:()=>a});var n=r(944),i=r(4261);class a{#e(e,...t){if(this[e]!==a.prototype[e])return this[e](...t);(0,n.R)(35,e)}addPageAction(e,t){return this.#e(i.hG,e,t)}register(e){return this.#e(i.eY,e)}recordCustomEvent(e,t){return this.#e(i.fF,e,t)}setPageViewName(e,t){return this.#e(i.Fw,e,t)}setCustomAttribute(e,t,r){return this.#e(i.cD,e,t,r)}noticeError(e,t){return this.#e(i.o5,e,t)}setUserId(e){return this.#e(i.",success
indie,Somebody That I Used to Know,Gotye,Making Mirrors,4:04,"2,321,231","25,072,531",https://www.last.fm/music/Gotye/_/Somebody+That+I+Used+to+Know,"
<!DOCTYPE html>

<html class=""no-js playbar-masthead-release-shim youtube-provider-not-ready"" lang=""en"">
<head>
<meta charset=""utf-8""/>
<meta content=""IE=edge"" http-equiv=""X-UA-Compatible""/><script type=""text/javascript"">window.NREUM||(NREUM={});NREUM.info={""beacon"":""bam.nr-data.net"",""errorBeacon"":""bam.nr-data.net"",""licenseKey"":""0ed0ce50b0"",""applicationID"":""5588594"",""transactionName"":""Y1BRbUUFWkMEWxYMV1oadUxZB0BZClZNCV5ZG0RcVUpDRxIWAxVIRxteTEQNVx4TUQcSSxpWUk1WCFtXEF1YMUpVVlgXUAFA"",""queueTime"":0,""applicationTime"":706,""agent"":""""};
(window.NREUM||(NREUM={})).init={ajax:{deny_list:[""bam.nr-data.net""]}};(window.NREUM||(NREUM={})).loader_config={xpid:""UwYPV15QGwYFXFlXDgU="",licenseKey:""0ed0ce50b0"",applicationID:""5588594"",browserID:""5591142""};;/*! For license information please see nr-loader-full-1.302.0.min.js.LICENSE.txt */
(()=>{var e,t,r={384:(e,t,r)=>{""use strict"";r.d(t,{NT:()=>o,US:()=>u,Zm:()=>s,bQ:()=>d,dV:()=>c,pV:()=>l});var n=r(6154),i=r(1863),a=r(1910);const o={beacon:""bam.nr-data.net"",errorBeacon:""bam.nr-data.net""};function s(){return n.gm.NREUM||(n.gm.NREUM={}),void 0===n.gm.newrelic&&(n.gm.newrelic=n.gm.NREUM),n.gm.NREUM}function c(){let e=s();return e.o||(e.o={ST:n.gm.setTimeout,SI:n.gm.setImmediate||n.gm.setInterval,CT:n.gm.clearTimeout,XHR:n.gm.XMLHttpRequest,REQ:n.gm.Request,EV:n.gm.Event,PR:n.gm.Promise,MO:n.gm.MutationObserver,FETCH:n.gm.fetch,WS:n.gm.WebSocket},(0,a.i)(...Object.values(e.o))),e}function d(e,t){let r=s();r.initializedAgents??={},t.initializedAt={ms:(0,i.t)(),date:new Date},r.initializedAgents[e]=t}function u(e,t){s()[e]=t}function l(){return function(){let e=s();const t=e.info||{};e.info={beacon:o.beacon,errorBeacon:o.errorBeacon,...t}}(),function(){let e=s();const t=e.init||{};e.init={...t}}(),c(),function(){let e=s();const t=e.loader_config||{};e.loader_config={...t}}(),s()}},782:(e,t,r)=>{""use strict"";r.d(t,{T:()=>n});const n=r(860).K7.pageViewTiming},860:(e,t,r)=>{""use strict"";r.d(t,{$J:()=>u,K7:()=>c,P3:()=>d,XX:()=>i,Yy:()=>s,df:()=>a,qY:()=>n,v4:()=>o});const n=""events"",i=""jserrors"",a=""browser/blobs"",o=""rum"",s=""browser/logs"",c={ajax:""ajax"",genericEvents:""generic_events"",jserrors:i,logging:""logging"",metrics:""metrics"",pageAction:""page_action"",pageViewEvent:""page_view_event"",pageViewTiming:""page_view_timing"",sessionReplay:""session_replay"",sessionTrace:""session_trace"",softNav:""soft_navigations"",spa:""spa""},d={[c.pageViewEvent]:1,[c.pageViewTiming]:2,[c.metrics]:3,[c.jserrors]:4,[c.spa]:5,[c.ajax]:6,[c.sessionTrace]:7,[c.softNav]:8,[c.sessionReplay]:9,[c.logging]:10,[c.genericEvents]:11},u={[c.pageViewEvent]:o,[c.pageViewTiming]:n,[c.ajax]:n,[c.spa]:n,[c.softNav]:n,[c.metrics]:i,[c.jserrors]:i,[c.sessionTrace]:a,[c.sessionReplay]:a,[c.logging]:s,[c.genericEvents]:""ins""}},944:(e,t,r)=>{""use strict"";r.d(t,{R:()=>i});var n=r(3241);function i(e,t){""function""==typeof console.debug&&(console.debug(""New Relic Warning: https://github.com/newrelic/newrelic-browser-agent/blob/main/docs/warning-codes.md#"".concat(e),t),(0,n.W)({agentIdentifier:null,drained:null,type:""data"",name:""warn"",feature:""warn"",data:{code:e,secondary:t}}))}},993:(e,t,r)=>{""use strict"";r.d(t,{A$:()=>a,ET:()=>o,TZ:()=>s,p_:()=>i});var n=r(860);const i={ERROR:""ERROR"",WARN:""WARN"",INFO:""INFO"",DEBUG:""DEBUG"",TRACE:""TRACE""},a={OFF:0,ERROR:1,WARN:2,INFO:3,DEBUG:4,TRACE:5},o=""log"",s=n.K7.logging},1687:(e,t,r)=>{""use strict"";r.d(t,{Ak:()=>d,Ze:()=>f,x3:()=>u});var n=r(3241),i=r(7836),a=r(3606),o=r(860),s=r(2646);const c={};function d(e,t){const r={staged:!1,priority:o.P3[t]||0};l(e),c[e].get(t)||c[e].set(t,r)}function u(e,t){e&&c[e]&&(c[e].get(t)&&c[e].delete(t),p(e,t,!1),c[e].size&&h(e))}function l(e){if(!e)throw new Error(""agentIdentifier required"");c[e]||(c[e]=new Map)}function f(e="""",t=""feature"",r=!1){if(l(e),!e||!c[e].get(t)||r)return p(e,t);c[e].get(t).staged=!0,h(e)}function h(e){const t=Array.from(c[e]);t.every(([e,t])=>t.staged)&&(t.sort((e,t)=>e[1].priority-t[1].priority),t.forEach(([t])=>{c[e].delete(t),p(e,t)}))}function p(e,t,r=!0){const o=e?i.ee.get(e):i.ee,c=a.i.handlers;if(!o.aborted&&o.backlog&&c){if((0,n.W)({agentIdentifier:e,type:""lifecycle"",name:""drain"",feature:t}),r){const e=o.backlog[t],r=c[t];if(r){for(let t=0;e&&t<e.length;++t)g(e[t],r);Object.entries(r).forEach(([e,t])=>{Object.values(t||{}).forEach(t=>{t[0]?.on&&t[0]?.context()instanceof s.y&&t[0].on(e,t[1])})})}}o.isolatedBacklog||delete c[t],o.backlog[t]=null,o.emit(""drain-""+t,[])}}function g(e,t){var r=e[1];Object.values(t[r]||{}).forEach(t=>{var r=e[0];if(t[0]===r){var n=t[1],i=e[3],a=e[2];n.apply(i,a)}})}},1741:(e,t,r)=>{""use strict"";r.d(t,{W:()=>a});var n=r(944),i=r(4261);class a{#e(e,...t){if(this[e]!==a.prototype[e])return this[e](...t);(0,n.R)(35,e)}addPageAction(e,t){return this.#e(i.hG,e,t)}register(e){return this.#e(i.eY,e)}recordCustomEvent(e,t){return this.#e(i.fF,e,t)}setPageViewName(e,t){return this.#e(i.Fw,e,t)}setCustomAttribute(e,t,r){return this.#e(i.cD,e,t,r)}noticeError(e,t){return this.#e(i.o5,e,t)}setUserId(e){return this.#e(i.",success
indie,Pumped Up Kicks,Foster the People,Torches,3:58,"2,745,846","29,248,771",https://www.last.fm/music/Foster+the+People/_/Pumped+Up+Kicks,"
<!DOCTYPE html>

<html class=""no-js playbar-masthead-release-shim youtube-provider-not-ready"" lang=""en"">
<head>
<meta charset=""utf-8""/>
<meta content=""IE=edge"" http-equiv=""X-UA-Compatible""/><script type=""text/javascript"">window.NREUM||(NREUM={});NREUM.info={""beacon"":""bam.nr-data.net"",""errorBeacon"":""bam.nr-data.net"",""licenseKey"":""0ed0ce50b0"",""applicationID"":""5588594"",""transactionName"":""Y1BRbUUFWkMEWxYMV1oadUxZB0BZClZNCV5ZG0RcVUpDRxIWAxVIRxteTEQNVx4TUQcSSxpWUk1WCFtXEF1YMUpVVlgXUAFA"",""queueTime"":0,""applicationTime"":698,""agent"":""""};
(window.NREUM||(NREUM={})).init={ajax:{deny_list:[""bam.nr-data.net""]}};(window.NREUM||(NREUM={})).loader_config={xpid:""UwYPV15QGwYFXFlXDgU="",licenseKey:""0ed0ce50b0"",applicationID:""5588594"",browserID:""5591142""};;/*! For license information please see nr-loader-full-1.302.0.min.js.LICENSE.txt */
(()=>{var e,t,r={384:(e,t,r)=>{""use strict"";r.d(t,{NT:()=>o,US:()=>u,Zm:()=>s,bQ:()=>d,dV:()=>c,pV:()=>l});var n=r(6154),i=r(1863),a=r(1910);const o={beacon:""bam.nr-data.net"",errorBeacon:""bam.nr-data.net""};function s(){return n.gm.NREUM||(n.gm.NREUM={}),void 0===n.gm.newrelic&&(n.gm.newrelic=n.gm.NREUM),n.gm.NREUM}function c(){let e=s();return e.o||(e.o={ST:n.gm.setTimeout,SI:n.gm.setImmediate||n.gm.setInterval,CT:n.gm.clearTimeout,XHR:n.gm.XMLHttpRequest,REQ:n.gm.Request,EV:n.gm.Event,PR:n.gm.Promise,MO:n.gm.MutationObserver,FETCH:n.gm.fetch,WS:n.gm.WebSocket},(0,a.i)(...Object.values(e.o))),e}function d(e,t){let r=s();r.initializedAgents??={},t.initializedAt={ms:(0,i.t)(),date:new Date},r.initializedAgents[e]=t}function u(e,t){s()[e]=t}function l(){return function(){let e=s();const t=e.info||{};e.info={beacon:o.beacon,errorBeacon:o.errorBeacon,...t}}(),function(){let e=s();const t=e.init||{};e.init={...t}}(),c(),function(){let e=s();const t=e.loader_config||{};e.loader_config={...t}}(),s()}},782:(e,t,r)=>{""use strict"";r.d(t,{T:()=>n});const n=r(860).K7.pageViewTiming},860:(e,t,r)=>{""use strict"";r.d(t,{$J:()=>u,K7:()=>c,P3:()=>d,XX:()=>i,Yy:()=>s,df:()=>a,qY:()=>n,v4:()=>o});const n=""events"",i=""jserrors"",a=""browser/blobs"",o=""rum"",s=""browser/logs"",c={ajax:""ajax"",genericEvents:""generic_events"",jserrors:i,logging:""logging"",metrics:""metrics"",pageAction:""page_action"",pageViewEvent:""page_view_event"",pageViewTiming:""page_view_timing"",sessionReplay:""session_replay"",sessionTrace:""session_trace"",softNav:""soft_navigations"",spa:""spa""},d={[c.pageViewEvent]:1,[c.pageViewTiming]:2,[c.metrics]:3,[c.jserrors]:4,[c.spa]:5,[c.ajax]:6,[c.sessionTrace]:7,[c.softNav]:8,[c.sessionReplay]:9,[c.logging]:10,[c.genericEvents]:11},u={[c.pageViewEvent]:o,[c.pageViewTiming]:n,[c.ajax]:n,[c.spa]:n,[c.softNav]:n,[c.metrics]:i,[c.jserrors]:i,[c.sessionTrace]:a,[c.sessionReplay]:a,[c.logging]:s,[c.genericEvents]:""ins""}},944:(e,t,r)=>{""use strict"";r.d(t,{R:()=>i});var n=r(3241);function i(e,t){""function""==typeof console.debug&&(console.debug(""New Relic Warning: https://github.com/newrelic/newrelic-browser-agent/blob/main/docs/warning-codes.md#"".concat(e),t),(0,n.W)({agentIdentifier:null,drained:null,type:""data"",name:""warn"",feature:""warn"",data:{code:e,secondary:t}}))}},993:(e,t,r)=>{""use strict"";r.d(t,{A$:()=>a,ET:()=>o,TZ:()=>s,p_:()=>i});var n=r(860);const i={ERROR:""ERROR"",WARN:""WARN"",INFO:""INFO"",DEBUG:""DEBUG"",TRACE:""TRACE""},a={OFF:0,ERROR:1,WARN:2,INFO:3,DEBUG:4,TRACE:5},o=""log"",s=n.K7.logging},1687:(e,t,r)=>{""use strict"";r.d(t,{Ak:()=>d,Ze:()=>f,x3:()=>u});var n=r(3241),i=r(7836),a=r(3606),o=r(860),s=r(2646);const c={};function d(e,t){const r={staged:!1,priority:o.P3[t]||0};l(e),c[e].get(t)||c[e].set(t,r)}function u(e,t){e&&c[e]&&(c[e].get(t)&&c[e].delete(t),p(e,t,!1),c[e].size&&h(e))}function l(e){if(!e)throw new Error(""agentIdentifier required"");c[e]||(c[e]=new Map)}function f(e="""",t=""feature"",r=!1){if(l(e),!e||!c[e].get(t)||r)return p(e,t);c[e].get(t).staged=!0,h(e)}function h(e){const t=Array.from(c[e]);t.every(([e,t])=>t.staged)&&(t.sort((e,t)=>e[1].priority-t[1].priority),t.forEach(([t])=>{c[e].delete(t),p(e,t)}))}function p(e,t,r=!0){const o=e?i.ee.get(e):i.ee,c=a.i.handlers;if(!o.aborted&&o.backlog&&c){if((0,n.W)({agentIdentifier:e,type:""lifecycle"",name:""drain"",feature:t}),r){const e=o.backlog[t],r=c[t];if(r){for(let t=0;e&&t<e.length;++t)g(e[t],r);Object.entries(r).forEach(([e,t])=>{Object.values(t||{}).forEach(t=>{t[0]?.on&&t[0]?.context()instanceof s.y&&t[0].on(e,t[1])})})}}o.isolatedBacklog||delete c[t],o.backlog[t]=null,o.emit(""drain-""+t,[])}}function g(e,t){var r=e[1];Object.values(t[r]||{}).forEach(t=>{var r=e[0];if(t[0]===r){var n=t[1],i=e[3],a=e[2];n.apply(i,a)}})}},1741:(e,t,r)=>{""use strict"";r.d(t,{W:()=>a});var n=r(944),i=r(4261);class a{#e(e,...t){if(this[e]!==a.prototype[e])return this[e](...t);(0,n.R)(35,e)}addPageAction(e,t){return this.#e(i.hG,e,t)}register(e){return this.#e(i.eY,e)}recordCustomEvent(e,t){return this.#e(i.fF,e,t)}setPageViewName(e,t){return this.#e(i.Fw,e,t)}setCustomAttribute(e,t,r){return this.#e(i.cD,e,t,r)}noticeError(e,t){return this.#e(i.o5,e,t)}setUserId(e){return this.#e(i.",success
indie,What You Know,Two Door Cinema Club,Tourist History,3:11,"1,960,678","24,866,954",https://www.last.fm/music/Two+Door+Cinema+Club/_/What+You+Know,"
<!DOCTYPE html>

<html class=""no-js playbar-masthead-release-shim youtube-provider-not-ready"" lang=""en"">
<head>
<meta charset=""utf-8""/>
<meta content=""IE=edge"" http-equiv=""X-UA-Compatible""/><script type=""text/javascript"">window.NREUM||(NREUM={});NREUM.info={""beacon"":""bam.nr-data.net"",""errorBeacon"":""bam.nr-data.net"",""licenseKey"":""0ed0ce50b0"",""applicationID"":""5588594"",""transactionName"":""Y1BRbUUFWkMEWxYMV1oadUxZB0BZClZNCV5ZG0RcVUpDRxIWAxVIRxteTEQNVx4TUQcSSxpWUk1WCFtXEF1YMUpVVlgXUAFA"",""queueTime"":0,""applicationTime"":801,""agent"":""""};
(window.NREUM||(NREUM={})).init={ajax:{deny_list:[""bam.nr-data.net""]}};(window.NREUM||(NREUM={})).loader_config={xpid:""UwYPV15QGwYFXFlXDgU="",licenseKey:""0ed0ce50b0"",applicationID:""5588594"",browserID:""5591142""};;/*! For license information please see nr-loader-full-1.302.0.min.js.LICENSE.txt */
(()=>{var e,t,r={384:(e,t,r)=>{""use strict"";r.d(t,{NT:()=>o,US:()=>u,Zm:()=>s,bQ:()=>d,dV:()=>c,pV:()=>l});var n=r(6154),i=r(1863),a=r(1910);const o={beacon:""bam.nr-data.net"",errorBeacon:""bam.nr-data.net""};function s(){return n.gm.NREUM||(n.gm.NREUM={}),void 0===n.gm.newrelic&&(n.gm.newrelic=n.gm.NREUM),n.gm.NREUM}function c(){let e=s();return e.o||(e.o={ST:n.gm.setTimeout,SI:n.gm.setImmediate||n.gm.setInterval,CT:n.gm.clearTimeout,XHR:n.gm.XMLHttpRequest,REQ:n.gm.Request,EV:n.gm.Event,PR:n.gm.Promise,MO:n.gm.MutationObserver,FETCH:n.gm.fetch,WS:n.gm.WebSocket},(0,a.i)(...Object.values(e.o))),e}function d(e,t){let r=s();r.initializedAgents??={},t.initializedAt={ms:(0,i.t)(),date:new Date},r.initializedAgents[e]=t}function u(e,t){s()[e]=t}function l(){return function(){let e=s();const t=e.info||{};e.info={beacon:o.beacon,errorBeacon:o.errorBeacon,...t}}(),function(){let e=s();const t=e.init||{};e.init={...t}}(),c(),function(){let e=s();const t=e.loader_config||{};e.loader_config={...t}}(),s()}},782:(e,t,r)=>{""use strict"";r.d(t,{T:()=>n});const n=r(860).K7.pageViewTiming},860:(e,t,r)=>{""use strict"";r.d(t,{$J:()=>u,K7:()=>c,P3:()=>d,XX:()=>i,Yy:()=>s,df:()=>a,qY:()=>n,v4:()=>o});const n=""events"",i=""jserrors"",a=""browser/blobs"",o=""rum"",s=""browser/logs"",c={ajax:""ajax"",genericEvents:""generic_events"",jserrors:i,logging:""logging"",metrics:""metrics"",pageAction:""page_action"",pageViewEvent:""page_view_event"",pageViewTiming:""page_view_timing"",sessionReplay:""session_replay"",sessionTrace:""session_trace"",softNav:""soft_navigations"",spa:""spa""},d={[c.pageViewEvent]:1,[c.pageViewTiming]:2,[c.metrics]:3,[c.jserrors]:4,[c.spa]:5,[c.ajax]:6,[c.sessionTrace]:7,[c.softNav]:8,[c.sessionReplay]:9,[c.logging]:10,[c.genericEvents]:11},u={[c.pageViewEvent]:o,[c.pageViewTiming]:n,[c.ajax]:n,[c.spa]:n,[c.softNav]:n,[c.metrics]:i,[c.jserrors]:i,[c.sessionTrace]:a,[c.sessionReplay]:a,[c.logging]:s,[c.genericEvents]:""ins""}},944:(e,t,r)=>{""use strict"";r.d(t,{R:()=>i});var n=r(3241);function i(e,t){""function""==typeof console.debug&&(console.debug(""New Relic Warning: https://github.com/newrelic/newrelic-browser-agent/blob/main/docs/warning-codes.md#"".concat(e),t),(0,n.W)({agentIdentifier:null,drained:null,type:""data"",name:""warn"",feature:""warn"",data:{code:e,secondary:t}}))}},993:(e,t,r)=>{""use strict"";r.d(t,{A$:()=>a,ET:()=>o,TZ:()=>s,p_:()=>i});var n=r(860);const i={ERROR:""ERROR"",WARN:""WARN"",INFO:""INFO"",DEBUG:""DEBUG"",TRACE:""TRACE""},a={OFF:0,ERROR:1,WARN:2,INFO:3,DEBUG:4,TRACE:5},o=""log"",s=n.K7.logging},1687:(e,t,r)=>{""use strict"";r.d(t,{Ak:()=>d,Ze:()=>f,x3:()=>u});var n=r(3241),i=r(7836),a=r(3606),o=r(860),s=r(2646);const c={};function d(e,t){const r={staged:!1,priority:o.P3[t]||0};l(e),c[e].get(t)||c[e].set(t,r)}function u(e,t){e&&c[e]&&(c[e].get(t)&&c[e].delete(t),p(e,t,!1),c[e].size&&h(e))}function l(e){if(!e)throw new Error(""agentIdentifier required"");c[e]||(c[e]=new Map)}function f(e="""",t=""feature"",r=!1){if(l(e),!e||!c[e].get(t)||r)return p(e,t);c[e].get(t).staged=!0,h(e)}function h(e){const t=Array.from(c[e]);t.every(([e,t])=>t.staged)&&(t.sort((e,t)=>e[1].priority-t[1].priority),t.forEach(([t])=>{c[e].delete(t),p(e,t)}))}function p(e,t,r=!0){const o=e?i.ee.get(e):i.ee,c=a.i.handlers;if(!o.aborted&&o.backlog&&c){if((0,n.W)({agentIdentifier:e,type:""lifecycle"",name:""drain"",feature:t}),r){const e=o.backlog[t],r=c[t];if(r){for(let t=0;e&&t<e.length;++t)g(e[t],r);Object.entries(r).forEach(([e,t])=>{Object.values(t||{}).forEach(t=>{t[0]?.on&&t[0]?.context()instanceof s.y&&t[0].on(e,t[1])})})}}o.isolatedBacklog||delete c[t],o.backlog[t]=null,o.emit(""drain-""+t,[])}}function g(e,t){var r=e[1];Object.values(t[r]||{}).forEach(t=>{var r=e[0];if(t[0]===r){var n=t[1],i=e[3],a=e[2];n.apply(i,a)}})}},1741:(e,t,r)=>{""use strict"";r.d(t,{W:()=>a});var n=r(944),i=r(4261);class a{#e(e,...t){if(this[e]!==a.prototype[e])return this[e](...t);(0,n.R)(35,e)}addPageAction(e,t){return this.#e(i.hG,e,t)}register(e){return this.#e(i.eY,e)}recordCustomEvent(e,t){return this.#e(i.fF,e,t)}setPageViewName(e,t){return this.#e(i.Fw,e,t)}setCustomAttribute(e,t,r){return this.#e(i.cD,e,t,r)}noticeError(e,t){return this.#e(i.o5,e,t)}setUserId(e){return this.#e(i.",success
indie,Take Me Out,Franz Ferdinand,Franz Ferdinand,3:25,"2,978,180","29,732,268",https://www.last.fm/music/Franz+Ferdinand/_/Take+Me+Out,"
<!DOCTYPE html>

<html class=""no-js playbar-masthead-release-shim youtube-provider-not-ready"" lang=""en"">
<head>
<meta charset=""utf-8""/>
<meta content=""IE=edge"" http-equiv=""X-UA-Compatible""/><script type=""text/javascript"">window.NREUM||(NREUM={});NREUM.info={""beacon"":""bam.nr-data.net"",""errorBeacon"":""bam.nr-data.net"",""licenseKey"":""0ed0ce50b0"",""applicationID"":""5588594"",""transactionName"":""Y1BRbUUFWkMEWxYMV1oadUxZB0BZClZNCV5ZG0RcVUpDRxIWAxVIRxteTEQNVx4TUQcSSxpWUk1WCFtXEF1YMUpVVlgXUAFA"",""queueTime"":0,""applicationTime"":557,""agent"":""""};
(window.NREUM||(NREUM={})).init={ajax:{deny_list:[""bam.nr-data.net""]}};(window.NREUM||(NREUM={})).loader_config={xpid:""UwYPV15QGwYFXFlXDgU="",licenseKey:""0ed0ce50b0"",applicationID:""5588594"",browserID:""5591142""};;/*! For license information please see nr-loader-full-1.302.0.min.js.LICENSE.txt */
(()=>{var e,t,r={384:(e,t,r)=>{""use strict"";r.d(t,{NT:()=>o,US:()=>u,Zm:()=>s,bQ:()=>d,dV:()=>c,pV:()=>l});var n=r(6154),i=r(1863),a=r(1910);const o={beacon:""bam.nr-data.net"",errorBeacon:""bam.nr-data.net""};function s(){return n.gm.NREUM||(n.gm.NREUM={}),void 0===n.gm.newrelic&&(n.gm.newrelic=n.gm.NREUM),n.gm.NREUM}function c(){let e=s();return e.o||(e.o={ST:n.gm.setTimeout,SI:n.gm.setImmediate||n.gm.setInterval,CT:n.gm.clearTimeout,XHR:n.gm.XMLHttpRequest,REQ:n.gm.Request,EV:n.gm.Event,PR:n.gm.Promise,MO:n.gm.MutationObserver,FETCH:n.gm.fetch,WS:n.gm.WebSocket},(0,a.i)(...Object.values(e.o))),e}function d(e,t){let r=s();r.initializedAgents??={},t.initializedAt={ms:(0,i.t)(),date:new Date},r.initializedAgents[e]=t}function u(e,t){s()[e]=t}function l(){return function(){let e=s();const t=e.info||{};e.info={beacon:o.beacon,errorBeacon:o.errorBeacon,...t}}(),function(){let e=s();const t=e.init||{};e.init={...t}}(),c(),function(){let e=s();const t=e.loader_config||{};e.loader_config={...t}}(),s()}},782:(e,t,r)=>{""use strict"";r.d(t,{T:()=>n});const n=r(860).K7.pageViewTiming},860:(e,t,r)=>{""use strict"";r.d(t,{$J:()=>u,K7:()=>c,P3:()=>d,XX:()=>i,Yy:()=>s,df:()=>a,qY:()=>n,v4:()=>o});const n=""events"",i=""jserrors"",a=""browser/blobs"",o=""rum"",s=""browser/logs"",c={ajax:""ajax"",genericEvents:""generic_events"",jserrors:i,logging:""logging"",metrics:""metrics"",pageAction:""page_action"",pageViewEvent:""page_view_event"",pageViewTiming:""page_view_timing"",sessionReplay:""session_replay"",sessionTrace:""session_trace"",softNav:""soft_navigations"",spa:""spa""},d={[c.pageViewEvent]:1,[c.pageViewTiming]:2,[c.metrics]:3,[c.jserrors]:4,[c.spa]:5,[c.ajax]:6,[c.sessionTrace]:7,[c.softNav]:8,[c.sessionReplay]:9,[c.logging]:10,[c.genericEvents]:11},u={[c.pageViewEvent]:o,[c.pageViewTiming]:n,[c.ajax]:n,[c.spa]:n,[c.softNav]:n,[c.metrics]:i,[c.jserrors]:i,[c.sessionTrace]:a,[c.sessionReplay]:a,[c.logging]:s,[c.genericEvents]:""ins""}},944:(e,t,r)=>{""use strict"";r.d(t,{R:()=>i});var n=r(3241);function i(e,t){""function""==typeof console.debug&&(console.debug(""New Relic Warning: https://github.com/newrelic/newrelic-browser-agent/blob/main/docs/warning-codes.md#"".concat(e),t),(0,n.W)({agentIdentifier:null,drained:null,type:""data"",name:""warn"",feature:""warn"",data:{code:e,secondary:t}}))}},993:(e,t,r)=>{""use strict"";r.d(t,{A$:()=>a,ET:()=>o,TZ:()=>s,p_:()=>i});var n=r(860);const i={ERROR:""ERROR"",WARN:""WARN"",INFO:""INFO"",DEBUG:""DEBUG"",TRACE:""TRACE""},a={OFF:0,ERROR:1,WARN:2,INFO:3,DEBUG:4,TRACE:5},o=""log"",s=n.K7.logging},1687:(e,t,r)=>{""use strict"";r.d(t,{Ak:()=>d,Ze:()=>f,x3:()=>u});var n=r(3241),i=r(7836),a=r(3606),o=r(860),s=r(2646);const c={};function d(e,t){const r={staged:!1,priority:o.P3[t]||0};l(e),c[e].get(t)||c[e].set(t,r)}function u(e,t){e&&c[e]&&(c[e].get(t)&&c[e].delete(t),p(e,t,!1),c[e].size&&h(e))}function l(e){if(!e)throw new Error(""agentIdentifier required"");c[e]||(c[e]=new Map)}function f(e="""",t=""feature"",r=!1){if(l(e),!e||!c[e].get(t)||r)return p(e,t);c[e].get(t).staged=!0,h(e)}function h(e){const t=Array.from(c[e]);t.every(([e,t])=>t.staged)&&(t.sort((e,t)=>e[1].priority-t[1].priority),t.forEach(([t])=>{c[e].delete(t),p(e,t)}))}function p(e,t,r=!0){const o=e?i.ee.get(e):i.ee,c=a.i.handlers;if(!o.aborted&&o.backlog&&c){if((0,n.W)({agentIdentifier:e,type:""lifecycle"",name:""drain"",feature:t}),r){const e=o.backlog[t],r=c[t];if(r){for(let t=0;e&&t<e.length;++t)g(e[t],r);Object.entries(r).forEach(([e,t])=>{Object.values(t||{}).forEach(t=>{t[0]?.on&&t[0]?.context()instanceof s.y&&t[0].on(e,t[1])})})}}o.isolatedBacklog||delete c[t],o.backlog[t]=null,o.emit(""drain-""+t,[])}}function g(e,t){var r=e[1];Object.values(t[r]||{}).forEach(t=>{var r=e[0];if(t[0]===r){var n=t[1],i=e[3],a=e[2];n.apply(i,a)}})}},1741:(e,t,r)=>{""use strict"";r.d(t,{W:()=>a});var n=r(944),i=r(4261);class a{#e(e,...t){if(this[e]!==a.prototype[e])return this[e](...t);(0,n.R)(35,e)}addPageAction(e,t){return this.#e(i.hG,e,t)}register(e){return this.#e(i.eY,e)}recordCustomEvent(e,t){return this.#e(i.fF,e,t)}setPageViewName(e,t){return this.#e(i.Fw,e,t)}setCustomAttribute(e,t,r){return this.#e(i.cD,e,t,r)}noticeError(e,t){return this.#e(i.o5,e,t)}setUserId(e){return this.#e(i.",success
indie,We Are the People,Empire of the Sun,Walking on a Dream,4:28,"1,451,127","17,445,336",https://www.last.fm/music/Empire+of+the+Sun/_/We+Are+the+People,"
<!DOCTYPE html>

<html class=""no-js playbar-masthead-release-shim youtube-provider-not-ready"" lang=""en"">
<head>
<meta charset=""utf-8""/>
<meta content=""IE=edge"" http-equiv=""X-UA-Compatible""/><script type=""text/javascript"">window.NREUM||(NREUM={});NREUM.info={""beacon"":""bam.nr-data.net"",""errorBeacon"":""bam.nr-data.net"",""licenseKey"":""0ed0ce50b0"",""applicationID"":""5588594"",""transactionName"":""Y1BRbUUFWkMEWxYMV1oadUxZB0BZClZNCV5ZG0RcVUpDRxIWAxVIRxteTEQNVx4TUQcSSxpWUk1WCFtXEF1YMUpVVlgXUAFA"",""queueTime"":0,""applicationTime"":567,""agent"":""""};
(window.NREUM||(NREUM={})).init={ajax:{deny_list:[""bam.nr-data.net""]}};(window.NREUM||(NREUM={})).loader_config={xpid:""UwYPV15QGwYFXFlXDgU="",licenseKey:""0ed0ce50b0"",applicationID:""5588594"",browserID:""5591142""};;/*! For license information please see nr-loader-full-1.302.0.min.js.LICENSE.txt */
(()=>{var e,t,r={384:(e,t,r)=>{""use strict"";r.d(t,{NT:()=>o,US:()=>u,Zm:()=>s,bQ:()=>d,dV:()=>c,pV:()=>l});var n=r(6154),i=r(1863),a=r(1910);const o={beacon:""bam.nr-data.net"",errorBeacon:""bam.nr-data.net""};function s(){return n.gm.NREUM||(n.gm.NREUM={}),void 0===n.gm.newrelic&&(n.gm.newrelic=n.gm.NREUM),n.gm.NREUM}function c(){let e=s();return e.o||(e.o={ST:n.gm.setTimeout,SI:n.gm.setImmediate||n.gm.setInterval,CT:n.gm.clearTimeout,XHR:n.gm.XMLHttpRequest,REQ:n.gm.Request,EV:n.gm.Event,PR:n.gm.Promise,MO:n.gm.MutationObserver,FETCH:n.gm.fetch,WS:n.gm.WebSocket},(0,a.i)(...Object.values(e.o))),e}function d(e,t){let r=s();r.initializedAgents??={},t.initializedAt={ms:(0,i.t)(),date:new Date},r.initializedAgents[e]=t}function u(e,t){s()[e]=t}function l(){return function(){let e=s();const t=e.info||{};e.info={beacon:o.beacon,errorBeacon:o.errorBeacon,...t}}(),function(){let e=s();const t=e.init||{};e.init={...t}}(),c(),function(){let e=s();const t=e.loader_config||{};e.loader_config={...t}}(),s()}},782:(e,t,r)=>{""use strict"";r.d(t,{T:()=>n});const n=r(860).K7.pageViewTiming},860:(e,t,r)=>{""use strict"";r.d(t,{$J:()=>u,K7:()=>c,P3:()=>d,XX:()=>i,Yy:()=>s,df:()=>a,qY:()=>n,v4:()=>o});const n=""events"",i=""jserrors"",a=""browser/blobs"",o=""rum"",s=""browser/logs"",c={ajax:""ajax"",genericEvents:""generic_events"",jserrors:i,logging:""logging"",metrics:""metrics"",pageAction:""page_action"",pageViewEvent:""page_view_event"",pageViewTiming:""page_view_timing"",sessionReplay:""session_replay"",sessionTrace:""session_trace"",softNav:""soft_navigations"",spa:""spa""},d={[c.pageViewEvent]:1,[c.pageViewTiming]:2,[c.metrics]:3,[c.jserrors]:4,[c.spa]:5,[c.ajax]:6,[c.sessionTrace]:7,[c.softNav]:8,[c.sessionReplay]:9,[c.logging]:10,[c.genericEvents]:11},u={[c.pageViewEvent]:o,[c.pageViewTiming]:n,[c.ajax]:n,[c.spa]:n,[c.softNav]:n,[c.metrics]:i,[c.jserrors]:i,[c.sessionTrace]:a,[c.sessionReplay]:a,[c.logging]:s,[c.genericEvents]:""ins""}},944:(e,t,r)=>{""use strict"";r.d(t,{R:()=>i});var n=r(3241);function i(e,t){""function""==typeof console.debug&&(console.debug(""New Relic Warning: https://github.com/newrelic/newrelic-browser-agent/blob/main/docs/warning-codes.md#"".concat(e),t),(0,n.W)({agentIdentifier:null,drained:null,type:""data"",name:""warn"",feature:""warn"",data:{code:e,secondary:t}}))}},993:(e,t,r)=>{""use strict"";r.d(t,{A$:()=>a,ET:()=>o,TZ:()=>s,p_:()=>i});var n=r(860);const i={ERROR:""ERROR"",WARN:""WARN"",INFO:""INFO"",DEBUG:""DEBUG"",TRACE:""TRACE""},a={OFF:0,ERROR:1,WARN:2,INFO:3,DEBUG:4,TRACE:5},o=""log"",s=n.K7.logging},1687:(e,t,r)=>{""use strict"";r.d(t,{Ak:()=>d,Ze:()=>f,x3:()=>u});var n=r(3241),i=r(7836),a=r(3606),o=r(860),s=r(2646);const c={};function d(e,t){const r={staged:!1,priority:o.P3[t]||0};l(e),c[e].get(t)||c[e].set(t,r)}function u(e,t){e&&c[e]&&(c[e].get(t)&&c[e].delete(t),p(e,t,!1),c[e].size&&h(e))}function l(e){if(!e)throw new Error(""agentIdentifier required"");c[e]||(c[e]=new Map)}function f(e="""",t=""feature"",r=!1){if(l(e),!e||!c[e].get(t)||r)return p(e,t);c[e].get(t).staged=!0,h(e)}function h(e){const t=Array.from(c[e]);t.every(([e,t])=>t.staged)&&(t.sort((e,t)=>e[1].priority-t[1].priority),t.forEach(([t])=>{c[e].delete(t),p(e,t)}))}function p(e,t,r=!0){const o=e?i.ee.get(e):i.ee,c=a.i.handlers;if(!o.aborted&&o.backlog&&c){if((0,n.W)({agentIdentifier:e,type:""lifecycle"",name:""drain"",feature:t}),r){const e=o.backlog[t],r=c[t];if(r){for(let t=0;e&&t<e.length;++t)g(e[t],r);Object.entries(r).forEach(([e,t])=>{Object.values(t||{}).forEach(t=>{t[0]?.on&&t[0]?.context()instanceof s.y&&t[0].on(e,t[1])})})}}o.isolatedBacklog||delete c[t],o.backlog[t]=null,o.emit(""drain-""+t,[])}}function g(e,t){var r=e[1];Object.values(t[r]||{}).forEach(t=>{var r=e[0];if(t[0]===r){var n=t[1],i=e[3],a=e[2];n.apply(i,a)}})}},1741:(e,t,r)=>{""use strict"";r.d(t,{W:()=>a});var n=r(944),i=r(4261);class a{#e(e,...t){if(this[e]!==a.prototype[e])return this[e](...t);(0,n.R)(35,e)}addPageAction(e,t){return this.#e(i.hG,e,t)}register(e){return this.#e(i.eY,e)}recordCustomEvent(e,t){return this.#e(i.fF,e,t)}setPageViewName(e,t){return this.#e(i.Fw,e,t)}setCustomAttribute(e,t,r){return this.#e(i.cD,e,t,r)}noticeError(e,t){return this.#e(i.o5,e,t)}setUserId(e){return this.#e(i.",success
indie,Summertime Sadness,Lana Del Rey,Born to Die,4:25,"2,323,195","32,632,124",https://www.last.fm/music/Lana+Del+Rey/_/Summertime+Sadness,"
<!DOCTYPE html>

<html class=""no-js playbar-masthead-release-shim youtube-provider-not-ready"" lang=""en"">
<head>
<meta charset=""utf-8""/>
<meta content=""IE=edge"" http-equiv=""X-UA-Compatible""/><script type=""text/javascript"">window.NREUM||(NREUM={});NREUM.info={""beacon"":""bam.nr-data.net"",""errorBeacon"":""bam.nr-data.net"",""licenseKey"":""0ed0ce50b0"",""applicationID"":""5588594"",""transactionName"":""Y1BRbUUFWkMEWxYMV1oadUxZB0BZClZNCV5ZG0RcVUpDRxIWAxVIRxteTEQNVx4TUQcSSxpWUk1WCFtXEF1YMUpVVlgXUAFA"",""queueTime"":0,""applicationTime"":924,""agent"":""""};
(window.NREUM||(NREUM={})).init={ajax:{deny_list:[""bam.nr-data.net""]}};(window.NREUM||(NREUM={})).loader_config={xpid:""UwYPV15QGwYFXFlXDgU="",licenseKey:""0ed0ce50b0"",applicationID:""5588594"",browserID:""5591142""};;/*! For license information please see nr-loader-full-1.302.0.min.js.LICENSE.txt */
(()=>{var e,t,r={384:(e,t,r)=>{""use strict"";r.d(t,{NT:()=>o,US:()=>u,Zm:()=>s,bQ:()=>d,dV:()=>c,pV:()=>l});var n=r(6154),i=r(1863),a=r(1910);const o={beacon:""bam.nr-data.net"",errorBeacon:""bam.nr-data.net""};function s(){return n.gm.NREUM||(n.gm.NREUM={}),void 0===n.gm.newrelic&&(n.gm.newrelic=n.gm.NREUM),n.gm.NREUM}function c(){let e=s();return e.o||(e.o={ST:n.gm.setTimeout,SI:n.gm.setImmediate||n.gm.setInterval,CT:n.gm.clearTimeout,XHR:n.gm.XMLHttpRequest,REQ:n.gm.Request,EV:n.gm.Event,PR:n.gm.Promise,MO:n.gm.MutationObserver,FETCH:n.gm.fetch,WS:n.gm.WebSocket},(0,a.i)(...Object.values(e.o))),e}function d(e,t){let r=s();r.initializedAgents??={},t.initializedAt={ms:(0,i.t)(),date:new Date},r.initializedAgents[e]=t}function u(e,t){s()[e]=t}function l(){return function(){let e=s();const t=e.info||{};e.info={beacon:o.beacon,errorBeacon:o.errorBeacon,...t}}(),function(){let e=s();const t=e.init||{};e.init={...t}}(),c(),function(){let e=s();const t=e.loader_config||{};e.loader_config={...t}}(),s()}},782:(e,t,r)=>{""use strict"";r.d(t,{T:()=>n});const n=r(860).K7.pageViewTiming},860:(e,t,r)=>{""use strict"";r.d(t,{$J:()=>u,K7:()=>c,P3:()=>d,XX:()=>i,Yy:()=>s,df:()=>a,qY:()=>n,v4:()=>o});const n=""events"",i=""jserrors"",a=""browser/blobs"",o=""rum"",s=""browser/logs"",c={ajax:""ajax"",genericEvents:""generic_events"",jserrors:i,logging:""logging"",metrics:""metrics"",pageAction:""page_action"",pageViewEvent:""page_view_event"",pageViewTiming:""page_view_timing"",sessionReplay:""session_replay"",sessionTrace:""session_trace"",softNav:""soft_navigations"",spa:""spa""},d={[c.pageViewEvent]:1,[c.pageViewTiming]:2,[c.metrics]:3,[c.jserrors]:4,[c.spa]:5,[c.ajax]:6,[c.sessionTrace]:7,[c.softNav]:8,[c.sessionReplay]:9,[c.logging]:10,[c.genericEvents]:11},u={[c.pageViewEvent]:o,[c.pageViewTiming]:n,[c.ajax]:n,[c.spa]:n,[c.softNav]:n,[c.metrics]:i,[c.jserrors]:i,[c.sessionTrace]:a,[c.sessionReplay]:a,[c.logging]:s,[c.genericEvents]:""ins""}},944:(e,t,r)=>{""use strict"";r.d(t,{R:()=>i});var n=r(3241);function i(e,t){""function""==typeof console.debug&&(console.debug(""New Relic Warning: https://github.com/newrelic/newrelic-browser-agent/blob/main/docs/warning-codes.md#"".concat(e),t),(0,n.W)({agentIdentifier:null,drained:null,type:""data"",name:""warn"",feature:""warn"",data:{code:e,secondary:t}}))}},993:(e,t,r)=>{""use strict"";r.d(t,{A$:()=>a,ET:()=>o,TZ:()=>s,p_:()=>i});var n=r(860);const i={ERROR:""ERROR"",WARN:""WARN"",INFO:""INFO"",DEBUG:""DEBUG"",TRACE:""TRACE""},a={OFF:0,ERROR:1,WARN:2,INFO:3,DEBUG:4,TRACE:5},o=""log"",s=n.K7.logging},1687:(e,t,r)=>{""use strict"";r.d(t,{Ak:()=>d,Ze:()=>f,x3:()=>u});var n=r(3241),i=r(7836),a=r(3606),o=r(860),s=r(2646);const c={};function d(e,t){const r={staged:!1,priority:o.P3[t]||0};l(e),c[e].get(t)||c[e].set(t,r)}function u(e,t){e&&c[e]&&(c[e].get(t)&&c[e].delete(t),p(e,t,!1),c[e].size&&h(e))}function l(e){if(!e)throw new Error(""agentIdentifier required"");c[e]||(c[e]=new Map)}function f(e="""",t=""feature"",r=!1){if(l(e),!e||!c[e].get(t)||r)return p(e,t);c[e].get(t).staged=!0,h(e)}function h(e){const t=Array.from(c[e]);t.every(([e,t])=>t.staged)&&(t.sort((e,t)=>e[1].priority-t[1].priority),t.forEach(([t])=>{c[e].delete(t),p(e,t)}))}function p(e,t,r=!0){const o=e?i.ee.get(e):i.ee,c=a.i.handlers;if(!o.aborted&&o.backlog&&c){if((0,n.W)({agentIdentifier:e,type:""lifecycle"",name:""drain"",feature:t}),r){const e=o.backlog[t],r=c[t];if(r){for(let t=0;e&&t<e.length;++t)g(e[t],r);Object.entries(r).forEach(([e,t])=>{Object.values(t||{}).forEach(t=>{t[0]?.on&&t[0]?.context()instanceof s.y&&t[0].on(e,t[1])})})}}o.isolatedBacklog||delete c[t],o.backlog[t]=null,o.emit(""drain-""+t,[])}}function g(e,t){var r=e[1];Object.values(t[r]||{}).forEach(t=>{var r=e[0];if(t[0]===r){var n=t[1],i=e[3],a=e[2];n.apply(i,a)}})}},1741:(e,t,r)=>{""use strict"";r.d(t,{W:()=>a});var n=r(944),i=r(4261);class a{#e(e,...t){if(this[e]!==a.prototype[e])return this[e](...t);(0,n.R)(35,e)}addPageAction(e,t){return this.#e(i.hG,e,t)}register(e){return this.#e(i.eY,e)}recordCustomEvent(e,t){return this.#e(i.fF,e,t)}setPageViewName(e,t){return this.#e(i.Fw,e,t)}setCustomAttribute(e,t,r){return this.#e(i.cD,e,t,r)}noticeError(e,t){return this.#e(i.o5,e,t)}setUserId(e){return this.#e(i.",success
indie,My Love Mine All Mine,Mitski,The Land Is Inhospitable and So Are We,2:20,"1,885,607","46,415,364",https://www.last.fm/music/Mitski/_/My+Love+Mine+All+Mine,"
<!DOCTYPE html>

<html class=""no-js playbar-masthead-release-shim youtube-provider-not-ready"" lang=""en"">
<head>
<meta charset=""utf-8""/>
<meta content=""IE=edge"" http-equiv=""X-UA-Compatible""/><script type=""text/javascript"">window.NREUM||(NREUM={});NREUM.info={""beacon"":""bam.nr-data.net"",""errorBeacon"":""bam.nr-data.net"",""licenseKey"":""0ed0ce50b0"",""applicationID"":""5588594"",""transactionName"":""Y1BRbUUFWkMEWxYMV1oadUxZB0BZClZNCV5ZG0RcVUpDRxIWAxVIRxteTEQNVx4TUQcSSxpWUk1WCFtXEF1YMUpVVlgXUAFA"",""queueTime"":0,""applicationTime"":785,""agent"":""""};
(window.NREUM||(NREUM={})).init={ajax:{deny_list:[""bam.nr-data.net""]}};(window.NREUM||(NREUM={})).loader_config={xpid:""UwYPV15QGwYFXFlXDgU="",licenseKey:""0ed0ce50b0"",applicationID:""5588594"",browserID:""5591142""};;/*! For license information please see nr-loader-full-1.302.0.min.js.LICENSE.txt */
(()=>{var e,t,r={384:(e,t,r)=>{""use strict"";r.d(t,{NT:()=>o,US:()=>u,Zm:()=>s,bQ:()=>d,dV:()=>c,pV:()=>l});var n=r(6154),i=r(1863),a=r(1910);const o={beacon:""bam.nr-data.net"",errorBeacon:""bam.nr-data.net""};function s(){return n.gm.NREUM||(n.gm.NREUM={}),void 0===n.gm.newrelic&&(n.gm.newrelic=n.gm.NREUM),n.gm.NREUM}function c(){let e=s();return e.o||(e.o={ST:n.gm.setTimeout,SI:n.gm.setImmediate||n.gm.setInterval,CT:n.gm.clearTimeout,XHR:n.gm.XMLHttpRequest,REQ:n.gm.Request,EV:n.gm.Event,PR:n.gm.Promise,MO:n.gm.MutationObserver,FETCH:n.gm.fetch,WS:n.gm.WebSocket},(0,a.i)(...Object.values(e.o))),e}function d(e,t){let r=s();r.initializedAgents??={},t.initializedAt={ms:(0,i.t)(),date:new Date},r.initializedAgents[e]=t}function u(e,t){s()[e]=t}function l(){return function(){let e=s();const t=e.info||{};e.info={beacon:o.beacon,errorBeacon:o.errorBeacon,...t}}(),function(){let e=s();const t=e.init||{};e.init={...t}}(),c(),function(){let e=s();const t=e.loader_config||{};e.loader_config={...t}}(),s()}},782:(e,t,r)=>{""use strict"";r.d(t,{T:()=>n});const n=r(860).K7.pageViewTiming},860:(e,t,r)=>{""use strict"";r.d(t,{$J:()=>u,K7:()=>c,P3:()=>d,XX:()=>i,Yy:()=>s,df:()=>a,qY:()=>n,v4:()=>o});const n=""events"",i=""jserrors"",a=""browser/blobs"",o=""rum"",s=""browser/logs"",c={ajax:""ajax"",genericEvents:""generic_events"",jserrors:i,logging:""logging"",metrics:""metrics"",pageAction:""page_action"",pageViewEvent:""page_view_event"",pageViewTiming:""page_view_timing"",sessionReplay:""session_replay"",sessionTrace:""session_trace"",softNav:""soft_navigations"",spa:""spa""},d={[c.pageViewEvent]:1,[c.pageViewTiming]:2,[c.metrics]:3,[c.jserrors]:4,[c.spa]:5,[c.ajax]:6,[c.sessionTrace]:7,[c.softNav]:8,[c.sessionReplay]:9,[c.logging]:10,[c.genericEvents]:11},u={[c.pageViewEvent]:o,[c.pageViewTiming]:n,[c.ajax]:n,[c.spa]:n,[c.softNav]:n,[c.metrics]:i,[c.jserrors]:i,[c.sessionTrace]:a,[c.sessionReplay]:a,[c.logging]:s,[c.genericEvents]:""ins""}},944:(e,t,r)=>{""use strict"";r.d(t,{R:()=>i});var n=r(3241);function i(e,t){""function""==typeof console.debug&&(console.debug(""New Relic Warning: https://github.com/newrelic/newrelic-browser-agent/blob/main/docs/warning-codes.md#"".concat(e),t),(0,n.W)({agentIdentifier:null,drained:null,type:""data"",name:""warn"",feature:""warn"",data:{code:e,secondary:t}}))}},993:(e,t,r)=>{""use strict"";r.d(t,{A$:()=>a,ET:()=>o,TZ:()=>s,p_:()=>i});var n=r(860);const i={ERROR:""ERROR"",WARN:""WARN"",INFO:""INFO"",DEBUG:""DEBUG"",TRACE:""TRACE""},a={OFF:0,ERROR:1,WARN:2,INFO:3,DEBUG:4,TRACE:5},o=""log"",s=n.K7.logging},1687:(e,t,r)=>{""use strict"";r.d(t,{Ak:()=>d,Ze:()=>f,x3:()=>u});var n=r(3241),i=r(7836),a=r(3606),o=r(860),s=r(2646);const c={};function d(e,t){const r={staged:!1,priority:o.P3[t]||0};l(e),c[e].get(t)||c[e].set(t,r)}function u(e,t){e&&c[e]&&(c[e].get(t)&&c[e].delete(t),p(e,t,!1),c[e].size&&h(e))}function l(e){if(!e)throw new Error(""agentIdentifier required"");c[e]||(c[e]=new Map)}function f(e="""",t=""feature"",r=!1){if(l(e),!e||!c[e].get(t)||r)return p(e,t);c[e].get(t).staged=!0,h(e)}function h(e){const t=Array.from(c[e]);t.every(([e,t])=>t.staged)&&(t.sort((e,t)=>e[1].priority-t[1].priority),t.forEach(([t])=>{c[e].delete(t),p(e,t)}))}function p(e,t,r=!0){const o=e?i.ee.get(e):i.ee,c=a.i.handlers;if(!o.aborted&&o.backlog&&c){if((0,n.W)({agentIdentifier:e,type:""lifecycle"",name:""drain"",feature:t}),r){const e=o.backlog[t],r=c[t];if(r){for(let t=0;e&&t<e.length;++t)g(e[t],r);Object.entries(r).forEach(([e,t])=>{Object.values(t||{}).forEach(t=>{t[0]?.on&&t[0]?.context()instanceof s.y&&t[0].on(e,t[1])})})}}o.isolatedBacklog||delete c[t],o.backlog[t]=null,o.emit(""drain-""+t,[])}}function g(e,t){var r=e[1];Object.values(t[r]||{}).forEach(t=>{var r=e[0];if(t[0]===r){var n=t[1],i=e[3],a=e[2];n.apply(i,a)}})}},1741:(e,t,r)=>{""use strict"";r.d(t,{W:()=>a});var n=r(944),i=r(4261);class a{#e(e,...t){if(this[e]!==a.prototype[e])return this[e](...t);(0,n.R)(35,e)}addPageAction(e,t){return this.#e(i.hG,e,t)}register(e){return this.#e(i.eY,e)}recordCustomEvent(e,t){return this.#e(i.fF,e,t)}setPageViewName(e,t){return this.#e(i.Fw,e,t)}setCustomAttribute(e,t,r){return this.#e(i.cD,e,t,r)}noticeError(e,t){return this.#e(i.o5,e,t)}setUserId(e){return this.#e(i.",success
indie,Do I Wanna Know?,Arctic Monkeys,AM,4:34,"2,711,413","41,540,772",https://www.last.fm/music/Arctic+Monkeys/_/Do+I+Wanna+Know%3F,"
<!DOCTYPE html>

<html class=""no-js playbar-masthead-release-shim youtube-provider-not-ready"" lang=""en"">
<head>
<meta charset=""utf-8""/>
<meta content=""IE=edge"" http-equiv=""X-UA-Compatible""/><script type=""text/javascript"">window.NREUM||(NREUM={});NREUM.info={""beacon"":""bam.nr-data.net"",""errorBeacon"":""bam.nr-data.net"",""licenseKey"":""0ed0ce50b0"",""applicationID"":""5588594"",""transactionName"":""Y1BRbUUFWkMEWxYMV1oadUxZB0BZClZNCV5ZG0RcVUpDRxIWAxVIRxteTEQNVx4TUQcSSxpWUk1WCFtXEF1YMUpVVlgXUAFA"",""queueTime"":0,""applicationTime"":894,""agent"":""""};
(window.NREUM||(NREUM={})).init={ajax:{deny_list:[""bam.nr-data.net""]}};(window.NREUM||(NREUM={})).loader_config={xpid:""UwYPV15QGwYFXFlXDgU="",licenseKey:""0ed0ce50b0"",applicationID:""5588594"",browserID:""5591142""};;/*! For license information please see nr-loader-full-1.302.0.min.js.LICENSE.txt */
(()=>{var e,t,r={384:(e,t,r)=>{""use strict"";r.d(t,{NT:()=>o,US:()=>u,Zm:()=>s,bQ:()=>d,dV:()=>c,pV:()=>l});var n=r(6154),i=r(1863),a=r(1910);const o={beacon:""bam.nr-data.net"",errorBeacon:""bam.nr-data.net""};function s(){return n.gm.NREUM||(n.gm.NREUM={}),void 0===n.gm.newrelic&&(n.gm.newrelic=n.gm.NREUM),n.gm.NREUM}function c(){let e=s();return e.o||(e.o={ST:n.gm.setTimeout,SI:n.gm.setImmediate||n.gm.setInterval,CT:n.gm.clearTimeout,XHR:n.gm.XMLHttpRequest,REQ:n.gm.Request,EV:n.gm.Event,PR:n.gm.Promise,MO:n.gm.MutationObserver,FETCH:n.gm.fetch,WS:n.gm.WebSocket},(0,a.i)(...Object.values(e.o))),e}function d(e,t){let r=s();r.initializedAgents??={},t.initializedAt={ms:(0,i.t)(),date:new Date},r.initializedAgents[e]=t}function u(e,t){s()[e]=t}function l(){return function(){let e=s();const t=e.info||{};e.info={beacon:o.beacon,errorBeacon:o.errorBeacon,...t}}(),function(){let e=s();const t=e.init||{};e.init={...t}}(),c(),function(){let e=s();const t=e.loader_config||{};e.loader_config={...t}}(),s()}},782:(e,t,r)=>{""use strict"";r.d(t,{T:()=>n});const n=r(860).K7.pageViewTiming},860:(e,t,r)=>{""use strict"";r.d(t,{$J:()=>u,K7:()=>c,P3:()=>d,XX:()=>i,Yy:()=>s,df:()=>a,qY:()=>n,v4:()=>o});const n=""events"",i=""jserrors"",a=""browser/blobs"",o=""rum"",s=""browser/logs"",c={ajax:""ajax"",genericEvents:""generic_events"",jserrors:i,logging:""logging"",metrics:""metrics"",pageAction:""page_action"",pageViewEvent:""page_view_event"",pageViewTiming:""page_view_timing"",sessionReplay:""session_replay"",sessionTrace:""session_trace"",softNav:""soft_navigations"",spa:""spa""},d={[c.pageViewEvent]:1,[c.pageViewTiming]:2,[c.metrics]:3,[c.jserrors]:4,[c.spa]:5,[c.ajax]:6,[c.sessionTrace]:7,[c.softNav]:8,[c.sessionReplay]:9,[c.logging]:10,[c.genericEvents]:11},u={[c.pageViewEvent]:o,[c.pageViewTiming]:n,[c.ajax]:n,[c.spa]:n,[c.softNav]:n,[c.metrics]:i,[c.jserrors]:i,[c.sessionTrace]:a,[c.sessionReplay]:a,[c.logging]:s,[c.genericEvents]:""ins""}},944:(e,t,r)=>{""use strict"";r.d(t,{R:()=>i});var n=r(3241);function i(e,t){""function""==typeof console.debug&&(console.debug(""New Relic Warning: https://github.com/newrelic/newrelic-browser-agent/blob/main/docs/warning-codes.md#"".concat(e),t),(0,n.W)({agentIdentifier:null,drained:null,type:""data"",name:""warn"",feature:""warn"",data:{code:e,secondary:t}}))}},993:(e,t,r)=>{""use strict"";r.d(t,{A$:()=>a,ET:()=>o,TZ:()=>s,p_:()=>i});var n=r(860);const i={ERROR:""ERROR"",WARN:""WARN"",INFO:""INFO"",DEBUG:""DEBUG"",TRACE:""TRACE""},a={OFF:0,ERROR:1,WARN:2,INFO:3,DEBUG:4,TRACE:5},o=""log"",s=n.K7.logging},1687:(e,t,r)=>{""use strict"";r.d(t,{Ak:()=>d,Ze:()=>f,x3:()=>u});var n=r(3241),i=r(7836),a=r(3606),o=r(860),s=r(2646);const c={};function d(e,t){const r={staged:!1,priority:o.P3[t]||0};l(e),c[e].get(t)||c[e].set(t,r)}function u(e,t){e&&c[e]&&(c[e].get(t)&&c[e].delete(t),p(e,t,!1),c[e].size&&h(e))}function l(e){if(!e)throw new Error(""agentIdentifier required"");c[e]||(c[e]=new Map)}function f(e="""",t=""feature"",r=!1){if(l(e),!e||!c[e].get(t)||r)return p(e,t);c[e].get(t).staged=!0,h(e)}function h(e){const t=Array.from(c[e]);t.every(([e,t])=>t.staged)&&(t.sort((e,t)=>e[1].priority-t[1].priority),t.forEach(([t])=>{c[e].delete(t),p(e,t)}))}function p(e,t,r=!0){const o=e?i.ee.get(e):i.ee,c=a.i.handlers;if(!o.aborted&&o.backlog&&c){if((0,n.W)({agentIdentifier:e,type:""lifecycle"",name:""drain"",feature:t}),r){const e=o.backlog[t],r=c[t];if(r){for(let t=0;e&&t<e.length;++t)g(e[t],r);Object.entries(r).forEach(([e,t])=>{Object.values(t||{}).forEach(t=>{t[0]?.on&&t[0]?.context()instanceof s.y&&t[0].on(e,t[1])})})}}o.isolatedBacklog||delete c[t],o.backlog[t]=null,o.emit(""drain-""+t,[])}}function g(e,t){var r=e[1];Object.values(t[r]||{}).forEach(t=>{var r=e[0];if(t[0]===r){var n=t[1],i=e[3],a=e[2];n.apply(i,a)}})}},1741:(e,t,r)=>{""use strict"";r.d(t,{W:()=>a});var n=r(944),i=r(4261);class a{#e(e,...t){if(this[e]!==a.prototype[e])return this[e](...t);(0,n.R)(35,e)}addPageAction(e,t){return this.#e(i.hG,e,t)}register(e){return this.#e(i.eY,e)}recordCustomEvent(e,t){return this.#e(i.fF,e,t)}setPageViewName(e,t){return this.#e(i.Fw,e,t)}setCustomAttribute(e,t,r){return this.#e(i.cD,e,t,r)}noticeError(e,t){return this.#e(i.o5,e,t)}setUserId(e){return this.#e(i.",success
indie,Undercover Martyn,Two Door Cinema Club,Tourist History,2:47,"1,473,268","15,364,001",https://www.last.fm/music/Two+Door+Cinema+Club/_/Undercover+Martyn,"
<!DOCTYPE html>

<html class=""no-js playbar-masthead-release-shim youtube-provider-not-ready"" lang=""en"">
<head>
<meta charset=""utf-8""/>
<meta content=""IE=edge"" http-equiv=""X-UA-Compatible""/><script type=""text/javascript"">window.NREUM||(NREUM={});NREUM.info={""beacon"":""bam.nr-data.net"",""errorBeacon"":""bam.nr-data.net"",""licenseKey"":""0ed0ce50b0"",""applicationID"":""5588594"",""transactionName"":""Y1BRbUUFWkMEWxYMV1oadUxZB0BZClZNCV5ZG0RcVUpDRxIWAxVIRxteTEQNVx4TUQcSSxpWUk1WCFtXEF1YMUpVVlgXUAFA"",""queueTime"":0,""applicationTime"":794,""agent"":""""};
(window.NREUM||(NREUM={})).init={ajax:{deny_list:[""bam.nr-data.net""]}};(window.NREUM||(NREUM={})).loader_config={xpid:""UwYPV15QGwYFXFlXDgU="",licenseKey:""0ed0ce50b0"",applicationID:""5588594"",browserID:""5591142""};;/*! For license information please see nr-loader-full-1.302.0.min.js.LICENSE.txt */
(()=>{var e,t,r={384:(e,t,r)=>{""use strict"";r.d(t,{NT:()=>o,US:()=>u,Zm:()=>s,bQ:()=>d,dV:()=>c,pV:()=>l});var n=r(6154),i=r(1863),a=r(1910);const o={beacon:""bam.nr-data.net"",errorBeacon:""bam.nr-data.net""};function s(){return n.gm.NREUM||(n.gm.NREUM={}),void 0===n.gm.newrelic&&(n.gm.newrelic=n.gm.NREUM),n.gm.NREUM}function c(){let e=s();return e.o||(e.o={ST:n.gm.setTimeout,SI:n.gm.setImmediate||n.gm.setInterval,CT:n.gm.clearTimeout,XHR:n.gm.XMLHttpRequest,REQ:n.gm.Request,EV:n.gm.Event,PR:n.gm.Promise,MO:n.gm.MutationObserver,FETCH:n.gm.fetch,WS:n.gm.WebSocket},(0,a.i)(...Object.values(e.o))),e}function d(e,t){let r=s();r.initializedAgents??={},t.initializedAt={ms:(0,i.t)(),date:new Date},r.initializedAgents[e]=t}function u(e,t){s()[e]=t}function l(){return function(){let e=s();const t=e.info||{};e.info={beacon:o.beacon,errorBeacon:o.errorBeacon,...t}}(),function(){let e=s();const t=e.init||{};e.init={...t}}(),c(),function(){let e=s();const t=e.loader_config||{};e.loader_config={...t}}(),s()}},782:(e,t,r)=>{""use strict"";r.d(t,{T:()=>n});const n=r(860).K7.pageViewTiming},860:(e,t,r)=>{""use strict"";r.d(t,{$J:()=>u,K7:()=>c,P3:()=>d,XX:()=>i,Yy:()=>s,df:()=>a,qY:()=>n,v4:()=>o});const n=""events"",i=""jserrors"",a=""browser/blobs"",o=""rum"",s=""browser/logs"",c={ajax:""ajax"",genericEvents:""generic_events"",jserrors:i,logging:""logging"",metrics:""metrics"",pageAction:""page_action"",pageViewEvent:""page_view_event"",pageViewTiming:""page_view_timing"",sessionReplay:""session_replay"",sessionTrace:""session_trace"",softNav:""soft_navigations"",spa:""spa""},d={[c.pageViewEvent]:1,[c.pageViewTiming]:2,[c.metrics]:3,[c.jserrors]:4,[c.spa]:5,[c.ajax]:6,[c.sessionTrace]:7,[c.softNav]:8,[c.sessionReplay]:9,[c.logging]:10,[c.genericEvents]:11},u={[c.pageViewEvent]:o,[c.pageViewTiming]:n,[c.ajax]:n,[c.spa]:n,[c.softNav]:n,[c.metrics]:i,[c.jserrors]:i,[c.sessionTrace]:a,[c.sessionReplay]:a,[c.logging]:s,[c.genericEvents]:""ins""}},944:(e,t,r)=>{""use strict"";r.d(t,{R:()=>i});var n=r(3241);function i(e,t){""function""==typeof console.debug&&(console.debug(""New Relic Warning: https://github.com/newrelic/newrelic-browser-agent/blob/main/docs/warning-codes.md#"".concat(e),t),(0,n.W)({agentIdentifier:null,drained:null,type:""data"",name:""warn"",feature:""warn"",data:{code:e,secondary:t}}))}},993:(e,t,r)=>{""use strict"";r.d(t,{A$:()=>a,ET:()=>o,TZ:()=>s,p_:()=>i});var n=r(860);const i={ERROR:""ERROR"",WARN:""WARN"",INFO:""INFO"",DEBUG:""DEBUG"",TRACE:""TRACE""},a={OFF:0,ERROR:1,WARN:2,INFO:3,DEBUG:4,TRACE:5},o=""log"",s=n.K7.logging},1687:(e,t,r)=>{""use strict"";r.d(t,{Ak:()=>d,Ze:()=>f,x3:()=>u});var n=r(3241),i=r(7836),a=r(3606),o=r(860),s=r(2646);const c={};function d(e,t){const r={staged:!1,priority:o.P3[t]||0};l(e),c[e].get(t)||c[e].set(t,r)}function u(e,t){e&&c[e]&&(c[e].get(t)&&c[e].delete(t),p(e,t,!1),c[e].size&&h(e))}function l(e){if(!e)throw new Error(""agentIdentifier required"");c[e]||(c[e]=new Map)}function f(e="""",t=""feature"",r=!1){if(l(e),!e||!c[e].get(t)||r)return p(e,t);c[e].get(t).staged=!0,h(e)}function h(e){const t=Array.from(c[e]);t.every(([e,t])=>t.staged)&&(t.sort((e,t)=>e[1].priority-t[1].priority),t.forEach(([t])=>{c[e].delete(t),p(e,t)}))}function p(e,t,r=!0){const o=e?i.ee.get(e):i.ee,c=a.i.handlers;if(!o.aborted&&o.backlog&&c){if((0,n.W)({agentIdentifier:e,type:""lifecycle"",name:""drain"",feature:t}),r){const e=o.backlog[t],r=c[t];if(r){for(let t=0;e&&t<e.length;++t)g(e[t],r);Object.entries(r).forEach(([e,t])=>{Object.values(t||{}).forEach(t=>{t[0]?.on&&t[0]?.context()instanceof s.y&&t[0].on(e,t[1])})})}}o.isolatedBacklog||delete c[t],o.backlog[t]=null,o.emit(""drain-""+t,[])}}function g(e,t){var r=e[1];Object.values(t[r]||{}).forEach(t=>{var r=e[0];if(t[0]===r){var n=t[1],i=e[3],a=e[2];n.apply(i,a)}})}},1741:(e,t,r)=>{""use strict"";r.d(t,{W:()=>a});var n=r(944),i=r(4261);class a{#e(e,...t){if(this[e]!==a.prototype[e])return this[e](...t);(0,n.R)(35,e)}addPageAction(e,t){return this.#e(i.hG,e,t)}register(e){return this.#e(i.eY,e)}recordCustomEvent(e,t){return this.#e(i.fF,e,t)}setPageViewName(e,t){return this.#e(i.Fw,e,t)}setCustomAttribute(e,t,r){return this.#e(i.cD,e,t,r)}noticeError(e,t){return this.#e(i.o5,e,t)}setUserId(e){return this.#e(i.",success
indie,Time to Pretend,MGMT,Oracular Spectacular,4:21,"2,441,248","25,713,962",https://www.last.fm/music/MGMT/_/Time+to+Pretend,"
<!DOCTYPE html>

<html class=""no-js playbar-masthead-release-shim youtube-provider-not-ready"" lang=""en"">
<head>
<meta charset=""utf-8""/>
<meta content=""IE=edge"" http-equiv=""X-UA-Compatible""/><script type=""text/javascript"">window.NREUM||(NREUM={});NREUM.info={""beacon"":""bam.nr-data.net"",""errorBeacon"":""bam.nr-data.net"",""licenseKey"":""0ed0ce50b0"",""applicationID"":""5588594"",""transactionName"":""Y1BRbUUFWkMEWxYMV1oadUxZB0BZClZNCV5ZG0RcVUpDRxIWAxVIRxteTEQNVx4TUQcSSxpWUk1WCFtXEF1YMUpVVlgXUAFA"",""queueTime"":0,""applicationTime"":521,""agent"":""""};
(window.NREUM||(NREUM={})).init={ajax:{deny_list:[""bam.nr-data.net""]}};(window.NREUM||(NREUM={})).loader_config={xpid:""UwYPV15QGwYFXFlXDgU="",licenseKey:""0ed0ce50b0"",applicationID:""5588594"",browserID:""5591142""};;/*! For license information please see nr-loader-full-1.302.0.min.js.LICENSE.txt */
(()=>{var e,t,r={384:(e,t,r)=>{""use strict"";r.d(t,{NT:()=>o,US:()=>u,Zm:()=>s,bQ:()=>d,dV:()=>c,pV:()=>l});var n=r(6154),i=r(1863),a=r(1910);const o={beacon:""bam.nr-data.net"",errorBeacon:""bam.nr-data.net""};function s(){return n.gm.NREUM||(n.gm.NREUM={}),void 0===n.gm.newrelic&&(n.gm.newrelic=n.gm.NREUM),n.gm.NREUM}function c(){let e=s();return e.o||(e.o={ST:n.gm.setTimeout,SI:n.gm.setImmediate||n.gm.setInterval,CT:n.gm.clearTimeout,XHR:n.gm.XMLHttpRequest,REQ:n.gm.Request,EV:n.gm.Event,PR:n.gm.Promise,MO:n.gm.MutationObserver,FETCH:n.gm.fetch,WS:n.gm.WebSocket},(0,a.i)(...Object.values(e.o))),e}function d(e,t){let r=s();r.initializedAgents??={},t.initializedAt={ms:(0,i.t)(),date:new Date},r.initializedAgents[e]=t}function u(e,t){s()[e]=t}function l(){return function(){let e=s();const t=e.info||{};e.info={beacon:o.beacon,errorBeacon:o.errorBeacon,...t}}(),function(){let e=s();const t=e.init||{};e.init={...t}}(),c(),function(){let e=s();const t=e.loader_config||{};e.loader_config={...t}}(),s()}},782:(e,t,r)=>{""use strict"";r.d(t,{T:()=>n});const n=r(860).K7.pageViewTiming},860:(e,t,r)=>{""use strict"";r.d(t,{$J:()=>u,K7:()=>c,P3:()=>d,XX:()=>i,Yy:()=>s,df:()=>a,qY:()=>n,v4:()=>o});const n=""events"",i=""jserrors"",a=""browser/blobs"",o=""rum"",s=""browser/logs"",c={ajax:""ajax"",genericEvents:""generic_events"",jserrors:i,logging:""logging"",metrics:""metrics"",pageAction:""page_action"",pageViewEvent:""page_view_event"",pageViewTiming:""page_view_timing"",sessionReplay:""session_replay"",sessionTrace:""session_trace"",softNav:""soft_navigations"",spa:""spa""},d={[c.pageViewEvent]:1,[c.pageViewTiming]:2,[c.metrics]:3,[c.jserrors]:4,[c.spa]:5,[c.ajax]:6,[c.sessionTrace]:7,[c.softNav]:8,[c.sessionReplay]:9,[c.logging]:10,[c.genericEvents]:11},u={[c.pageViewEvent]:o,[c.pageViewTiming]:n,[c.ajax]:n,[c.spa]:n,[c.softNav]:n,[c.metrics]:i,[c.jserrors]:i,[c.sessionTrace]:a,[c.sessionReplay]:a,[c.logging]:s,[c.genericEvents]:""ins""}},944:(e,t,r)=>{""use strict"";r.d(t,{R:()=>i});var n=r(3241);function i(e,t){""function""==typeof console.debug&&(console.debug(""New Relic Warning: https://github.com/newrelic/newrelic-browser-agent/blob/main/docs/warning-codes.md#"".concat(e),t),(0,n.W)({agentIdentifier:null,drained:null,type:""data"",name:""warn"",feature:""warn"",data:{code:e,secondary:t}}))}},993:(e,t,r)=>{""use strict"";r.d(t,{A$:()=>a,ET:()=>o,TZ:()=>s,p_:()=>i});var n=r(860);const i={ERROR:""ERROR"",WARN:""WARN"",INFO:""INFO"",DEBUG:""DEBUG"",TRACE:""TRACE""},a={OFF:0,ERROR:1,WARN:2,INFO:3,DEBUG:4,TRACE:5},o=""log"",s=n.K7.logging},1687:(e,t,r)=>{""use strict"";r.d(t,{Ak:()=>d,Ze:()=>f,x3:()=>u});var n=r(3241),i=r(7836),a=r(3606),o=r(860),s=r(2646);const c={};function d(e,t){const r={staged:!1,priority:o.P3[t]||0};l(e),c[e].get(t)||c[e].set(t,r)}function u(e,t){e&&c[e]&&(c[e].get(t)&&c[e].delete(t),p(e,t,!1),c[e].size&&h(e))}function l(e){if(!e)throw new Error(""agentIdentifier required"");c[e]||(c[e]=new Map)}function f(e="""",t=""feature"",r=!1){if(l(e),!e||!c[e].get(t)||r)return p(e,t);c[e].get(t).staged=!0,h(e)}function h(e){const t=Array.from(c[e]);t.every(([e,t])=>t.staged)&&(t.sort((e,t)=>e[1].priority-t[1].priority),t.forEach(([t])=>{c[e].delete(t),p(e,t)}))}function p(e,t,r=!0){const o=e?i.ee.get(e):i.ee,c=a.i.handlers;if(!o.aborted&&o.backlog&&c){if((0,n.W)({agentIdentifier:e,type:""lifecycle"",name:""drain"",feature:t}),r){const e=o.backlog[t],r=c[t];if(r){for(let t=0;e&&t<e.length;++t)g(e[t],r);Object.entries(r).forEach(([e,t])=>{Object.values(t||{}).forEach(t=>{t[0]?.on&&t[0]?.context()instanceof s.y&&t[0].on(e,t[1])})})}}o.isolatedBacklog||delete c[t],o.backlog[t]=null,o.emit(""drain-""+t,[])}}function g(e,t){var r=e[1];Object.values(t[r]||{}).forEach(t=>{var r=e[0];if(t[0]===r){var n=t[1],i=e[3],a=e[2];n.apply(i,a)}})}},1741:(e,t,r)=>{""use strict"";r.d(t,{W:()=>a});var n=r(944),i=r(4261);class a{#e(e,...t){if(this[e]!==a.prototype[e])return this[e](...t);(0,n.R)(35,e)}addPageAction(e,t){return this.#e(i.hG,e,t)}register(e){return this.#e(i.eY,e)}recordCustomEvent(e,t){return this.#e(i.fF,e,t)}setPageViewName(e,t){return this.#e(i.Fw,e,t)}setCustomAttribute(e,t,r){return this.#e(i.cD,e,t,r)}noticeError(e,t){return this.#e(i.o5,e,t)}setUserId(e){return this.#e(i.",success
indie,Kids,MGMT,Oracular Spectacular,5:02,"2,881,818","31,333,773",https://www.last.fm/music/MGMT/_/Kids,"
<!DOCTYPE html>

<html class=""no-js playbar-masthead-release-shim youtube-provider-not-ready"" lang=""en"">
<head>
<meta charset=""utf-8""/>
<meta content=""IE=edge"" http-equiv=""X-UA-Compatible""/><script type=""text/javascript"">window.NREUM||(NREUM={});NREUM.info={""beacon"":""bam.nr-data.net"",""errorBeacon"":""bam.nr-data.net"",""licenseKey"":""0ed0ce50b0"",""applicationID"":""5588594"",""transactionName"":""Y1BRbUUFWkMEWxYMV1oadUxZB0BZClZNCV5ZG0RcVUpDRxIWAxVIRxteTEQNVx4TUQcSSxpWUk1WCFtXEF1YMUpVVlgXUAFA"",""queueTime"":0,""applicationTime"":617,""agent"":""""};
(window.NREUM||(NREUM={})).init={ajax:{deny_list:[""bam.nr-data.net""]}};(window.NREUM||(NREUM={})).loader_config={xpid:""UwYPV15QGwYFXFlXDgU="",licenseKey:""0ed0ce50b0"",applicationID:""5588594"",browserID:""5591142""};;/*! For license information please see nr-loader-full-1.302.0.min.js.LICENSE.txt */
(()=>{var e,t,r={384:(e,t,r)=>{""use strict"";r.d(t,{NT:()=>o,US:()=>u,Zm:()=>s,bQ:()=>d,dV:()=>c,pV:()=>l});var n=r(6154),i=r(1863),a=r(1910);const o={beacon:""bam.nr-data.net"",errorBeacon:""bam.nr-data.net""};function s(){return n.gm.NREUM||(n.gm.NREUM={}),void 0===n.gm.newrelic&&(n.gm.newrelic=n.gm.NREUM),n.gm.NREUM}function c(){let e=s();return e.o||(e.o={ST:n.gm.setTimeout,SI:n.gm.setImmediate||n.gm.setInterval,CT:n.gm.clearTimeout,XHR:n.gm.XMLHttpRequest,REQ:n.gm.Request,EV:n.gm.Event,PR:n.gm.Promise,MO:n.gm.MutationObserver,FETCH:n.gm.fetch,WS:n.gm.WebSocket},(0,a.i)(...Object.values(e.o))),e}function d(e,t){let r=s();r.initializedAgents??={},t.initializedAt={ms:(0,i.t)(),date:new Date},r.initializedAgents[e]=t}function u(e,t){s()[e]=t}function l(){return function(){let e=s();const t=e.info||{};e.info={beacon:o.beacon,errorBeacon:o.errorBeacon,...t}}(),function(){let e=s();const t=e.init||{};e.init={...t}}(),c(),function(){let e=s();const t=e.loader_config||{};e.loader_config={...t}}(),s()}},782:(e,t,r)=>{""use strict"";r.d(t,{T:()=>n});const n=r(860).K7.pageViewTiming},860:(e,t,r)=>{""use strict"";r.d(t,{$J:()=>u,K7:()=>c,P3:()=>d,XX:()=>i,Yy:()=>s,df:()=>a,qY:()=>n,v4:()=>o});const n=""events"",i=""jserrors"",a=""browser/blobs"",o=""rum"",s=""browser/logs"",c={ajax:""ajax"",genericEvents:""generic_events"",jserrors:i,logging:""logging"",metrics:""metrics"",pageAction:""page_action"",pageViewEvent:""page_view_event"",pageViewTiming:""page_view_timing"",sessionReplay:""session_replay"",sessionTrace:""session_trace"",softNav:""soft_navigations"",spa:""spa""},d={[c.pageViewEvent]:1,[c.pageViewTiming]:2,[c.metrics]:3,[c.jserrors]:4,[c.spa]:5,[c.ajax]:6,[c.sessionTrace]:7,[c.softNav]:8,[c.sessionReplay]:9,[c.logging]:10,[c.genericEvents]:11},u={[c.pageViewEvent]:o,[c.pageViewTiming]:n,[c.ajax]:n,[c.spa]:n,[c.softNav]:n,[c.metrics]:i,[c.jserrors]:i,[c.sessionTrace]:a,[c.sessionReplay]:a,[c.logging]:s,[c.genericEvents]:""ins""}},944:(e,t,r)=>{""use strict"";r.d(t,{R:()=>i});var n=r(3241);function i(e,t){""function""==typeof console.debug&&(console.debug(""New Relic Warning: https://github.com/newrelic/newrelic-browser-agent/blob/main/docs/warning-codes.md#"".concat(e),t),(0,n.W)({agentIdentifier:null,drained:null,type:""data"",name:""warn"",feature:""warn"",data:{code:e,secondary:t}}))}},993:(e,t,r)=>{""use strict"";r.d(t,{A$:()=>a,ET:()=>o,TZ:()=>s,p_:()=>i});var n=r(860);const i={ERROR:""ERROR"",WARN:""WARN"",INFO:""INFO"",DEBUG:""DEBUG"",TRACE:""TRACE""},a={OFF:0,ERROR:1,WARN:2,INFO:3,DEBUG:4,TRACE:5},o=""log"",s=n.K7.logging},1687:(e,t,r)=>{""use strict"";r.d(t,{Ak:()=>d,Ze:()=>f,x3:()=>u});var n=r(3241),i=r(7836),a=r(3606),o=r(860),s=r(2646);const c={};function d(e,t){const r={staged:!1,priority:o.P3[t]||0};l(e),c[e].get(t)||c[e].set(t,r)}function u(e,t){e&&c[e]&&(c[e].get(t)&&c[e].delete(t),p(e,t,!1),c[e].size&&h(e))}function l(e){if(!e)throw new Error(""agentIdentifier required"");c[e]||(c[e]=new Map)}function f(e="""",t=""feature"",r=!1){if(l(e),!e||!c[e].get(t)||r)return p(e,t);c[e].get(t).staged=!0,h(e)}function h(e){const t=Array.from(c[e]);t.every(([e,t])=>t.staged)&&(t.sort((e,t)=>e[1].priority-t[1].priority),t.forEach(([t])=>{c[e].delete(t),p(e,t)}))}function p(e,t,r=!0){const o=e?i.ee.get(e):i.ee,c=a.i.handlers;if(!o.aborted&&o.backlog&&c){if((0,n.W)({agentIdentifier:e,type:""lifecycle"",name:""drain"",feature:t}),r){const e=o.backlog[t],r=c[t];if(r){for(let t=0;e&&t<e.length;++t)g(e[t],r);Object.entries(r).forEach(([e,t])=>{Object.values(t||{}).forEach(t=>{t[0]?.on&&t[0]?.context()instanceof s.y&&t[0].on(e,t[1])})})}}o.isolatedBacklog||delete c[t],o.backlog[t]=null,o.emit(""drain-""+t,[])}}function g(e,t){var r=e[1];Object.values(t[r]||{}).forEach(t=>{var r=e[0];if(t[0]===r){var n=t[1],i=e[3],a=e[2];n.apply(i,a)}})}},1741:(e,t,r)=>{""use strict"";r.d(t,{W:()=>a});var n=r(944),i=r(4261);class a{#e(e,...t){if(this[e]!==a.prototype[e])return this[e](...t);(0,n.R)(35,e)}addPageAction(e,t){return this.#e(i.hG,e,t)}register(e){return this.#e(i.eY,e)}recordCustomEvent(e,t){return this.#e(i.fF,e,t)}setPageViewName(e,t){return this.#e(i.Fw,e,t)}setCustomAttribute(e,t,r){return this.#e(i.cD,e,t,r)}noticeError(e,t){return this.#e(i.o5,e,t)}setUserId(e){return this.#e(i.",success
indie,Born to Die,Lana Del Rey,Born to Die,4:46,"1,935,008","30,040,178",https://www.last.fm/music/Lana+Del+Rey/_/Born+to+Die,"
<!DOCTYPE html>

<html class=""no-js playbar-masthead-release-shim youtube-provider-not-ready"" lang=""en"">
<head>
<meta charset=""utf-8""/>
<meta content=""IE=edge"" http-equiv=""X-UA-Compatible""/><script type=""text/javascript"">window.NREUM||(NREUM={});NREUM.info={""beacon"":""bam.nr-data.net"",""errorBeacon"":""bam.nr-data.net"",""licenseKey"":""0ed0ce50b0"",""applicationID"":""5588594"",""transactionName"":""Y1BRbUUFWkMEWxYMV1oadUxZB0BZClZNCV5ZG0RcVUpDRxIWAxVIRxteTEQNVx4TUQcSSxpWUk1WCFtXEF1YMUpVVlgXUAFA"",""queueTime"":0,""applicationTime"":785,""agent"":""""};
(window.NREUM||(NREUM={})).init={ajax:{deny_list:[""bam.nr-data.net""]}};(window.NREUM||(NREUM={})).loader_config={xpid:""UwYPV15QGwYFXFlXDgU="",licenseKey:""0ed0ce50b0"",applicationID:""5588594"",browserID:""5591142""};;/*! For license information please see nr-loader-full-1.302.0.min.js.LICENSE.txt */
(()=>{var e,t,r={384:(e,t,r)=>{""use strict"";r.d(t,{NT:()=>o,US:()=>u,Zm:()=>s,bQ:()=>d,dV:()=>c,pV:()=>l});var n=r(6154),i=r(1863),a=r(1910);const o={beacon:""bam.nr-data.net"",errorBeacon:""bam.nr-data.net""};function s(){return n.gm.NREUM||(n.gm.NREUM={}),void 0===n.gm.newrelic&&(n.gm.newrelic=n.gm.NREUM),n.gm.NREUM}function c(){let e=s();return e.o||(e.o={ST:n.gm.setTimeout,SI:n.gm.setImmediate||n.gm.setInterval,CT:n.gm.clearTimeout,XHR:n.gm.XMLHttpRequest,REQ:n.gm.Request,EV:n.gm.Event,PR:n.gm.Promise,MO:n.gm.MutationObserver,FETCH:n.gm.fetch,WS:n.gm.WebSocket},(0,a.i)(...Object.values(e.o))),e}function d(e,t){let r=s();r.initializedAgents??={},t.initializedAt={ms:(0,i.t)(),date:new Date},r.initializedAgents[e]=t}function u(e,t){s()[e]=t}function l(){return function(){let e=s();const t=e.info||{};e.info={beacon:o.beacon,errorBeacon:o.errorBeacon,...t}}(),function(){let e=s();const t=e.init||{};e.init={...t}}(),c(),function(){let e=s();const t=e.loader_config||{};e.loader_config={...t}}(),s()}},782:(e,t,r)=>{""use strict"";r.d(t,{T:()=>n});const n=r(860).K7.pageViewTiming},860:(e,t,r)=>{""use strict"";r.d(t,{$J:()=>u,K7:()=>c,P3:()=>d,XX:()=>i,Yy:()=>s,df:()=>a,qY:()=>n,v4:()=>o});const n=""events"",i=""jserrors"",a=""browser/blobs"",o=""rum"",s=""browser/logs"",c={ajax:""ajax"",genericEvents:""generic_events"",jserrors:i,logging:""logging"",metrics:""metrics"",pageAction:""page_action"",pageViewEvent:""page_view_event"",pageViewTiming:""page_view_timing"",sessionReplay:""session_replay"",sessionTrace:""session_trace"",softNav:""soft_navigations"",spa:""spa""},d={[c.pageViewEvent]:1,[c.pageViewTiming]:2,[c.metrics]:3,[c.jserrors]:4,[c.spa]:5,[c.ajax]:6,[c.sessionTrace]:7,[c.softNav]:8,[c.sessionReplay]:9,[c.logging]:10,[c.genericEvents]:11},u={[c.pageViewEvent]:o,[c.pageViewTiming]:n,[c.ajax]:n,[c.spa]:n,[c.softNav]:n,[c.metrics]:i,[c.jserrors]:i,[c.sessionTrace]:a,[c.sessionReplay]:a,[c.logging]:s,[c.genericEvents]:""ins""}},944:(e,t,r)=>{""use strict"";r.d(t,{R:()=>i});var n=r(3241);function i(e,t){""function""==typeof console.debug&&(console.debug(""New Relic Warning: https://github.com/newrelic/newrelic-browser-agent/blob/main/docs/warning-codes.md#"".concat(e),t),(0,n.W)({agentIdentifier:null,drained:null,type:""data"",name:""warn"",feature:""warn"",data:{code:e,secondary:t}}))}},993:(e,t,r)=>{""use strict"";r.d(t,{A$:()=>a,ET:()=>o,TZ:()=>s,p_:()=>i});var n=r(860);const i={ERROR:""ERROR"",WARN:""WARN"",INFO:""INFO"",DEBUG:""DEBUG"",TRACE:""TRACE""},a={OFF:0,ERROR:1,WARN:2,INFO:3,DEBUG:4,TRACE:5},o=""log"",s=n.K7.logging},1687:(e,t,r)=>{""use strict"";r.d(t,{Ak:()=>d,Ze:()=>f,x3:()=>u});var n=r(3241),i=r(7836),a=r(3606),o=r(860),s=r(2646);const c={};function d(e,t){const r={staged:!1,priority:o.P3[t]||0};l(e),c[e].get(t)||c[e].set(t,r)}function u(e,t){e&&c[e]&&(c[e].get(t)&&c[e].delete(t),p(e,t,!1),c[e].size&&h(e))}function l(e){if(!e)throw new Error(""agentIdentifier required"");c[e]||(c[e]=new Map)}function f(e="""",t=""feature"",r=!1){if(l(e),!e||!c[e].get(t)||r)return p(e,t);c[e].get(t).staged=!0,h(e)}function h(e){const t=Array.from(c[e]);t.every(([e,t])=>t.staged)&&(t.sort((e,t)=>e[1].priority-t[1].priority),t.forEach(([t])=>{c[e].delete(t),p(e,t)}))}function p(e,t,r=!0){const o=e?i.ee.get(e):i.ee,c=a.i.handlers;if(!o.aborted&&o.backlog&&c){if((0,n.W)({agentIdentifier:e,type:""lifecycle"",name:""drain"",feature:t}),r){const e=o.backlog[t],r=c[t];if(r){for(let t=0;e&&t<e.length;++t)g(e[t],r);Object.entries(r).forEach(([e,t])=>{Object.values(t||{}).forEach(t=>{t[0]?.on&&t[0]?.context()instanceof s.y&&t[0].on(e,t[1])})})}}o.isolatedBacklog||delete c[t],o.backlog[t]=null,o.emit(""drain-""+t,[])}}function g(e,t){var r=e[1];Object.values(t[r]||{}).forEach(t=>{var r=e[0];if(t[0]===r){var n=t[1],i=e[3],a=e[2];n.apply(i,a)}})}},1741:(e,t,r)=>{""use strict"";r.d(t,{W:()=>a});var n=r(944),i=r(4261);class a{#e(e,...t){if(this[e]!==a.prototype[e])return this[e](...t);(0,n.R)(35,e)}addPageAction(e,t){return this.#e(i.hG,e,t)}register(e){return this.#e(i.eY,e)}recordCustomEvent(e,t){return this.#e(i.fF,e,t)}setPageViewName(e,t){return this.#e(i.Fw,e,t)}setCustomAttribute(e,t,r){return this.#e(i.cD,e,t,r)}noticeError(e,t){return this.#e(i.o5,e,t)}setUserId(e){return this.#e(i.",success
indie,Afraid,The Neighbourhood,I Love You.,4:11,"1,098,318","11,411,811",https://www.last.fm/music/The+Neighbourhood/_/Afraid,"
<!DOCTYPE html>

<html class=""no-js playbar-masthead-release-shim youtube-provider-not-ready"" lang=""en"">
<head>
<meta charset=""utf-8""/>
<meta content=""IE=edge"" http-equiv=""X-UA-Compatible""/><script type=""text/javascript"">window.NREUM||(NREUM={});NREUM.info={""beacon"":""bam.nr-data.net"",""errorBeacon"":""bam.nr-data.net"",""licenseKey"":""0ed0ce50b0"",""applicationID"":""5588594"",""transactionName"":""Y1BRbUUFWkMEWxYMV1oadUxZB0BZClZNCV5ZG0RcVUpDRxIWAxVIRxteTEQNVx4TUQcSSxpWUk1WCFtXEF1YMUpVVlgXUAFA"",""queueTime"":0,""applicationTime"":634,""agent"":""""};
(window.NREUM||(NREUM={})).init={ajax:{deny_list:[""bam.nr-data.net""]}};(window.NREUM||(NREUM={})).loader_config={xpid:""UwYPV15QGwYFXFlXDgU="",licenseKey:""0ed0ce50b0"",applicationID:""5588594"",browserID:""5591142""};;/*! For license information please see nr-loader-full-1.302.0.min.js.LICENSE.txt */
(()=>{var e,t,r={384:(e,t,r)=>{""use strict"";r.d(t,{NT:()=>o,US:()=>u,Zm:()=>s,bQ:()=>d,dV:()=>c,pV:()=>l});var n=r(6154),i=r(1863),a=r(1910);const o={beacon:""bam.nr-data.net"",errorBeacon:""bam.nr-data.net""};function s(){return n.gm.NREUM||(n.gm.NREUM={}),void 0===n.gm.newrelic&&(n.gm.newrelic=n.gm.NREUM),n.gm.NREUM}function c(){let e=s();return e.o||(e.o={ST:n.gm.setTimeout,SI:n.gm.setImmediate||n.gm.setInterval,CT:n.gm.clearTimeout,XHR:n.gm.XMLHttpRequest,REQ:n.gm.Request,EV:n.gm.Event,PR:n.gm.Promise,MO:n.gm.MutationObserver,FETCH:n.gm.fetch,WS:n.gm.WebSocket},(0,a.i)(...Object.values(e.o))),e}function d(e,t){let r=s();r.initializedAgents??={},t.initializedAt={ms:(0,i.t)(),date:new Date},r.initializedAgents[e]=t}function u(e,t){s()[e]=t}function l(){return function(){let e=s();const t=e.info||{};e.info={beacon:o.beacon,errorBeacon:o.errorBeacon,...t}}(),function(){let e=s();const t=e.init||{};e.init={...t}}(),c(),function(){let e=s();const t=e.loader_config||{};e.loader_config={...t}}(),s()}},782:(e,t,r)=>{""use strict"";r.d(t,{T:()=>n});const n=r(860).K7.pageViewTiming},860:(e,t,r)=>{""use strict"";r.d(t,{$J:()=>u,K7:()=>c,P3:()=>d,XX:()=>i,Yy:()=>s,df:()=>a,qY:()=>n,v4:()=>o});const n=""events"",i=""jserrors"",a=""browser/blobs"",o=""rum"",s=""browser/logs"",c={ajax:""ajax"",genericEvents:""generic_events"",jserrors:i,logging:""logging"",metrics:""metrics"",pageAction:""page_action"",pageViewEvent:""page_view_event"",pageViewTiming:""page_view_timing"",sessionReplay:""session_replay"",sessionTrace:""session_trace"",softNav:""soft_navigations"",spa:""spa""},d={[c.pageViewEvent]:1,[c.pageViewTiming]:2,[c.metrics]:3,[c.jserrors]:4,[c.spa]:5,[c.ajax]:6,[c.sessionTrace]:7,[c.softNav]:8,[c.sessionReplay]:9,[c.logging]:10,[c.genericEvents]:11},u={[c.pageViewEvent]:o,[c.pageViewTiming]:n,[c.ajax]:n,[c.spa]:n,[c.softNav]:n,[c.metrics]:i,[c.jserrors]:i,[c.sessionTrace]:a,[c.sessionReplay]:a,[c.logging]:s,[c.genericEvents]:""ins""}},944:(e,t,r)=>{""use strict"";r.d(t,{R:()=>i});var n=r(3241);function i(e,t){""function""==typeof console.debug&&(console.debug(""New Relic Warning: https://github.com/newrelic/newrelic-browser-agent/blob/main/docs/warning-codes.md#"".concat(e),t),(0,n.W)({agentIdentifier:null,drained:null,type:""data"",name:""warn"",feature:""warn"",data:{code:e,secondary:t}}))}},993:(e,t,r)=>{""use strict"";r.d(t,{A$:()=>a,ET:()=>o,TZ:()=>s,p_:()=>i});var n=r(860);const i={ERROR:""ERROR"",WARN:""WARN"",INFO:""INFO"",DEBUG:""DEBUG"",TRACE:""TRACE""},a={OFF:0,ERROR:1,WARN:2,INFO:3,DEBUG:4,TRACE:5},o=""log"",s=n.K7.logging},1687:(e,t,r)=>{""use strict"";r.d(t,{Ak:()=>d,Ze:()=>f,x3:()=>u});var n=r(3241),i=r(7836),a=r(3606),o=r(860),s=r(2646);const c={};function d(e,t){const r={staged:!1,priority:o.P3[t]||0};l(e),c[e].get(t)||c[e].set(t,r)}function u(e,t){e&&c[e]&&(c[e].get(t)&&c[e].delete(t),p(e,t,!1),c[e].size&&h(e))}function l(e){if(!e)throw new Error(""agentIdentifier required"");c[e]||(c[e]=new Map)}function f(e="""",t=""feature"",r=!1){if(l(e),!e||!c[e].get(t)||r)return p(e,t);c[e].get(t).staged=!0,h(e)}function h(e){const t=Array.from(c[e]);t.every(([e,t])=>t.staged)&&(t.sort((e,t)=>e[1].priority-t[1].priority),t.forEach(([t])=>{c[e].delete(t),p(e,t)}))}function p(e,t,r=!0){const o=e?i.ee.get(e):i.ee,c=a.i.handlers;if(!o.aborted&&o.backlog&&c){if((0,n.W)({agentIdentifier:e,type:""lifecycle"",name:""drain"",feature:t}),r){const e=o.backlog[t],r=c[t];if(r){for(let t=0;e&&t<e.length;++t)g(e[t],r);Object.entries(r).forEach(([e,t])=>{Object.values(t||{}).forEach(t=>{t[0]?.on&&t[0]?.context()instanceof s.y&&t[0].on(e,t[1])})})}}o.isolatedBacklog||delete c[t],o.backlog[t]=null,o.emit(""drain-""+t,[])}}function g(e,t){var r=e[1];Object.values(t[r]||{}).forEach(t=>{var r=e[0];if(t[0]===r){var n=t[1],i=e[3],a=e[2];n.apply(i,a)}})}},1741:(e,t,r)=>{""use strict"";r.d(t,{W:()=>a});var n=r(944),i=r(4261);class a{#e(e,...t){if(this[e]!==a.prototype[e])return this[e](...t);(0,n.R)(35,e)}addPageAction(e,t){return this.#e(i.hG,e,t)}register(e){return this.#e(i.eY,e)}recordCustomEvent(e,t){return this.#e(i.fF,e,t)}setPageViewName(e,t){return this.#e(i.Fw,e,t)}setCustomAttribute(e,t,r){return this.#e(i.cD,e,t,r)}noticeError(e,t){return this.#e(i.o5,e,t)}setUserId(e){return this.#e(i.",success
indie,Another Love,Tom Odell,Long Way Down (Deluxe),4:03,"1,362,021","17,176,529",https://www.last.fm/music/Tom+Odell/_/Another+Love,"
<!DOCTYPE html>

<html class=""no-js playbar-masthead-release-shim youtube-provider-not-ready"" lang=""en"">
<head>
<meta charset=""utf-8""/>
<meta content=""IE=edge"" http-equiv=""X-UA-Compatible""/><script type=""text/javascript"">window.NREUM||(NREUM={});NREUM.info={""beacon"":""bam.nr-data.net"",""errorBeacon"":""bam.nr-data.net"",""licenseKey"":""0ed0ce50b0"",""applicationID"":""5588594"",""transactionName"":""Y1BRbUUFWkMEWxYMV1oadUxZB0BZClZNCV5ZG0RcVUpDRxIWAxVIRxteTEQNVx4TUQcSSxpWUk1WCFtXEF1YMUpVVlgXUAFA"",""queueTime"":0,""applicationTime"":678,""agent"":""""};
(window.NREUM||(NREUM={})).init={ajax:{deny_list:[""bam.nr-data.net""]}};(window.NREUM||(NREUM={})).loader_config={xpid:""UwYPV15QGwYFXFlXDgU="",licenseKey:""0ed0ce50b0"",applicationID:""5588594"",browserID:""5591142""};;/*! For license information please see nr-loader-full-1.302.0.min.js.LICENSE.txt */
(()=>{var e,t,r={384:(e,t,r)=>{""use strict"";r.d(t,{NT:()=>o,US:()=>u,Zm:()=>s,bQ:()=>d,dV:()=>c,pV:()=>l});var n=r(6154),i=r(1863),a=r(1910);const o={beacon:""bam.nr-data.net"",errorBeacon:""bam.nr-data.net""};function s(){return n.gm.NREUM||(n.gm.NREUM={}),void 0===n.gm.newrelic&&(n.gm.newrelic=n.gm.NREUM),n.gm.NREUM}function c(){let e=s();return e.o||(e.o={ST:n.gm.setTimeout,SI:n.gm.setImmediate||n.gm.setInterval,CT:n.gm.clearTimeout,XHR:n.gm.XMLHttpRequest,REQ:n.gm.Request,EV:n.gm.Event,PR:n.gm.Promise,MO:n.gm.MutationObserver,FETCH:n.gm.fetch,WS:n.gm.WebSocket},(0,a.i)(...Object.values(e.o))),e}function d(e,t){let r=s();r.initializedAgents??={},t.initializedAt={ms:(0,i.t)(),date:new Date},r.initializedAgents[e]=t}function u(e,t){s()[e]=t}function l(){return function(){let e=s();const t=e.info||{};e.info={beacon:o.beacon,errorBeacon:o.errorBeacon,...t}}(),function(){let e=s();const t=e.init||{};e.init={...t}}(),c(),function(){let e=s();const t=e.loader_config||{};e.loader_config={...t}}(),s()}},782:(e,t,r)=>{""use strict"";r.d(t,{T:()=>n});const n=r(860).K7.pageViewTiming},860:(e,t,r)=>{""use strict"";r.d(t,{$J:()=>u,K7:()=>c,P3:()=>d,XX:()=>i,Yy:()=>s,df:()=>a,qY:()=>n,v4:()=>o});const n=""events"",i=""jserrors"",a=""browser/blobs"",o=""rum"",s=""browser/logs"",c={ajax:""ajax"",genericEvents:""generic_events"",jserrors:i,logging:""logging"",metrics:""metrics"",pageAction:""page_action"",pageViewEvent:""page_view_event"",pageViewTiming:""page_view_timing"",sessionReplay:""session_replay"",sessionTrace:""session_trace"",softNav:""soft_navigations"",spa:""spa""},d={[c.pageViewEvent]:1,[c.pageViewTiming]:2,[c.metrics]:3,[c.jserrors]:4,[c.spa]:5,[c.ajax]:6,[c.sessionTrace]:7,[c.softNav]:8,[c.sessionReplay]:9,[c.logging]:10,[c.genericEvents]:11},u={[c.pageViewEvent]:o,[c.pageViewTiming]:n,[c.ajax]:n,[c.spa]:n,[c.softNav]:n,[c.metrics]:i,[c.jserrors]:i,[c.sessionTrace]:a,[c.sessionReplay]:a,[c.logging]:s,[c.genericEvents]:""ins""}},944:(e,t,r)=>{""use strict"";r.d(t,{R:()=>i});var n=r(3241);function i(e,t){""function""==typeof console.debug&&(console.debug(""New Relic Warning: https://github.com/newrelic/newrelic-browser-agent/blob/main/docs/warning-codes.md#"".concat(e),t),(0,n.W)({agentIdentifier:null,drained:null,type:""data"",name:""warn"",feature:""warn"",data:{code:e,secondary:t}}))}},993:(e,t,r)=>{""use strict"";r.d(t,{A$:()=>a,ET:()=>o,TZ:()=>s,p_:()=>i});var n=r(860);const i={ERROR:""ERROR"",WARN:""WARN"",INFO:""INFO"",DEBUG:""DEBUG"",TRACE:""TRACE""},a={OFF:0,ERROR:1,WARN:2,INFO:3,DEBUG:4,TRACE:5},o=""log"",s=n.K7.logging},1687:(e,t,r)=>{""use strict"";r.d(t,{Ak:()=>d,Ze:()=>f,x3:()=>u});var n=r(3241),i=r(7836),a=r(3606),o=r(860),s=r(2646);const c={};function d(e,t){const r={staged:!1,priority:o.P3[t]||0};l(e),c[e].get(t)||c[e].set(t,r)}function u(e,t){e&&c[e]&&(c[e].get(t)&&c[e].delete(t),p(e,t,!1),c[e].size&&h(e))}function l(e){if(!e)throw new Error(""agentIdentifier required"");c[e]||(c[e]=new Map)}function f(e="""",t=""feature"",r=!1){if(l(e),!e||!c[e].get(t)||r)return p(e,t);c[e].get(t).staged=!0,h(e)}function h(e){const t=Array.from(c[e]);t.every(([e,t])=>t.staged)&&(t.sort((e,t)=>e[1].priority-t[1].priority),t.forEach(([t])=>{c[e].delete(t),p(e,t)}))}function p(e,t,r=!0){const o=e?i.ee.get(e):i.ee,c=a.i.handlers;if(!o.aborted&&o.backlog&&c){if((0,n.W)({agentIdentifier:e,type:""lifecycle"",name:""drain"",feature:t}),r){const e=o.backlog[t],r=c[t];if(r){for(let t=0;e&&t<e.length;++t)g(e[t],r);Object.entries(r).forEach(([e,t])=>{Object.values(t||{}).forEach(t=>{t[0]?.on&&t[0]?.context()instanceof s.y&&t[0].on(e,t[1])})})}}o.isolatedBacklog||delete c[t],o.backlog[t]=null,o.emit(""drain-""+t,[])}}function g(e,t){var r=e[1];Object.values(t[r]||{}).forEach(t=>{var r=e[0];if(t[0]===r){var n=t[1],i=e[3],a=e[2];n.apply(i,a)}})}},1741:(e,t,r)=>{""use strict"";r.d(t,{W:()=>a});var n=r(944),i=r(4261);class a{#e(e,...t){if(this[e]!==a.prototype[e])return this[e](...t);(0,n.R)(35,e)}addPageAction(e,t){return this.#e(i.hG,e,t)}register(e){return this.#e(i.eY,e)}recordCustomEvent(e,t){return this.#e(i.fF,e,t)}setPageViewName(e,t){return this.#e(i.Fw,e,t)}setCustomAttribute(e,t,r){return this.#e(i.cD,e,t,r)}noticeError(e,t){return this.#e(i.o5,e,t)}setUserId(e){return this.#e(i.",success
indie,Tongue Tied,Grouplove,Never Trust a Happy Song,3:38,"1,591,425","15,707,392",https://www.last.fm/music/Grouplove/_/Tongue+Tied,"
<!DOCTYPE html>

<html class=""no-js playbar-masthead-release-shim youtube-provider-not-ready"" lang=""en"">
<head>
<meta charset=""utf-8""/>
<meta content=""IE=edge"" http-equiv=""X-UA-Compatible""/><script type=""text/javascript"">window.NREUM||(NREUM={});NREUM.info={""beacon"":""bam.nr-data.net"",""errorBeacon"":""bam.nr-data.net"",""licenseKey"":""0ed0ce50b0"",""applicationID"":""5588594"",""transactionName"":""Y1BRbUUFWkMEWxYMV1oadUxZB0BZClZNCV5ZG0RcVUpDRxIWAxVIRxteTEQNVx4TUQcSSxpWUk1WCFtXEF1YMUpVVlgXUAFA"",""queueTime"":0,""applicationTime"":874,""agent"":""""};
(window.NREUM||(NREUM={})).init={ajax:{deny_list:[""bam.nr-data.net""]}};(window.NREUM||(NREUM={})).loader_config={xpid:""UwYPV15QGwYFXFlXDgU="",licenseKey:""0ed0ce50b0"",applicationID:""5588594"",browserID:""5591142""};;/*! For license information please see nr-loader-full-1.302.0.min.js.LICENSE.txt */
(()=>{var e,t,r={384:(e,t,r)=>{""use strict"";r.d(t,{NT:()=>o,US:()=>u,Zm:()=>s,bQ:()=>d,dV:()=>c,pV:()=>l});var n=r(6154),i=r(1863),a=r(1910);const o={beacon:""bam.nr-data.net"",errorBeacon:""bam.nr-data.net""};function s(){return n.gm.NREUM||(n.gm.NREUM={}),void 0===n.gm.newrelic&&(n.gm.newrelic=n.gm.NREUM),n.gm.NREUM}function c(){let e=s();return e.o||(e.o={ST:n.gm.setTimeout,SI:n.gm.setImmediate||n.gm.setInterval,CT:n.gm.clearTimeout,XHR:n.gm.XMLHttpRequest,REQ:n.gm.Request,EV:n.gm.Event,PR:n.gm.Promise,MO:n.gm.MutationObserver,FETCH:n.gm.fetch,WS:n.gm.WebSocket},(0,a.i)(...Object.values(e.o))),e}function d(e,t){let r=s();r.initializedAgents??={},t.initializedAt={ms:(0,i.t)(),date:new Date},r.initializedAgents[e]=t}function u(e,t){s()[e]=t}function l(){return function(){let e=s();const t=e.info||{};e.info={beacon:o.beacon,errorBeacon:o.errorBeacon,...t}}(),function(){let e=s();const t=e.init||{};e.init={...t}}(),c(),function(){let e=s();const t=e.loader_config||{};e.loader_config={...t}}(),s()}},782:(e,t,r)=>{""use strict"";r.d(t,{T:()=>n});const n=r(860).K7.pageViewTiming},860:(e,t,r)=>{""use strict"";r.d(t,{$J:()=>u,K7:()=>c,P3:()=>d,XX:()=>i,Yy:()=>s,df:()=>a,qY:()=>n,v4:()=>o});const n=""events"",i=""jserrors"",a=""browser/blobs"",o=""rum"",s=""browser/logs"",c={ajax:""ajax"",genericEvents:""generic_events"",jserrors:i,logging:""logging"",metrics:""metrics"",pageAction:""page_action"",pageViewEvent:""page_view_event"",pageViewTiming:""page_view_timing"",sessionReplay:""session_replay"",sessionTrace:""session_trace"",softNav:""soft_navigations"",spa:""spa""},d={[c.pageViewEvent]:1,[c.pageViewTiming]:2,[c.metrics]:3,[c.jserrors]:4,[c.spa]:5,[c.ajax]:6,[c.sessionTrace]:7,[c.softNav]:8,[c.sessionReplay]:9,[c.logging]:10,[c.genericEvents]:11},u={[c.pageViewEvent]:o,[c.pageViewTiming]:n,[c.ajax]:n,[c.spa]:n,[c.softNav]:n,[c.metrics]:i,[c.jserrors]:i,[c.sessionTrace]:a,[c.sessionReplay]:a,[c.logging]:s,[c.genericEvents]:""ins""}},944:(e,t,r)=>{""use strict"";r.d(t,{R:()=>i});var n=r(3241);function i(e,t){""function""==typeof console.debug&&(console.debug(""New Relic Warning: https://github.com/newrelic/newrelic-browser-agent/blob/main/docs/warning-codes.md#"".concat(e),t),(0,n.W)({agentIdentifier:null,drained:null,type:""data"",name:""warn"",feature:""warn"",data:{code:e,secondary:t}}))}},993:(e,t,r)=>{""use strict"";r.d(t,{A$:()=>a,ET:()=>o,TZ:()=>s,p_:()=>i});var n=r(860);const i={ERROR:""ERROR"",WARN:""WARN"",INFO:""INFO"",DEBUG:""DEBUG"",TRACE:""TRACE""},a={OFF:0,ERROR:1,WARN:2,INFO:3,DEBUG:4,TRACE:5},o=""log"",s=n.K7.logging},1687:(e,t,r)=>{""use strict"";r.d(t,{Ak:()=>d,Ze:()=>f,x3:()=>u});var n=r(3241),i=r(7836),a=r(3606),o=r(860),s=r(2646);const c={};function d(e,t){const r={staged:!1,priority:o.P3[t]||0};l(e),c[e].get(t)||c[e].set(t,r)}function u(e,t){e&&c[e]&&(c[e].get(t)&&c[e].delete(t),p(e,t,!1),c[e].size&&h(e))}function l(e){if(!e)throw new Error(""agentIdentifier required"");c[e]||(c[e]=new Map)}function f(e="""",t=""feature"",r=!1){if(l(e),!e||!c[e].get(t)||r)return p(e,t);c[e].get(t).staged=!0,h(e)}function h(e){const t=Array.from(c[e]);t.every(([e,t])=>t.staged)&&(t.sort((e,t)=>e[1].priority-t[1].priority),t.forEach(([t])=>{c[e].delete(t),p(e,t)}))}function p(e,t,r=!0){const o=e?i.ee.get(e):i.ee,c=a.i.handlers;if(!o.aborted&&o.backlog&&c){if((0,n.W)({agentIdentifier:e,type:""lifecycle"",name:""drain"",feature:t}),r){const e=o.backlog[t],r=c[t];if(r){for(let t=0;e&&t<e.length;++t)g(e[t],r);Object.entries(r).forEach(([e,t])=>{Object.values(t||{}).forEach(t=>{t[0]?.on&&t[0]?.context()instanceof s.y&&t[0].on(e,t[1])})})}}o.isolatedBacklog||delete c[t],o.backlog[t]=null,o.emit(""drain-""+t,[])}}function g(e,t){var r=e[1];Object.values(t[r]||{}).forEach(t=>{var r=e[0];if(t[0]===r){var n=t[1],i=e[3],a=e[2];n.apply(i,a)}})}},1741:(e,t,r)=>{""use strict"";r.d(t,{W:()=>a});var n=r(944),i=r(4261);class a{#e(e,...t){if(this[e]!==a.prototype[e])return this[e](...t);(0,n.R)(35,e)}addPageAction(e,t){return this.#e(i.hG,e,t)}register(e){return this.#e(i.eY,e)}recordCustomEvent(e,t){return this.#e(i.fF,e,t)}setPageViewName(e,t){return this.#e(i.Fw,e,t)}setCustomAttribute(e,t,r){return this.#e(i.cD,e,t,r)}noticeError(e,t){return this.#e(i.o5,e,t)}setUserId(e){return this.#e(i.",success
indie,Let It Happen,Tame Impala,Currents,7:46,"1,598,147","22,936,409",https://www.last.fm/music/Tame+Impala/_/Let+It+Happen,"
<!DOCTYPE html>

<html class=""no-js playbar-masthead-release-shim youtube-provider-not-ready"" lang=""en"">
<head>
<meta charset=""utf-8""/>
<meta content=""IE=edge"" http-equiv=""X-UA-Compatible""/><script type=""text/javascript"">window.NREUM||(NREUM={});NREUM.info={""beacon"":""bam.nr-data.net"",""errorBeacon"":""bam.nr-data.net"",""licenseKey"":""0ed0ce50b0"",""applicationID"":""5588594"",""transactionName"":""Y1BRbUUFWkMEWxYMV1oadUxZB0BZClZNCV5ZG0RcVUpDRxIWAxVIRxteTEQNVx4TUQcSSxpWUk1WCFtXEF1YMUpVVlgXUAFA"",""queueTime"":0,""applicationTime"":589,""agent"":""""};
(window.NREUM||(NREUM={})).init={ajax:{deny_list:[""bam.nr-data.net""]}};(window.NREUM||(NREUM={})).loader_config={xpid:""UwYPV15QGwYFXFlXDgU="",licenseKey:""0ed0ce50b0"",applicationID:""5588594"",browserID:""5591142""};;/*! For license information please see nr-loader-full-1.302.0.min.js.LICENSE.txt */
(()=>{var e,t,r={384:(e,t,r)=>{""use strict"";r.d(t,{NT:()=>o,US:()=>u,Zm:()=>s,bQ:()=>d,dV:()=>c,pV:()=>l});var n=r(6154),i=r(1863),a=r(1910);const o={beacon:""bam.nr-data.net"",errorBeacon:""bam.nr-data.net""};function s(){return n.gm.NREUM||(n.gm.NREUM={}),void 0===n.gm.newrelic&&(n.gm.newrelic=n.gm.NREUM),n.gm.NREUM}function c(){let e=s();return e.o||(e.o={ST:n.gm.setTimeout,SI:n.gm.setImmediate||n.gm.setInterval,CT:n.gm.clearTimeout,XHR:n.gm.XMLHttpRequest,REQ:n.gm.Request,EV:n.gm.Event,PR:n.gm.Promise,MO:n.gm.MutationObserver,FETCH:n.gm.fetch,WS:n.gm.WebSocket},(0,a.i)(...Object.values(e.o))),e}function d(e,t){let r=s();r.initializedAgents??={},t.initializedAt={ms:(0,i.t)(),date:new Date},r.initializedAgents[e]=t}function u(e,t){s()[e]=t}function l(){return function(){let e=s();const t=e.info||{};e.info={beacon:o.beacon,errorBeacon:o.errorBeacon,...t}}(),function(){let e=s();const t=e.init||{};e.init={...t}}(),c(),function(){let e=s();const t=e.loader_config||{};e.loader_config={...t}}(),s()}},782:(e,t,r)=>{""use strict"";r.d(t,{T:()=>n});const n=r(860).K7.pageViewTiming},860:(e,t,r)=>{""use strict"";r.d(t,{$J:()=>u,K7:()=>c,P3:()=>d,XX:()=>i,Yy:()=>s,df:()=>a,qY:()=>n,v4:()=>o});const n=""events"",i=""jserrors"",a=""browser/blobs"",o=""rum"",s=""browser/logs"",c={ajax:""ajax"",genericEvents:""generic_events"",jserrors:i,logging:""logging"",metrics:""metrics"",pageAction:""page_action"",pageViewEvent:""page_view_event"",pageViewTiming:""page_view_timing"",sessionReplay:""session_replay"",sessionTrace:""session_trace"",softNav:""soft_navigations"",spa:""spa""},d={[c.pageViewEvent]:1,[c.pageViewTiming]:2,[c.metrics]:3,[c.jserrors]:4,[c.spa]:5,[c.ajax]:6,[c.sessionTrace]:7,[c.softNav]:8,[c.sessionReplay]:9,[c.logging]:10,[c.genericEvents]:11},u={[c.pageViewEvent]:o,[c.pageViewTiming]:n,[c.ajax]:n,[c.spa]:n,[c.softNav]:n,[c.metrics]:i,[c.jserrors]:i,[c.sessionTrace]:a,[c.sessionReplay]:a,[c.logging]:s,[c.genericEvents]:""ins""}},944:(e,t,r)=>{""use strict"";r.d(t,{R:()=>i});var n=r(3241);function i(e,t){""function""==typeof console.debug&&(console.debug(""New Relic Warning: https://github.com/newrelic/newrelic-browser-agent/blob/main/docs/warning-codes.md#"".concat(e),t),(0,n.W)({agentIdentifier:null,drained:null,type:""data"",name:""warn"",feature:""warn"",data:{code:e,secondary:t}}))}},993:(e,t,r)=>{""use strict"";r.d(t,{A$:()=>a,ET:()=>o,TZ:()=>s,p_:()=>i});var n=r(860);const i={ERROR:""ERROR"",WARN:""WARN"",INFO:""INFO"",DEBUG:""DEBUG"",TRACE:""TRACE""},a={OFF:0,ERROR:1,WARN:2,INFO:3,DEBUG:4,TRACE:5},o=""log"",s=n.K7.logging},1687:(e,t,r)=>{""use strict"";r.d(t,{Ak:()=>d,Ze:()=>f,x3:()=>u});var n=r(3241),i=r(7836),a=r(3606),o=r(860),s=r(2646);const c={};function d(e,t){const r={staged:!1,priority:o.P3[t]||0};l(e),c[e].get(t)||c[e].set(t,r)}function u(e,t){e&&c[e]&&(c[e].get(t)&&c[e].delete(t),p(e,t,!1),c[e].size&&h(e))}function l(e){if(!e)throw new Error(""agentIdentifier required"");c[e]||(c[e]=new Map)}function f(e="""",t=""feature"",r=!1){if(l(e),!e||!c[e].get(t)||r)return p(e,t);c[e].get(t).staged=!0,h(e)}function h(e){const t=Array.from(c[e]);t.every(([e,t])=>t.staged)&&(t.sort((e,t)=>e[1].priority-t[1].priority),t.forEach(([t])=>{c[e].delete(t),p(e,t)}))}function p(e,t,r=!0){const o=e?i.ee.get(e):i.ee,c=a.i.handlers;if(!o.aborted&&o.backlog&&c){if((0,n.W)({agentIdentifier:e,type:""lifecycle"",name:""drain"",feature:t}),r){const e=o.backlog[t],r=c[t];if(r){for(let t=0;e&&t<e.length;++t)g(e[t],r);Object.entries(r).forEach(([e,t])=>{Object.values(t||{}).forEach(t=>{t[0]?.on&&t[0]?.context()instanceof s.y&&t[0].on(e,t[1])})})}}o.isolatedBacklog||delete c[t],o.backlog[t]=null,o.emit(""drain-""+t,[])}}function g(e,t){var r=e[1];Object.values(t[r]||{}).forEach(t=>{var r=e[0];if(t[0]===r){var n=t[1],i=e[3],a=e[2];n.apply(i,a)}})}},1741:(e,t,r)=>{""use strict"";r.d(t,{W:()=>a});var n=r(944),i=r(4261);class a{#e(e,...t){if(this[e]!==a.prototype[e])return this[e](...t);(0,n.R)(35,e)}addPageAction(e,t){return this.#e(i.hG,e,t)}register(e){return this.#e(i.eY,e)}recordCustomEvent(e,t){return this.#e(i.fF,e,t)}setPageViewName(e,t){return this.#e(i.Fw,e,t)}setCustomAttribute(e,t,r){return this.#e(i.cD,e,t,r)}noticeError(e,t){return this.#e(i.o5,e,t)}setUserId(e){return this.#e(i.",success
indie,Deceptacon,Le Tigre,Le Tigre,3:36,"1,241,620","11,776,399",https://www.last.fm/music/Le+Tigre/_/Deceptacon,"
<!DOCTYPE html>

<html class=""no-js playbar-masthead-release-shim youtube-provider-not-ready"" lang=""en"">
<head>
<meta charset=""utf-8""/>
<meta content=""IE=edge"" http-equiv=""X-UA-Compatible""/><script type=""text/javascript"">window.NREUM||(NREUM={});NREUM.info={""beacon"":""bam.nr-data.net"",""errorBeacon"":""bam.nr-data.net"",""licenseKey"":""0ed0ce50b0"",""applicationID"":""5588594"",""transactionName"":""Y1BRbUUFWkMEWxYMV1oadUxZB0BZClZNCV5ZG0RcVUpDRxIWAxVIRxteTEQNVx4TUQcSSxpWUk1WCFtXEF1YMUpVVlgXUAFA"",""queueTime"":0,""applicationTime"":570,""agent"":""""};
(window.NREUM||(NREUM={})).init={ajax:{deny_list:[""bam.nr-data.net""]}};(window.NREUM||(NREUM={})).loader_config={xpid:""UwYPV15QGwYFXFlXDgU="",licenseKey:""0ed0ce50b0"",applicationID:""5588594"",browserID:""5591142""};;/*! For license information please see nr-loader-full-1.302.0.min.js.LICENSE.txt */
(()=>{var e,t,r={384:(e,t,r)=>{""use strict"";r.d(t,{NT:()=>o,US:()=>u,Zm:()=>s,bQ:()=>d,dV:()=>c,pV:()=>l});var n=r(6154),i=r(1863),a=r(1910);const o={beacon:""bam.nr-data.net"",errorBeacon:""bam.nr-data.net""};function s(){return n.gm.NREUM||(n.gm.NREUM={}),void 0===n.gm.newrelic&&(n.gm.newrelic=n.gm.NREUM),n.gm.NREUM}function c(){let e=s();return e.o||(e.o={ST:n.gm.setTimeout,SI:n.gm.setImmediate||n.gm.setInterval,CT:n.gm.clearTimeout,XHR:n.gm.XMLHttpRequest,REQ:n.gm.Request,EV:n.gm.Event,PR:n.gm.Promise,MO:n.gm.MutationObserver,FETCH:n.gm.fetch,WS:n.gm.WebSocket},(0,a.i)(...Object.values(e.o))),e}function d(e,t){let r=s();r.initializedAgents??={},t.initializedAt={ms:(0,i.t)(),date:new Date},r.initializedAgents[e]=t}function u(e,t){s()[e]=t}function l(){return function(){let e=s();const t=e.info||{};e.info={beacon:o.beacon,errorBeacon:o.errorBeacon,...t}}(),function(){let e=s();const t=e.init||{};e.init={...t}}(),c(),function(){let e=s();const t=e.loader_config||{};e.loader_config={...t}}(),s()}},782:(e,t,r)=>{""use strict"";r.d(t,{T:()=>n});const n=r(860).K7.pageViewTiming},860:(e,t,r)=>{""use strict"";r.d(t,{$J:()=>u,K7:()=>c,P3:()=>d,XX:()=>i,Yy:()=>s,df:()=>a,qY:()=>n,v4:()=>o});const n=""events"",i=""jserrors"",a=""browser/blobs"",o=""rum"",s=""browser/logs"",c={ajax:""ajax"",genericEvents:""generic_events"",jserrors:i,logging:""logging"",metrics:""metrics"",pageAction:""page_action"",pageViewEvent:""page_view_event"",pageViewTiming:""page_view_timing"",sessionReplay:""session_replay"",sessionTrace:""session_trace"",softNav:""soft_navigations"",spa:""spa""},d={[c.pageViewEvent]:1,[c.pageViewTiming]:2,[c.metrics]:3,[c.jserrors]:4,[c.spa]:5,[c.ajax]:6,[c.sessionTrace]:7,[c.softNav]:8,[c.sessionReplay]:9,[c.logging]:10,[c.genericEvents]:11},u={[c.pageViewEvent]:o,[c.pageViewTiming]:n,[c.ajax]:n,[c.spa]:n,[c.softNav]:n,[c.metrics]:i,[c.jserrors]:i,[c.sessionTrace]:a,[c.sessionReplay]:a,[c.logging]:s,[c.genericEvents]:""ins""}},944:(e,t,r)=>{""use strict"";r.d(t,{R:()=>i});var n=r(3241);function i(e,t){""function""==typeof console.debug&&(console.debug(""New Relic Warning: https://github.com/newrelic/newrelic-browser-agent/blob/main/docs/warning-codes.md#"".concat(e),t),(0,n.W)({agentIdentifier:null,drained:null,type:""data"",name:""warn"",feature:""warn"",data:{code:e,secondary:t}}))}},993:(e,t,r)=>{""use strict"";r.d(t,{A$:()=>a,ET:()=>o,TZ:()=>s,p_:()=>i});var n=r(860);const i={ERROR:""ERROR"",WARN:""WARN"",INFO:""INFO"",DEBUG:""DEBUG"",TRACE:""TRACE""},a={OFF:0,ERROR:1,WARN:2,INFO:3,DEBUG:4,TRACE:5},o=""log"",s=n.K7.logging},1687:(e,t,r)=>{""use strict"";r.d(t,{Ak:()=>d,Ze:()=>f,x3:()=>u});var n=r(3241),i=r(7836),a=r(3606),o=r(860),s=r(2646);const c={};function d(e,t){const r={staged:!1,priority:o.P3[t]||0};l(e),c[e].get(t)||c[e].set(t,r)}function u(e,t){e&&c[e]&&(c[e].get(t)&&c[e].delete(t),p(e,t,!1),c[e].size&&h(e))}function l(e){if(!e)throw new Error(""agentIdentifier required"");c[e]||(c[e]=new Map)}function f(e="""",t=""feature"",r=!1){if(l(e),!e||!c[e].get(t)||r)return p(e,t);c[e].get(t).staged=!0,h(e)}function h(e){const t=Array.from(c[e]);t.every(([e,t])=>t.staged)&&(t.sort((e,t)=>e[1].priority-t[1].priority),t.forEach(([t])=>{c[e].delete(t),p(e,t)}))}function p(e,t,r=!0){const o=e?i.ee.get(e):i.ee,c=a.i.handlers;if(!o.aborted&&o.backlog&&c){if((0,n.W)({agentIdentifier:e,type:""lifecycle"",name:""drain"",feature:t}),r){const e=o.backlog[t],r=c[t];if(r){for(let t=0;e&&t<e.length;++t)g(e[t],r);Object.entries(r).forEach(([e,t])=>{Object.values(t||{}).forEach(t=>{t[0]?.on&&t[0]?.context()instanceof s.y&&t[0].on(e,t[1])})})}}o.isolatedBacklog||delete c[t],o.backlog[t]=null,o.emit(""drain-""+t,[])}}function g(e,t){var r=e[1];Object.values(t[r]||{}).forEach(t=>{var r=e[0];if(t[0]===r){var n=t[1],i=e[3],a=e[2];n.apply(i,a)}})}},1741:(e,t,r)=>{""use strict"";r.d(t,{W:()=>a});var n=r(944),i=r(4261);class a{#e(e,...t){if(this[e]!==a.prototype[e])return this[e](...t);(0,n.R)(35,e)}addPageAction(e,t){return this.#e(i.hG,e,t)}register(e){return this.#e(i.eY,e)}recordCustomEvent(e,t){return this.#e(i.fF,e,t)}setPageViewName(e,t){return this.#e(i.Fw,e,t)}setCustomAttribute(e,t,r){return this.#e(i.cD,e,t,r)}noticeError(e,t){return this.#e(i.o5,e,t)}setUserId(e){return this.#e(i.",success
indie,The Night We Met,Lord Huron,Strange Trails,3:28,"1,700,053","28,456,592",https://www.last.fm/music/Lord+Huron/_/The+Night+We+Met,"
<!DOCTYPE html>

<html class=""no-js playbar-masthead-release-shim youtube-provider-not-ready"" lang=""en"">
<head>
<meta charset=""utf-8""/>
<meta content=""IE=edge"" http-equiv=""X-UA-Compatible""/><script type=""text/javascript"">window.NREUM||(NREUM={});NREUM.info={""beacon"":""bam.nr-data.net"",""errorBeacon"":""bam.nr-data.net"",""licenseKey"":""0ed0ce50b0"",""applicationID"":""5588594"",""transactionName"":""Y1BRbUUFWkMEWxYMV1oadUxZB0BZClZNCV5ZG0RcVUpDRxIWAxVIRxteTEQNVx4TUQcSSxpWUk1WCFtXEF1YMUpVVlgXUAFA"",""queueTime"":0,""applicationTime"":897,""agent"":""""};
(window.NREUM||(NREUM={})).init={ajax:{deny_list:[""bam.nr-data.net""]}};(window.NREUM||(NREUM={})).loader_config={xpid:""UwYPV15QGwYFXFlXDgU="",licenseKey:""0ed0ce50b0"",applicationID:""5588594"",browserID:""5591142""};;/*! For license information please see nr-loader-full-1.302.0.min.js.LICENSE.txt */
(()=>{var e,t,r={384:(e,t,r)=>{""use strict"";r.d(t,{NT:()=>o,US:()=>u,Zm:()=>s,bQ:()=>d,dV:()=>c,pV:()=>l});var n=r(6154),i=r(1863),a=r(1910);const o={beacon:""bam.nr-data.net"",errorBeacon:""bam.nr-data.net""};function s(){return n.gm.NREUM||(n.gm.NREUM={}),void 0===n.gm.newrelic&&(n.gm.newrelic=n.gm.NREUM),n.gm.NREUM}function c(){let e=s();return e.o||(e.o={ST:n.gm.setTimeout,SI:n.gm.setImmediate||n.gm.setInterval,CT:n.gm.clearTimeout,XHR:n.gm.XMLHttpRequest,REQ:n.gm.Request,EV:n.gm.Event,PR:n.gm.Promise,MO:n.gm.MutationObserver,FETCH:n.gm.fetch,WS:n.gm.WebSocket},(0,a.i)(...Object.values(e.o))),e}function d(e,t){let r=s();r.initializedAgents??={},t.initializedAt={ms:(0,i.t)(),date:new Date},r.initializedAgents[e]=t}function u(e,t){s()[e]=t}function l(){return function(){let e=s();const t=e.info||{};e.info={beacon:o.beacon,errorBeacon:o.errorBeacon,...t}}(),function(){let e=s();const t=e.init||{};e.init={...t}}(),c(),function(){let e=s();const t=e.loader_config||{};e.loader_config={...t}}(),s()}},782:(e,t,r)=>{""use strict"";r.d(t,{T:()=>n});const n=r(860).K7.pageViewTiming},860:(e,t,r)=>{""use strict"";r.d(t,{$J:()=>u,K7:()=>c,P3:()=>d,XX:()=>i,Yy:()=>s,df:()=>a,qY:()=>n,v4:()=>o});const n=""events"",i=""jserrors"",a=""browser/blobs"",o=""rum"",s=""browser/logs"",c={ajax:""ajax"",genericEvents:""generic_events"",jserrors:i,logging:""logging"",metrics:""metrics"",pageAction:""page_action"",pageViewEvent:""page_view_event"",pageViewTiming:""page_view_timing"",sessionReplay:""session_replay"",sessionTrace:""session_trace"",softNav:""soft_navigations"",spa:""spa""},d={[c.pageViewEvent]:1,[c.pageViewTiming]:2,[c.metrics]:3,[c.jserrors]:4,[c.spa]:5,[c.ajax]:6,[c.sessionTrace]:7,[c.softNav]:8,[c.sessionReplay]:9,[c.logging]:10,[c.genericEvents]:11},u={[c.pageViewEvent]:o,[c.pageViewTiming]:n,[c.ajax]:n,[c.spa]:n,[c.softNav]:n,[c.metrics]:i,[c.jserrors]:i,[c.sessionTrace]:a,[c.sessionReplay]:a,[c.logging]:s,[c.genericEvents]:""ins""}},944:(e,t,r)=>{""use strict"";r.d(t,{R:()=>i});var n=r(3241);function i(e,t){""function""==typeof console.debug&&(console.debug(""New Relic Warning: https://github.com/newrelic/newrelic-browser-agent/blob/main/docs/warning-codes.md#"".concat(e),t),(0,n.W)({agentIdentifier:null,drained:null,type:""data"",name:""warn"",feature:""warn"",data:{code:e,secondary:t}}))}},993:(e,t,r)=>{""use strict"";r.d(t,{A$:()=>a,ET:()=>o,TZ:()=>s,p_:()=>i});var n=r(860);const i={ERROR:""ERROR"",WARN:""WARN"",INFO:""INFO"",DEBUG:""DEBUG"",TRACE:""TRACE""},a={OFF:0,ERROR:1,WARN:2,INFO:3,DEBUG:4,TRACE:5},o=""log"",s=n.K7.logging},1687:(e,t,r)=>{""use strict"";r.d(t,{Ak:()=>d,Ze:()=>f,x3:()=>u});var n=r(3241),i=r(7836),a=r(3606),o=r(860),s=r(2646);const c={};function d(e,t){const r={staged:!1,priority:o.P3[t]||0};l(e),c[e].get(t)||c[e].set(t,r)}function u(e,t){e&&c[e]&&(c[e].get(t)&&c[e].delete(t),p(e,t,!1),c[e].size&&h(e))}function l(e){if(!e)throw new Error(""agentIdentifier required"");c[e]||(c[e]=new Map)}function f(e="""",t=""feature"",r=!1){if(l(e),!e||!c[e].get(t)||r)return p(e,t);c[e].get(t).staged=!0,h(e)}function h(e){const t=Array.from(c[e]);t.every(([e,t])=>t.staged)&&(t.sort((e,t)=>e[1].priority-t[1].priority),t.forEach(([t])=>{c[e].delete(t),p(e,t)}))}function p(e,t,r=!0){const o=e?i.ee.get(e):i.ee,c=a.i.handlers;if(!o.aborted&&o.backlog&&c){if((0,n.W)({agentIdentifier:e,type:""lifecycle"",name:""drain"",feature:t}),r){const e=o.backlog[t],r=c[t];if(r){for(let t=0;e&&t<e.length;++t)g(e[t],r);Object.entries(r).forEach(([e,t])=>{Object.values(t||{}).forEach(t=>{t[0]?.on&&t[0]?.context()instanceof s.y&&t[0].on(e,t[1])})})}}o.isolatedBacklog||delete c[t],o.backlog[t]=null,o.emit(""drain-""+t,[])}}function g(e,t){var r=e[1];Object.values(t[r]||{}).forEach(t=>{var r=e[0];if(t[0]===r){var n=t[1],i=e[3],a=e[2];n.apply(i,a)}})}},1741:(e,t,r)=>{""use strict"";r.d(t,{W:()=>a});var n=r(944),i=r(4261);class a{#e(e,...t){if(this[e]!==a.prototype[e])return this[e](...t);(0,n.R)(35,e)}addPageAction(e,t){return this.#e(i.hG,e,t)}register(e){return this.#e(i.eY,e)}recordCustomEvent(e,t){return this.#e(i.fF,e,t)}setPageViewName(e,t){return this.#e(i.Fw,e,t)}setCustomAttribute(e,t,r){return this.#e(i.cD,e,t,r)}noticeError(e,t){return this.#e(i.o5,e,t)}setUserId(e){return this.#e(i.",success
indie,Fluorescent Adolescent,Arctic Monkeys,Favourite Worst Nightmare,4:25,"2,388,699","31,858,750",https://www.last.fm/music/Arctic+Monkeys/_/Fluorescent+Adolescent,"
<!DOCTYPE html>

<html class=""no-js playbar-masthead-release-shim youtube-provider-not-ready"" lang=""en"">
<head>
<meta charset=""utf-8""/>
<meta content=""IE=edge"" http-equiv=""X-UA-Compatible""/><script type=""text/javascript"">window.NREUM||(NREUM={});NREUM.info={""beacon"":""bam.nr-data.net"",""errorBeacon"":""bam.nr-data.net"",""licenseKey"":""0ed0ce50b0"",""applicationID"":""5588594"",""transactionName"":""Y1BRbUUFWkMEWxYMV1oadUxZB0BZClZNCV5ZG0RcVUpDRxIWAxVIRxteTEQNVx4TUQcSSxpWUk1WCFtXEF1YMUpVVlgXUAFA"",""queueTime"":0,""applicationTime"":1011,""agent"":""""};
(window.NREUM||(NREUM={})).init={ajax:{deny_list:[""bam.nr-data.net""]}};(window.NREUM||(NREUM={})).loader_config={xpid:""UwYPV15QGwYFXFlXDgU="",licenseKey:""0ed0ce50b0"",applicationID:""5588594"",browserID:""5591142""};;/*! For license information please see nr-loader-full-1.302.0.min.js.LICENSE.txt */
(()=>{var e,t,r={384:(e,t,r)=>{""use strict"";r.d(t,{NT:()=>o,US:()=>u,Zm:()=>s,bQ:()=>d,dV:()=>c,pV:()=>l});var n=r(6154),i=r(1863),a=r(1910);const o={beacon:""bam.nr-data.net"",errorBeacon:""bam.nr-data.net""};function s(){return n.gm.NREUM||(n.gm.NREUM={}),void 0===n.gm.newrelic&&(n.gm.newrelic=n.gm.NREUM),n.gm.NREUM}function c(){let e=s();return e.o||(e.o={ST:n.gm.setTimeout,SI:n.gm.setImmediate||n.gm.setInterval,CT:n.gm.clearTimeout,XHR:n.gm.XMLHttpRequest,REQ:n.gm.Request,EV:n.gm.Event,PR:n.gm.Promise,MO:n.gm.MutationObserver,FETCH:n.gm.fetch,WS:n.gm.WebSocket},(0,a.i)(...Object.values(e.o))),e}function d(e,t){let r=s();r.initializedAgents??={},t.initializedAt={ms:(0,i.t)(),date:new Date},r.initializedAgents[e]=t}function u(e,t){s()[e]=t}function l(){return function(){let e=s();const t=e.info||{};e.info={beacon:o.beacon,errorBeacon:o.errorBeacon,...t}}(),function(){let e=s();const t=e.init||{};e.init={...t}}(),c(),function(){let e=s();const t=e.loader_config||{};e.loader_config={...t}}(),s()}},782:(e,t,r)=>{""use strict"";r.d(t,{T:()=>n});const n=r(860).K7.pageViewTiming},860:(e,t,r)=>{""use strict"";r.d(t,{$J:()=>u,K7:()=>c,P3:()=>d,XX:()=>i,Yy:()=>s,df:()=>a,qY:()=>n,v4:()=>o});const n=""events"",i=""jserrors"",a=""browser/blobs"",o=""rum"",s=""browser/logs"",c={ajax:""ajax"",genericEvents:""generic_events"",jserrors:i,logging:""logging"",metrics:""metrics"",pageAction:""page_action"",pageViewEvent:""page_view_event"",pageViewTiming:""page_view_timing"",sessionReplay:""session_replay"",sessionTrace:""session_trace"",softNav:""soft_navigations"",spa:""spa""},d={[c.pageViewEvent]:1,[c.pageViewTiming]:2,[c.metrics]:3,[c.jserrors]:4,[c.spa]:5,[c.ajax]:6,[c.sessionTrace]:7,[c.softNav]:8,[c.sessionReplay]:9,[c.logging]:10,[c.genericEvents]:11},u={[c.pageViewEvent]:o,[c.pageViewTiming]:n,[c.ajax]:n,[c.spa]:n,[c.softNav]:n,[c.metrics]:i,[c.jserrors]:i,[c.sessionTrace]:a,[c.sessionReplay]:a,[c.logging]:s,[c.genericEvents]:""ins""}},944:(e,t,r)=>{""use strict"";r.d(t,{R:()=>i});var n=r(3241);function i(e,t){""function""==typeof console.debug&&(console.debug(""New Relic Warning: https://github.com/newrelic/newrelic-browser-agent/blob/main/docs/warning-codes.md#"".concat(e),t),(0,n.W)({agentIdentifier:null,drained:null,type:""data"",name:""warn"",feature:""warn"",data:{code:e,secondary:t}}))}},993:(e,t,r)=>{""use strict"";r.d(t,{A$:()=>a,ET:()=>o,TZ:()=>s,p_:()=>i});var n=r(860);const i={ERROR:""ERROR"",WARN:""WARN"",INFO:""INFO"",DEBUG:""DEBUG"",TRACE:""TRACE""},a={OFF:0,ERROR:1,WARN:2,INFO:3,DEBUG:4,TRACE:5},o=""log"",s=n.K7.logging},1687:(e,t,r)=>{""use strict"";r.d(t,{Ak:()=>d,Ze:()=>f,x3:()=>u});var n=r(3241),i=r(7836),a=r(3606),o=r(860),s=r(2646);const c={};function d(e,t){const r={staged:!1,priority:o.P3[t]||0};l(e),c[e].get(t)||c[e].set(t,r)}function u(e,t){e&&c[e]&&(c[e].get(t)&&c[e].delete(t),p(e,t,!1),c[e].size&&h(e))}function l(e){if(!e)throw new Error(""agentIdentifier required"");c[e]||(c[e]=new Map)}function f(e="""",t=""feature"",r=!1){if(l(e),!e||!c[e].get(t)||r)return p(e,t);c[e].get(t).staged=!0,h(e)}function h(e){const t=Array.from(c[e]);t.every(([e,t])=>t.staged)&&(t.sort((e,t)=>e[1].priority-t[1].priority),t.forEach(([t])=>{c[e].delete(t),p(e,t)}))}function p(e,t,r=!0){const o=e?i.ee.get(e):i.ee,c=a.i.handlers;if(!o.aborted&&o.backlog&&c){if((0,n.W)({agentIdentifier:e,type:""lifecycle"",name:""drain"",feature:t}),r){const e=o.backlog[t],r=c[t];if(r){for(let t=0;e&&t<e.length;++t)g(e[t],r);Object.entries(r).forEach(([e,t])=>{Object.values(t||{}).forEach(t=>{t[0]?.on&&t[0]?.context()instanceof s.y&&t[0].on(e,t[1])})})}}o.isolatedBacklog||delete c[t],o.backlog[t]=null,o.emit(""drain-""+t,[])}}function g(e,t){var r=e[1];Object.values(t[r]||{}).forEach(t=>{var r=e[0];if(t[0]===r){var n=t[1],i=e[3],a=e[2];n.apply(i,a)}})}},1741:(e,t,r)=>{""use strict"";r.d(t,{W:()=>a});var n=r(944),i=r(4261);class a{#e(e,...t){if(this[e]!==a.prototype[e])return this[e](...t);(0,n.R)(35,e)}addPageAction(e,t){return this.#e(i.hG,e,t)}register(e){return this.#e(i.eY,e)}recordCustomEvent(e,t){return this.#e(i.fF,e,t)}setPageViewName(e,t){return this.#e(i.Fw,e,t)}setCustomAttribute(e,t,r){return this.#e(i.cD,e,t,r)}noticeError(e,t){return this.#e(i.o5,e,t)}setUserId(e){return this.#e(i",success
indie,Sweet Disposition,The Temper Trap,Conditions,3:40,"1,520,519","16,589,137",https://www.last.fm/music/The+Temper+Trap/_/Sweet+Disposition,"
<!DOCTYPE html>

<html class=""no-js playbar-masthead-release-shim youtube-provider-not-ready"" lang=""en"">
<head>
<meta charset=""utf-8""/>
<meta content=""IE=edge"" http-equiv=""X-UA-Compatible""/><script type=""text/javascript"">window.NREUM||(NREUM={});NREUM.info={""beacon"":""bam.nr-data.net"",""errorBeacon"":""bam.nr-data.net"",""licenseKey"":""0ed0ce50b0"",""applicationID"":""5588594"",""transactionName"":""Y1BRbUUFWkMEWxYMV1oadUxZB0BZClZNCV5ZG0RcVUpDRxIWAxVIRxteTEQNVx4TUQcSSxpWUk1WCFtXEF1YMUpVVlgXUAFA"",""queueTime"":0,""applicationTime"":617,""agent"":""""};
(window.NREUM||(NREUM={})).init={ajax:{deny_list:[""bam.nr-data.net""]}};(window.NREUM||(NREUM={})).loader_config={xpid:""UwYPV15QGwYFXFlXDgU="",licenseKey:""0ed0ce50b0"",applicationID:""5588594"",browserID:""5591142""};;/*! For license information please see nr-loader-full-1.302.0.min.js.LICENSE.txt */
(()=>{var e,t,r={384:(e,t,r)=>{""use strict"";r.d(t,{NT:()=>o,US:()=>u,Zm:()=>s,bQ:()=>d,dV:()=>c,pV:()=>l});var n=r(6154),i=r(1863),a=r(1910);const o={beacon:""bam.nr-data.net"",errorBeacon:""bam.nr-data.net""};function s(){return n.gm.NREUM||(n.gm.NREUM={}),void 0===n.gm.newrelic&&(n.gm.newrelic=n.gm.NREUM),n.gm.NREUM}function c(){let e=s();return e.o||(e.o={ST:n.gm.setTimeout,SI:n.gm.setImmediate||n.gm.setInterval,CT:n.gm.clearTimeout,XHR:n.gm.XMLHttpRequest,REQ:n.gm.Request,EV:n.gm.Event,PR:n.gm.Promise,MO:n.gm.MutationObserver,FETCH:n.gm.fetch,WS:n.gm.WebSocket},(0,a.i)(...Object.values(e.o))),e}function d(e,t){let r=s();r.initializedAgents??={},t.initializedAt={ms:(0,i.t)(),date:new Date},r.initializedAgents[e]=t}function u(e,t){s()[e]=t}function l(){return function(){let e=s();const t=e.info||{};e.info={beacon:o.beacon,errorBeacon:o.errorBeacon,...t}}(),function(){let e=s();const t=e.init||{};e.init={...t}}(),c(),function(){let e=s();const t=e.loader_config||{};e.loader_config={...t}}(),s()}},782:(e,t,r)=>{""use strict"";r.d(t,{T:()=>n});const n=r(860).K7.pageViewTiming},860:(e,t,r)=>{""use strict"";r.d(t,{$J:()=>u,K7:()=>c,P3:()=>d,XX:()=>i,Yy:()=>s,df:()=>a,qY:()=>n,v4:()=>o});const n=""events"",i=""jserrors"",a=""browser/blobs"",o=""rum"",s=""browser/logs"",c={ajax:""ajax"",genericEvents:""generic_events"",jserrors:i,logging:""logging"",metrics:""metrics"",pageAction:""page_action"",pageViewEvent:""page_view_event"",pageViewTiming:""page_view_timing"",sessionReplay:""session_replay"",sessionTrace:""session_trace"",softNav:""soft_navigations"",spa:""spa""},d={[c.pageViewEvent]:1,[c.pageViewTiming]:2,[c.metrics]:3,[c.jserrors]:4,[c.spa]:5,[c.ajax]:6,[c.sessionTrace]:7,[c.softNav]:8,[c.sessionReplay]:9,[c.logging]:10,[c.genericEvents]:11},u={[c.pageViewEvent]:o,[c.pageViewTiming]:n,[c.ajax]:n,[c.spa]:n,[c.softNav]:n,[c.metrics]:i,[c.jserrors]:i,[c.sessionTrace]:a,[c.sessionReplay]:a,[c.logging]:s,[c.genericEvents]:""ins""}},944:(e,t,r)=>{""use strict"";r.d(t,{R:()=>i});var n=r(3241);function i(e,t){""function""==typeof console.debug&&(console.debug(""New Relic Warning: https://github.com/newrelic/newrelic-browser-agent/blob/main/docs/warning-codes.md#"".concat(e),t),(0,n.W)({agentIdentifier:null,drained:null,type:""data"",name:""warn"",feature:""warn"",data:{code:e,secondary:t}}))}},993:(e,t,r)=>{""use strict"";r.d(t,{A$:()=>a,ET:()=>o,TZ:()=>s,p_:()=>i});var n=r(860);const i={ERROR:""ERROR"",WARN:""WARN"",INFO:""INFO"",DEBUG:""DEBUG"",TRACE:""TRACE""},a={OFF:0,ERROR:1,WARN:2,INFO:3,DEBUG:4,TRACE:5},o=""log"",s=n.K7.logging},1687:(e,t,r)=>{""use strict"";r.d(t,{Ak:()=>d,Ze:()=>f,x3:()=>u});var n=r(3241),i=r(7836),a=r(3606),o=r(860),s=r(2646);const c={};function d(e,t){const r={staged:!1,priority:o.P3[t]||0};l(e),c[e].get(t)||c[e].set(t,r)}function u(e,t){e&&c[e]&&(c[e].get(t)&&c[e].delete(t),p(e,t,!1),c[e].size&&h(e))}function l(e){if(!e)throw new Error(""agentIdentifier required"");c[e]||(c[e]=new Map)}function f(e="""",t=""feature"",r=!1){if(l(e),!e||!c[e].get(t)||r)return p(e,t);c[e].get(t).staged=!0,h(e)}function h(e){const t=Array.from(c[e]);t.every(([e,t])=>t.staged)&&(t.sort((e,t)=>e[1].priority-t[1].priority),t.forEach(([t])=>{c[e].delete(t),p(e,t)}))}function p(e,t,r=!0){const o=e?i.ee.get(e):i.ee,c=a.i.handlers;if(!o.aborted&&o.backlog&&c){if((0,n.W)({agentIdentifier:e,type:""lifecycle"",name:""drain"",feature:t}),r){const e=o.backlog[t],r=c[t];if(r){for(let t=0;e&&t<e.length;++t)g(e[t],r);Object.entries(r).forEach(([e,t])=>{Object.values(t||{}).forEach(t=>{t[0]?.on&&t[0]?.context()instanceof s.y&&t[0].on(e,t[1])})})}}o.isolatedBacklog||delete c[t],o.backlog[t]=null,o.emit(""drain-""+t,[])}}function g(e,t){var r=e[1];Object.values(t[r]||{}).forEach(t=>{var r=e[0];if(t[0]===r){var n=t[1],i=e[3],a=e[2];n.apply(i,a)}})}},1741:(e,t,r)=>{""use strict"";r.d(t,{W:()=>a});var n=r(944),i=r(4261);class a{#e(e,...t){if(this[e]!==a.prototype[e])return this[e](...t);(0,n.R)(35,e)}addPageAction(e,t){return this.#e(i.hG,e,t)}register(e){return this.#e(i.eY,e)}recordCustomEvent(e,t){return this.#e(i.fF,e,t)}setPageViewName(e,t){return this.#e(i.Fw,e,t)}setCustomAttribute(e,t,r){return this.#e(i.cD,e,t,r)}noticeError(e,t){return this.#e(i.o5,e,t)}setUserId(e){return this.#e(i.",success
indie,My Kind of Woman,Mac DeMarco,2,3:14,"1,637,240","25,454,741",https://www.last.fm/music/Mac+DeMarco/_/My+Kind+of+Woman,"
<!DOCTYPE html>

<html class=""no-js playbar-masthead-release-shim youtube-provider-not-ready"" lang=""en"">
<head>
<meta charset=""utf-8""/>
<meta content=""IE=edge"" http-equiv=""X-UA-Compatible""/><script type=""text/javascript"">window.NREUM||(NREUM={});NREUM.info={""beacon"":""bam.nr-data.net"",""errorBeacon"":""bam.nr-data.net"",""licenseKey"":""0ed0ce50b0"",""applicationID"":""5588594"",""transactionName"":""Y1BRbUUFWkMEWxYMV1oadUxZB0BZClZNCV5ZG0RcVUpDRxIWAxVIRxteTEQNVx4TUQcSSxpWUk1WCFtXEF1YMUpVVlgXUAFA"",""queueTime"":0,""applicationTime"":1059,""agent"":""""};
(window.NREUM||(NREUM={})).init={ajax:{deny_list:[""bam.nr-data.net""]}};(window.NREUM||(NREUM={})).loader_config={xpid:""UwYPV15QGwYFXFlXDgU="",licenseKey:""0ed0ce50b0"",applicationID:""5588594"",browserID:""5591142""};;/*! For license information please see nr-loader-full-1.302.0.min.js.LICENSE.txt */
(()=>{var e,t,r={384:(e,t,r)=>{""use strict"";r.d(t,{NT:()=>o,US:()=>u,Zm:()=>s,bQ:()=>d,dV:()=>c,pV:()=>l});var n=r(6154),i=r(1863),a=r(1910);const o={beacon:""bam.nr-data.net"",errorBeacon:""bam.nr-data.net""};function s(){return n.gm.NREUM||(n.gm.NREUM={}),void 0===n.gm.newrelic&&(n.gm.newrelic=n.gm.NREUM),n.gm.NREUM}function c(){let e=s();return e.o||(e.o={ST:n.gm.setTimeout,SI:n.gm.setImmediate||n.gm.setInterval,CT:n.gm.clearTimeout,XHR:n.gm.XMLHttpRequest,REQ:n.gm.Request,EV:n.gm.Event,PR:n.gm.Promise,MO:n.gm.MutationObserver,FETCH:n.gm.fetch,WS:n.gm.WebSocket},(0,a.i)(...Object.values(e.o))),e}function d(e,t){let r=s();r.initializedAgents??={},t.initializedAt={ms:(0,i.t)(),date:new Date},r.initializedAgents[e]=t}function u(e,t){s()[e]=t}function l(){return function(){let e=s();const t=e.info||{};e.info={beacon:o.beacon,errorBeacon:o.errorBeacon,...t}}(),function(){let e=s();const t=e.init||{};e.init={...t}}(),c(),function(){let e=s();const t=e.loader_config||{};e.loader_config={...t}}(),s()}},782:(e,t,r)=>{""use strict"";r.d(t,{T:()=>n});const n=r(860).K7.pageViewTiming},860:(e,t,r)=>{""use strict"";r.d(t,{$J:()=>u,K7:()=>c,P3:()=>d,XX:()=>i,Yy:()=>s,df:()=>a,qY:()=>n,v4:()=>o});const n=""events"",i=""jserrors"",a=""browser/blobs"",o=""rum"",s=""browser/logs"",c={ajax:""ajax"",genericEvents:""generic_events"",jserrors:i,logging:""logging"",metrics:""metrics"",pageAction:""page_action"",pageViewEvent:""page_view_event"",pageViewTiming:""page_view_timing"",sessionReplay:""session_replay"",sessionTrace:""session_trace"",softNav:""soft_navigations"",spa:""spa""},d={[c.pageViewEvent]:1,[c.pageViewTiming]:2,[c.metrics]:3,[c.jserrors]:4,[c.spa]:5,[c.ajax]:6,[c.sessionTrace]:7,[c.softNav]:8,[c.sessionReplay]:9,[c.logging]:10,[c.genericEvents]:11},u={[c.pageViewEvent]:o,[c.pageViewTiming]:n,[c.ajax]:n,[c.spa]:n,[c.softNav]:n,[c.metrics]:i,[c.jserrors]:i,[c.sessionTrace]:a,[c.sessionReplay]:a,[c.logging]:s,[c.genericEvents]:""ins""}},944:(e,t,r)=>{""use strict"";r.d(t,{R:()=>i});var n=r(3241);function i(e,t){""function""==typeof console.debug&&(console.debug(""New Relic Warning: https://github.com/newrelic/newrelic-browser-agent/blob/main/docs/warning-codes.md#"".concat(e),t),(0,n.W)({agentIdentifier:null,drained:null,type:""data"",name:""warn"",feature:""warn"",data:{code:e,secondary:t}}))}},993:(e,t,r)=>{""use strict"";r.d(t,{A$:()=>a,ET:()=>o,TZ:()=>s,p_:()=>i});var n=r(860);const i={ERROR:""ERROR"",WARN:""WARN"",INFO:""INFO"",DEBUG:""DEBUG"",TRACE:""TRACE""},a={OFF:0,ERROR:1,WARN:2,INFO:3,DEBUG:4,TRACE:5},o=""log"",s=n.K7.logging},1687:(e,t,r)=>{""use strict"";r.d(t,{Ak:()=>d,Ze:()=>f,x3:()=>u});var n=r(3241),i=r(7836),a=r(3606),o=r(860),s=r(2646);const c={};function d(e,t){const r={staged:!1,priority:o.P3[t]||0};l(e),c[e].get(t)||c[e].set(t,r)}function u(e,t){e&&c[e]&&(c[e].get(t)&&c[e].delete(t),p(e,t,!1),c[e].size&&h(e))}function l(e){if(!e)throw new Error(""agentIdentifier required"");c[e]||(c[e]=new Map)}function f(e="""",t=""feature"",r=!1){if(l(e),!e||!c[e].get(t)||r)return p(e,t);c[e].get(t).staged=!0,h(e)}function h(e){const t=Array.from(c[e]);t.every(([e,t])=>t.staged)&&(t.sort((e,t)=>e[1].priority-t[1].priority),t.forEach(([t])=>{c[e].delete(t),p(e,t)}))}function p(e,t,r=!0){const o=e?i.ee.get(e):i.ee,c=a.i.handlers;if(!o.aborted&&o.backlog&&c){if((0,n.W)({agentIdentifier:e,type:""lifecycle"",name:""drain"",feature:t}),r){const e=o.backlog[t],r=c[t];if(r){for(let t=0;e&&t<e.length;++t)g(e[t],r);Object.entries(r).forEach(([e,t])=>{Object.values(t||{}).forEach(t=>{t[0]?.on&&t[0]?.context()instanceof s.y&&t[0].on(e,t[1])})})}}o.isolatedBacklog||delete c[t],o.backlog[t]=null,o.emit(""drain-""+t,[])}}function g(e,t){var r=e[1];Object.values(t[r]||{}).forEach(t=>{var r=e[0];if(t[0]===r){var n=t[1],i=e[3],a=e[2];n.apply(i,a)}})}},1741:(e,t,r)=>{""use strict"";r.d(t,{W:()=>a});var n=r(944),i=r(4261);class a{#e(e,...t){if(this[e]!==a.prototype[e])return this[e](...t);(0,n.R)(35,e)}addPageAction(e,t){return this.#e(i.hG,e,t)}register(e){return this.#e(i.eY,e)}recordCustomEvent(e,t){return this.#e(i.fF,e,t)}setPageViewName(e,t){return this.#e(i.Fw,e,t)}setCustomAttribute(e,t,r){return this.#e(i.cD,e,t,r)}noticeError(e,t){return this.#e(i.o5,e,t)}setUserId(e){return this.#e(i",success
indie,N/A,N/A,N/A,N/A,N/A,N/A,https://www.last.fm/music/Vance+Joy/_/Riptide,N/A,502_error
indie,Diet Mountain Dew,Lana Del Rey,Born to Die,3:42,"1,717,008","23,230,499",https://www.last.fm/music/Lana+Del+Rey/_/Diet+Mountain+Dew,"
<!DOCTYPE html>

<html class=""no-js playbar-masthead-release-shim youtube-provider-not-ready"" lang=""en"">
<head>
<meta charset=""utf-8""/>
<meta content=""IE=edge"" http-equiv=""X-UA-Compatible""/><script type=""text/javascript"">window.NREUM||(NREUM={});NREUM.info={""beacon"":""bam.nr-data.net"",""errorBeacon"":""bam.nr-data.net"",""licenseKey"":""0ed0ce50b0"",""applicationID"":""5588594"",""transactionName"":""Y1BRbUUFWkMEWxYMV1oadUxZB0BZClZNCV5ZG0RcVUpDRxIWAxVIRxteTEQNVx4TUQcSSxpWUk1WCFtXEF1YMUpVVlgXUAFA"",""queueTime"":0,""applicationTime"":524,""agent"":""""};
(window.NREUM||(NREUM={})).init={ajax:{deny_list:[""bam.nr-data.net""]}};(window.NREUM||(NREUM={})).loader_config={xpid:""UwYPV15QGwYFXFlXDgU="",licenseKey:""0ed0ce50b0"",applicationID:""5588594"",browserID:""5591142""};;/*! For license information please see nr-loader-full-1.302.0.min.js.LICENSE.txt */
(()=>{var e,t,r={384:(e,t,r)=>{""use strict"";r.d(t,{NT:()=>o,US:()=>u,Zm:()=>s,bQ:()=>d,dV:()=>c,pV:()=>l});var n=r(6154),i=r(1863),a=r(1910);const o={beacon:""bam.nr-data.net"",errorBeacon:""bam.nr-data.net""};function s(){return n.gm.NREUM||(n.gm.NREUM={}),void 0===n.gm.newrelic&&(n.gm.newrelic=n.gm.NREUM),n.gm.NREUM}function c(){let e=s();return e.o||(e.o={ST:n.gm.setTimeout,SI:n.gm.setImmediate||n.gm.setInterval,CT:n.gm.clearTimeout,XHR:n.gm.XMLHttpRequest,REQ:n.gm.Request,EV:n.gm.Event,PR:n.gm.Promise,MO:n.gm.MutationObserver,FETCH:n.gm.fetch,WS:n.gm.WebSocket},(0,a.i)(...Object.values(e.o))),e}function d(e,t){let r=s();r.initializedAgents??={},t.initializedAt={ms:(0,i.t)(),date:new Date},r.initializedAgents[e]=t}function u(e,t){s()[e]=t}function l(){return function(){let e=s();const t=e.info||{};e.info={beacon:o.beacon,errorBeacon:o.errorBeacon,...t}}(),function(){let e=s();const t=e.init||{};e.init={...t}}(),c(),function(){let e=s();const t=e.loader_config||{};e.loader_config={...t}}(),s()}},782:(e,t,r)=>{""use strict"";r.d(t,{T:()=>n});const n=r(860).K7.pageViewTiming},860:(e,t,r)=>{""use strict"";r.d(t,{$J:()=>u,K7:()=>c,P3:()=>d,XX:()=>i,Yy:()=>s,df:()=>a,qY:()=>n,v4:()=>o});const n=""events"",i=""jserrors"",a=""browser/blobs"",o=""rum"",s=""browser/logs"",c={ajax:""ajax"",genericEvents:""generic_events"",jserrors:i,logging:""logging"",metrics:""metrics"",pageAction:""page_action"",pageViewEvent:""page_view_event"",pageViewTiming:""page_view_timing"",sessionReplay:""session_replay"",sessionTrace:""session_trace"",softNav:""soft_navigations"",spa:""spa""},d={[c.pageViewEvent]:1,[c.pageViewTiming]:2,[c.metrics]:3,[c.jserrors]:4,[c.spa]:5,[c.ajax]:6,[c.sessionTrace]:7,[c.softNav]:8,[c.sessionReplay]:9,[c.logging]:10,[c.genericEvents]:11},u={[c.pageViewEvent]:o,[c.pageViewTiming]:n,[c.ajax]:n,[c.spa]:n,[c.softNav]:n,[c.metrics]:i,[c.jserrors]:i,[c.sessionTrace]:a,[c.sessionReplay]:a,[c.logging]:s,[c.genericEvents]:""ins""}},944:(e,t,r)=>{""use strict"";r.d(t,{R:()=>i});var n=r(3241);function i(e,t){""function""==typeof console.debug&&(console.debug(""New Relic Warning: https://github.com/newrelic/newrelic-browser-agent/blob/main/docs/warning-codes.md#"".concat(e),t),(0,n.W)({agentIdentifier:null,drained:null,type:""data"",name:""warn"",feature:""warn"",data:{code:e,secondary:t}}))}},993:(e,t,r)=>{""use strict"";r.d(t,{A$:()=>a,ET:()=>o,TZ:()=>s,p_:()=>i});var n=r(860);const i={ERROR:""ERROR"",WARN:""WARN"",INFO:""INFO"",DEBUG:""DEBUG"",TRACE:""TRACE""},a={OFF:0,ERROR:1,WARN:2,INFO:3,DEBUG:4,TRACE:5},o=""log"",s=n.K7.logging},1687:(e,t,r)=>{""use strict"";r.d(t,{Ak:()=>d,Ze:()=>f,x3:()=>u});var n=r(3241),i=r(7836),a=r(3606),o=r(860),s=r(2646);const c={};function d(e,t){const r={staged:!1,priority:o.P3[t]||0};l(e),c[e].get(t)||c[e].set(t,r)}function u(e,t){e&&c[e]&&(c[e].get(t)&&c[e].delete(t),p(e,t,!1),c[e].size&&h(e))}function l(e){if(!e)throw new Error(""agentIdentifier required"");c[e]||(c[e]=new Map)}function f(e="""",t=""feature"",r=!1){if(l(e),!e||!c[e].get(t)||r)return p(e,t);c[e].get(t).staged=!0,h(e)}function h(e){const t=Array.from(c[e]);t.every(([e,t])=>t.staged)&&(t.sort((e,t)=>e[1].priority-t[1].priority),t.forEach(([t])=>{c[e].delete(t),p(e,t)}))}function p(e,t,r=!0){const o=e?i.ee.get(e):i.ee,c=a.i.handlers;if(!o.aborted&&o.backlog&&c){if((0,n.W)({agentIdentifier:e,type:""lifecycle"",name:""drain"",feature:t}),r){const e=o.backlog[t],r=c[t];if(r){for(let t=0;e&&t<e.length;++t)g(e[t],r);Object.entries(r).forEach(([e,t])=>{Object.values(t||{}).forEach(t=>{t[0]?.on&&t[0]?.context()instanceof s.y&&t[0].on(e,t[1])})})}}o.isolatedBacklog||delete c[t],o.backlog[t]=null,o.emit(""drain-""+t,[])}}function g(e,t){var r=e[1];Object.values(t[r]||{}).forEach(t=>{var r=e[0];if(t[0]===r){var n=t[1],i=e[3],a=e[2];n.apply(i,a)}})}},1741:(e,t,r)=>{""use strict"";r.d(t,{W:()=>a});var n=r(944),i=r(4261);class a{#e(e,...t){if(this[e]!==a.prototype[e])return this[e](...t);(0,n.R)(35,e)}addPageAction(e,t){return this.#e(i.hG,e,t)}register(e){return this.#e(i.eY,e)}recordCustomEvent(e,t){return this.#e(i.fF,e,t)}setPageViewName(e,t){return this.#e(i.Fw,e,t)}setCustomAttribute(e,t,r){return this.#e(i.cD,e,t,r)}noticeError(e,t){return this.#e(i.o5,e,t)}setUserId(e){return this.#e(i.",success
indie,Dog Days Are Over,Florence + the Machine,Lungs,3:40,"1,959,951","21,332,830",https://www.last.fm/music/Florence+%252B+the+Machine/_/Dog+Days+Are+Over,"
<!DOCTYPE html>

<html class=""no-js playbar-masthead-release-shim youtube-provider-not-ready"" lang=""en"">
<head>
<meta charset=""utf-8""/>
<meta content=""IE=edge"" http-equiv=""X-UA-Compatible""/><script type=""text/javascript"">window.NREUM||(NREUM={});NREUM.info={""beacon"":""bam.nr-data.net"",""errorBeacon"":""bam.nr-data.net"",""licenseKey"":""0ed0ce50b0"",""applicationID"":""5588594"",""transactionName"":""Y1BRbUUFWkMEWxYMV1oadUxZB0BZClZNCV5ZG0RcVUpDRxIWAxVIRxteTEQNVx4TUQcSSxpWUk1WCFtXEF1YMUpVVlgXUAFA"",""queueTime"":0,""applicationTime"":766,""agent"":""""};
(window.NREUM||(NREUM={})).init={ajax:{deny_list:[""bam.nr-data.net""]}};(window.NREUM||(NREUM={})).loader_config={xpid:""UwYPV15QGwYFXFlXDgU="",licenseKey:""0ed0ce50b0"",applicationID:""5588594"",browserID:""5591142""};;/*! For license information please see nr-loader-full-1.302.0.min.js.LICENSE.txt */
(()=>{var e,t,r={384:(e,t,r)=>{""use strict"";r.d(t,{NT:()=>o,US:()=>u,Zm:()=>s,bQ:()=>d,dV:()=>c,pV:()=>l});var n=r(6154),i=r(1863),a=r(1910);const o={beacon:""bam.nr-data.net"",errorBeacon:""bam.nr-data.net""};function s(){return n.gm.NREUM||(n.gm.NREUM={}),void 0===n.gm.newrelic&&(n.gm.newrelic=n.gm.NREUM),n.gm.NREUM}function c(){let e=s();return e.o||(e.o={ST:n.gm.setTimeout,SI:n.gm.setImmediate||n.gm.setInterval,CT:n.gm.clearTimeout,XHR:n.gm.XMLHttpRequest,REQ:n.gm.Request,EV:n.gm.Event,PR:n.gm.Promise,MO:n.gm.MutationObserver,FETCH:n.gm.fetch,WS:n.gm.WebSocket},(0,a.i)(...Object.values(e.o))),e}function d(e,t){let r=s();r.initializedAgents??={},t.initializedAt={ms:(0,i.t)(),date:new Date},r.initializedAgents[e]=t}function u(e,t){s()[e]=t}function l(){return function(){let e=s();const t=e.info||{};e.info={beacon:o.beacon,errorBeacon:o.errorBeacon,...t}}(),function(){let e=s();const t=e.init||{};e.init={...t}}(),c(),function(){let e=s();const t=e.loader_config||{};e.loader_config={...t}}(),s()}},782:(e,t,r)=>{""use strict"";r.d(t,{T:()=>n});const n=r(860).K7.pageViewTiming},860:(e,t,r)=>{""use strict"";r.d(t,{$J:()=>u,K7:()=>c,P3:()=>d,XX:()=>i,Yy:()=>s,df:()=>a,qY:()=>n,v4:()=>o});const n=""events"",i=""jserrors"",a=""browser/blobs"",o=""rum"",s=""browser/logs"",c={ajax:""ajax"",genericEvents:""generic_events"",jserrors:i,logging:""logging"",metrics:""metrics"",pageAction:""page_action"",pageViewEvent:""page_view_event"",pageViewTiming:""page_view_timing"",sessionReplay:""session_replay"",sessionTrace:""session_trace"",softNav:""soft_navigations"",spa:""spa""},d={[c.pageViewEvent]:1,[c.pageViewTiming]:2,[c.metrics]:3,[c.jserrors]:4,[c.spa]:5,[c.ajax]:6,[c.sessionTrace]:7,[c.softNav]:8,[c.sessionReplay]:9,[c.logging]:10,[c.genericEvents]:11},u={[c.pageViewEvent]:o,[c.pageViewTiming]:n,[c.ajax]:n,[c.spa]:n,[c.softNav]:n,[c.metrics]:i,[c.jserrors]:i,[c.sessionTrace]:a,[c.sessionReplay]:a,[c.logging]:s,[c.genericEvents]:""ins""}},944:(e,t,r)=>{""use strict"";r.d(t,{R:()=>i});var n=r(3241);function i(e,t){""function""==typeof console.debug&&(console.debug(""New Relic Warning: https://github.com/newrelic/newrelic-browser-agent/blob/main/docs/warning-codes.md#"".concat(e),t),(0,n.W)({agentIdentifier:null,drained:null,type:""data"",name:""warn"",feature:""warn"",data:{code:e,secondary:t}}))}},993:(e,t,r)=>{""use strict"";r.d(t,{A$:()=>a,ET:()=>o,TZ:()=>s,p_:()=>i});var n=r(860);const i={ERROR:""ERROR"",WARN:""WARN"",INFO:""INFO"",DEBUG:""DEBUG"",TRACE:""TRACE""},a={OFF:0,ERROR:1,WARN:2,INFO:3,DEBUG:4,TRACE:5},o=""log"",s=n.K7.logging},1687:(e,t,r)=>{""use strict"";r.d(t,{Ak:()=>d,Ze:()=>f,x3:()=>u});var n=r(3241),i=r(7836),a=r(3606),o=r(860),s=r(2646);const c={};function d(e,t){const r={staged:!1,priority:o.P3[t]||0};l(e),c[e].get(t)||c[e].set(t,r)}function u(e,t){e&&c[e]&&(c[e].get(t)&&c[e].delete(t),p(e,t,!1),c[e].size&&h(e))}function l(e){if(!e)throw new Error(""agentIdentifier required"");c[e]||(c[e]=new Map)}function f(e="""",t=""feature"",r=!1){if(l(e),!e||!c[e].get(t)||r)return p(e,t);c[e].get(t).staged=!0,h(e)}function h(e){const t=Array.from(c[e]);t.every(([e,t])=>t.staged)&&(t.sort((e,t)=>e[1].priority-t[1].priority),t.forEach(([t])=>{c[e].delete(t),p(e,t)}))}function p(e,t,r=!0){const o=e?i.ee.get(e):i.ee,c=a.i.handlers;if(!o.aborted&&o.backlog&&c){if((0,n.W)({agentIdentifier:e,type:""lifecycle"",name:""drain"",feature:t}),r){const e=o.backlog[t],r=c[t];if(r){for(let t=0;e&&t<e.length;++t)g(e[t],r);Object.entries(r).forEach(([e,t])=>{Object.values(t||{}).forEach(t=>{t[0]?.on&&t[0]?.context()instanceof s.y&&t[0].on(e,t[1])})})}}o.isolatedBacklog||delete c[t],o.backlog[t]=null,o.emit(""drain-""+t,[])}}function g(e,t){var r=e[1];Object.values(t[r]||{}).forEach(t=>{var r=e[0];if(t[0]===r){var n=t[1],i=e[3],a=e[2];n.apply(i,a)}})}},1741:(e,t,r)=>{""use strict"";r.d(t,{W:()=>a});var n=r(944),i=r(4261);class a{#e(e,...t){if(this[e]!==a.prototype[e])return this[e](...t);(0,n.R)(35,e)}addPageAction(e,t){return this.#e(i.hG,e,t)}register(e){return this.#e(i.eY,e)}recordCustomEvent(e,t){return this.#e(i.fF,e,t)}setPageViewName(e,t){return this.#e(i.Fw,e,t)}setCustomAttribute(e,t,r){return this.#e(i.cD,e,t,r)}noticeError(e,t){return this.#e(i.o5,e,t)}setUserId(e){return this.#e(i.",success
indie,N/A,N/A,N/A,N/A,N/A,N/A,https://www.last.fm/music/Lorde/_/Royals,N/A,502_error
indie,N/A,N/A,N/A,N/A,N/A,N/A,https://www.last.fm/music/fun./_/We+Are+Young+(feat.+Janelle+Mon%C3%A1e),N/A,502_error
indie,N/A,N/A,N/A,N/A,N/A,N/A,https://www.last.fm/music/twenty+one+pilots/_/Stressed+Out,N/A,502_error
indie,Come a Little Closer,Cage the Elephant,Melophobia,3:49,"1,159,526","12,001,343",https://www.last.fm/music/Cage+the+Elephant/_/Come+a+Little+Closer,"
<!DOCTYPE html>

<html class=""no-js playbar-masthead-release-shim youtube-provider-not-ready"" lang=""en"">
<head>
<meta charset=""utf-8""/>
<meta content=""IE=edge"" http-equiv=""X-UA-Compatible""/><script type=""text/javascript"">window.NREUM||(NREUM={});NREUM.info={""beacon"":""bam.nr-data.net"",""errorBeacon"":""bam.nr-data.net"",""licenseKey"":""0ed0ce50b0"",""applicationID"":""5588594"",""transactionName"":""Y1BRbUUFWkMEWxYMV1oadUxZB0BZClZNCV5ZG0RcVUpDRxIWAxVIRxteTEQNVx4TUQcSSxpWUk1WCFtXEF1YMUpVVlgXUAFA"",""queueTime"":0,""applicationTime"":959,""agent"":""""};
(window.NREUM||(NREUM={})).init={ajax:{deny_list:[""bam.nr-data.net""]}};(window.NREUM||(NREUM={})).loader_config={xpid:""UwYPV15QGwYFXFlXDgU="",licenseKey:""0ed0ce50b0"",applicationID:""5588594"",browserID:""5591142""};;/*! For license information please see nr-loader-full-1.302.0.min.js.LICENSE.txt */
(()=>{var e,t,r={384:(e,t,r)=>{""use strict"";r.d(t,{NT:()=>o,US:()=>u,Zm:()=>s,bQ:()=>d,dV:()=>c,pV:()=>l});var n=r(6154),i=r(1863),a=r(1910);const o={beacon:""bam.nr-data.net"",errorBeacon:""bam.nr-data.net""};function s(){return n.gm.NREUM||(n.gm.NREUM={}),void 0===n.gm.newrelic&&(n.gm.newrelic=n.gm.NREUM),n.gm.NREUM}function c(){let e=s();return e.o||(e.o={ST:n.gm.setTimeout,SI:n.gm.setImmediate||n.gm.setInterval,CT:n.gm.clearTimeout,XHR:n.gm.XMLHttpRequest,REQ:n.gm.Request,EV:n.gm.Event,PR:n.gm.Promise,MO:n.gm.MutationObserver,FETCH:n.gm.fetch,WS:n.gm.WebSocket},(0,a.i)(...Object.values(e.o))),e}function d(e,t){let r=s();r.initializedAgents??={},t.initializedAt={ms:(0,i.t)(),date:new Date},r.initializedAgents[e]=t}function u(e,t){s()[e]=t}function l(){return function(){let e=s();const t=e.info||{};e.info={beacon:o.beacon,errorBeacon:o.errorBeacon,...t}}(),function(){let e=s();const t=e.init||{};e.init={...t}}(),c(),function(){let e=s();const t=e.loader_config||{};e.loader_config={...t}}(),s()}},782:(e,t,r)=>{""use strict"";r.d(t,{T:()=>n});const n=r(860).K7.pageViewTiming},860:(e,t,r)=>{""use strict"";r.d(t,{$J:()=>u,K7:()=>c,P3:()=>d,XX:()=>i,Yy:()=>s,df:()=>a,qY:()=>n,v4:()=>o});const n=""events"",i=""jserrors"",a=""browser/blobs"",o=""rum"",s=""browser/logs"",c={ajax:""ajax"",genericEvents:""generic_events"",jserrors:i,logging:""logging"",metrics:""metrics"",pageAction:""page_action"",pageViewEvent:""page_view_event"",pageViewTiming:""page_view_timing"",sessionReplay:""session_replay"",sessionTrace:""session_trace"",softNav:""soft_navigations"",spa:""spa""},d={[c.pageViewEvent]:1,[c.pageViewTiming]:2,[c.metrics]:3,[c.jserrors]:4,[c.spa]:5,[c.ajax]:6,[c.sessionTrace]:7,[c.softNav]:8,[c.sessionReplay]:9,[c.logging]:10,[c.genericEvents]:11},u={[c.pageViewEvent]:o,[c.pageViewTiming]:n,[c.ajax]:n,[c.spa]:n,[c.softNav]:n,[c.metrics]:i,[c.jserrors]:i,[c.sessionTrace]:a,[c.sessionReplay]:a,[c.logging]:s,[c.genericEvents]:""ins""}},944:(e,t,r)=>{""use strict"";r.d(t,{R:()=>i});var n=r(3241);function i(e,t){""function""==typeof console.debug&&(console.debug(""New Relic Warning: https://github.com/newrelic/newrelic-browser-agent/blob/main/docs/warning-codes.md#"".concat(e),t),(0,n.W)({agentIdentifier:null,drained:null,type:""data"",name:""warn"",feature:""warn"",data:{code:e,secondary:t}}))}},993:(e,t,r)=>{""use strict"";r.d(t,{A$:()=>a,ET:()=>o,TZ:()=>s,p_:()=>i});var n=r(860);const i={ERROR:""ERROR"",WARN:""WARN"",INFO:""INFO"",DEBUG:""DEBUG"",TRACE:""TRACE""},a={OFF:0,ERROR:1,WARN:2,INFO:3,DEBUG:4,TRACE:5},o=""log"",s=n.K7.logging},1687:(e,t,r)=>{""use strict"";r.d(t,{Ak:()=>d,Ze:()=>f,x3:()=>u});var n=r(3241),i=r(7836),a=r(3606),o=r(860),s=r(2646);const c={};function d(e,t){const r={staged:!1,priority:o.P3[t]||0};l(e),c[e].get(t)||c[e].set(t,r)}function u(e,t){e&&c[e]&&(c[e].get(t)&&c[e].delete(t),p(e,t,!1),c[e].size&&h(e))}function l(e){if(!e)throw new Error(""agentIdentifier required"");c[e]||(c[e]=new Map)}function f(e="""",t=""feature"",r=!1){if(l(e),!e||!c[e].get(t)||r)return p(e,t);c[e].get(t).staged=!0,h(e)}function h(e){const t=Array.from(c[e]);t.every(([e,t])=>t.staged)&&(t.sort((e,t)=>e[1].priority-t[1].priority),t.forEach(([t])=>{c[e].delete(t),p(e,t)}))}function p(e,t,r=!0){const o=e?i.ee.get(e):i.ee,c=a.i.handlers;if(!o.aborted&&o.backlog&&c){if((0,n.W)({agentIdentifier:e,type:""lifecycle"",name:""drain"",feature:t}),r){const e=o.backlog[t],r=c[t];if(r){for(let t=0;e&&t<e.length;++t)g(e[t],r);Object.entries(r).forEach(([e,t])=>{Object.values(t||{}).forEach(t=>{t[0]?.on&&t[0]?.context()instanceof s.y&&t[0].on(e,t[1])})})}}o.isolatedBacklog||delete c[t],o.backlog[t]=null,o.emit(""drain-""+t,[])}}function g(e,t){var r=e[1];Object.values(t[r]||{}).forEach(t=>{var r=e[0];if(t[0]===r){var n=t[1],i=e[3],a=e[2];n.apply(i,a)}})}},1741:(e,t,r)=>{""use strict"";r.d(t,{W:()=>a});var n=r(944),i=r(4261);class a{#e(e,...t){if(this[e]!==a.prototype[e])return this[e](...t);(0,n.R)(35,e)}addPageAction(e,t){return this.#e(i.hG,e,t)}register(e){return this.#e(i.eY,e)}recordCustomEvent(e,t){return this.#e(i.fF,e,t)}setPageViewName(e,t){return this.#e(i.Fw,e,t)}setCustomAttribute(e,t,r){return this.#e(i.cD,e,t,r)}noticeError(e,t){return this.#e(i.o5,e,t)}setUserId(e){return this.#e(i.",success
indie,Somewhere Only We Know,Keane,Hopes and Fears,3:56,"2,353,997","24,581,877",https://www.last.fm/music/Keane/_/Somewhere+Only+We+Know,"
<!DOCTYPE html>

<html class=""no-js playbar-masthead-release-shim youtube-provider-not-ready"" lang=""en"">
<head>
<meta charset=""utf-8""/>
<meta content=""IE=edge"" http-equiv=""X-UA-Compatible""/><script type=""text/javascript"">window.NREUM||(NREUM={});NREUM.info={""beacon"":""bam.nr-data.net"",""errorBeacon"":""bam.nr-data.net"",""licenseKey"":""0ed0ce50b0"",""applicationID"":""5588594"",""transactionName"":""Y1BRbUUFWkMEWxYMV1oadUxZB0BZClZNCV5ZG0RcVUpDRxIWAxVIRxteTEQNVx4TUQcSSxpWUk1WCFtXEF1YMUpVVlgXUAFA"",""queueTime"":0,""applicationTime"":1002,""agent"":""""};
(window.NREUM||(NREUM={})).init={ajax:{deny_list:[""bam.nr-data.net""]}};(window.NREUM||(NREUM={})).loader_config={xpid:""UwYPV15QGwYFXFlXDgU="",licenseKey:""0ed0ce50b0"",applicationID:""5588594"",browserID:""5591142""};;/*! For license information please see nr-loader-full-1.302.0.min.js.LICENSE.txt */
(()=>{var e,t,r={384:(e,t,r)=>{""use strict"";r.d(t,{NT:()=>o,US:()=>u,Zm:()=>s,bQ:()=>d,dV:()=>c,pV:()=>l});var n=r(6154),i=r(1863),a=r(1910);const o={beacon:""bam.nr-data.net"",errorBeacon:""bam.nr-data.net""};function s(){return n.gm.NREUM||(n.gm.NREUM={}),void 0===n.gm.newrelic&&(n.gm.newrelic=n.gm.NREUM),n.gm.NREUM}function c(){let e=s();return e.o||(e.o={ST:n.gm.setTimeout,SI:n.gm.setImmediate||n.gm.setInterval,CT:n.gm.clearTimeout,XHR:n.gm.XMLHttpRequest,REQ:n.gm.Request,EV:n.gm.Event,PR:n.gm.Promise,MO:n.gm.MutationObserver,FETCH:n.gm.fetch,WS:n.gm.WebSocket},(0,a.i)(...Object.values(e.o))),e}function d(e,t){let r=s();r.initializedAgents??={},t.initializedAt={ms:(0,i.t)(),date:new Date},r.initializedAgents[e]=t}function u(e,t){s()[e]=t}function l(){return function(){let e=s();const t=e.info||{};e.info={beacon:o.beacon,errorBeacon:o.errorBeacon,...t}}(),function(){let e=s();const t=e.init||{};e.init={...t}}(),c(),function(){let e=s();const t=e.loader_config||{};e.loader_config={...t}}(),s()}},782:(e,t,r)=>{""use strict"";r.d(t,{T:()=>n});const n=r(860).K7.pageViewTiming},860:(e,t,r)=>{""use strict"";r.d(t,{$J:()=>u,K7:()=>c,P3:()=>d,XX:()=>i,Yy:()=>s,df:()=>a,qY:()=>n,v4:()=>o});const n=""events"",i=""jserrors"",a=""browser/blobs"",o=""rum"",s=""browser/logs"",c={ajax:""ajax"",genericEvents:""generic_events"",jserrors:i,logging:""logging"",metrics:""metrics"",pageAction:""page_action"",pageViewEvent:""page_view_event"",pageViewTiming:""page_view_timing"",sessionReplay:""session_replay"",sessionTrace:""session_trace"",softNav:""soft_navigations"",spa:""spa""},d={[c.pageViewEvent]:1,[c.pageViewTiming]:2,[c.metrics]:3,[c.jserrors]:4,[c.spa]:5,[c.ajax]:6,[c.sessionTrace]:7,[c.softNav]:8,[c.sessionReplay]:9,[c.logging]:10,[c.genericEvents]:11},u={[c.pageViewEvent]:o,[c.pageViewTiming]:n,[c.ajax]:n,[c.spa]:n,[c.softNav]:n,[c.metrics]:i,[c.jserrors]:i,[c.sessionTrace]:a,[c.sessionReplay]:a,[c.logging]:s,[c.genericEvents]:""ins""}},944:(e,t,r)=>{""use strict"";r.d(t,{R:()=>i});var n=r(3241);function i(e,t){""function""==typeof console.debug&&(console.debug(""New Relic Warning: https://github.com/newrelic/newrelic-browser-agent/blob/main/docs/warning-codes.md#"".concat(e),t),(0,n.W)({agentIdentifier:null,drained:null,type:""data"",name:""warn"",feature:""warn"",data:{code:e,secondary:t}}))}},993:(e,t,r)=>{""use strict"";r.d(t,{A$:()=>a,ET:()=>o,TZ:()=>s,p_:()=>i});var n=r(860);const i={ERROR:""ERROR"",WARN:""WARN"",INFO:""INFO"",DEBUG:""DEBUG"",TRACE:""TRACE""},a={OFF:0,ERROR:1,WARN:2,INFO:3,DEBUG:4,TRACE:5},o=""log"",s=n.K7.logging},1687:(e,t,r)=>{""use strict"";r.d(t,{Ak:()=>d,Ze:()=>f,x3:()=>u});var n=r(3241),i=r(7836),a=r(3606),o=r(860),s=r(2646);const c={};function d(e,t){const r={staged:!1,priority:o.P3[t]||0};l(e),c[e].get(t)||c[e].set(t,r)}function u(e,t){e&&c[e]&&(c[e].get(t)&&c[e].delete(t),p(e,t,!1),c[e].size&&h(e))}function l(e){if(!e)throw new Error(""agentIdentifier required"");c[e]||(c[e]=new Map)}function f(e="""",t=""feature"",r=!1){if(l(e),!e||!c[e].get(t)||r)return p(e,t);c[e].get(t).staged=!0,h(e)}function h(e){const t=Array.from(c[e]);t.every(([e,t])=>t.staged)&&(t.sort((e,t)=>e[1].priority-t[1].priority),t.forEach(([t])=>{c[e].delete(t),p(e,t)}))}function p(e,t,r=!0){const o=e?i.ee.get(e):i.ee,c=a.i.handlers;if(!o.aborted&&o.backlog&&c){if((0,n.W)({agentIdentifier:e,type:""lifecycle"",name:""drain"",feature:t}),r){const e=o.backlog[t],r=c[t];if(r){for(let t=0;e&&t<e.length;++t)g(e[t],r);Object.entries(r).forEach(([e,t])=>{Object.values(t||{}).forEach(t=>{t[0]?.on&&t[0]?.context()instanceof s.y&&t[0].on(e,t[1])})})}}o.isolatedBacklog||delete c[t],o.backlog[t]=null,o.emit(""drain-""+t,[])}}function g(e,t){var r=e[1];Object.values(t[r]||{}).forEach(t=>{var r=e[0];if(t[0]===r){var n=t[1],i=e[3],a=e[2];n.apply(i,a)}})}},1741:(e,t,r)=>{""use strict"";r.d(t,{W:()=>a});var n=r(944),i=r(4261);class a{#e(e,...t){if(this[e]!==a.prototype[e])return this[e](...t);(0,n.R)(35,e)}addPageAction(e,t){return this.#e(i.hG,e,t)}register(e){return this.#e(i.eY,e)}recordCustomEvent(e,t){return this.#e(i.fF,e,t)}setPageViewName(e,t){return this.#e(i.Fw,e,t)}setCustomAttribute(e,t,r){return this.#e(i.cD,e,t,r)}noticeError(e,t){return this.#e(i.o5,e,t)}setUserId(e){return this.#e(i",success
indie,Little Talks,Of Monsters and Men,My Head Is an Animal,4:26,"1,670,679","17,461,872",https://www.last.fm/music/Of+Monsters+and+Men/_/Little+Talks,"
<!DOCTYPE html>

<html class=""no-js playbar-masthead-release-shim youtube-provider-not-ready"" lang=""en"">
<head>
<meta charset=""utf-8""/>
<meta content=""IE=edge"" http-equiv=""X-UA-Compatible""/><script type=""text/javascript"">window.NREUM||(NREUM={});NREUM.info={""beacon"":""bam.nr-data.net"",""errorBeacon"":""bam.nr-data.net"",""licenseKey"":""0ed0ce50b0"",""applicationID"":""5588594"",""transactionName"":""Y1BRbUUFWkMEWxYMV1oadUxZB0BZClZNCV5ZG0RcVUpDRxIWAxVIRxteTEQNVx4TUQcSSxpWUk1WCFtXEF1YMUpVVlgXUAFA"",""queueTime"":0,""applicationTime"":1340,""agent"":""""};
(window.NREUM||(NREUM={})).init={ajax:{deny_list:[""bam.nr-data.net""]}};(window.NREUM||(NREUM={})).loader_config={xpid:""UwYPV15QGwYFXFlXDgU="",licenseKey:""0ed0ce50b0"",applicationID:""5588594"",browserID:""5591142""};;/*! For license information please see nr-loader-full-1.302.0.min.js.LICENSE.txt */
(()=>{var e,t,r={384:(e,t,r)=>{""use strict"";r.d(t,{NT:()=>o,US:()=>u,Zm:()=>s,bQ:()=>d,dV:()=>c,pV:()=>l});var n=r(6154),i=r(1863),a=r(1910);const o={beacon:""bam.nr-data.net"",errorBeacon:""bam.nr-data.net""};function s(){return n.gm.NREUM||(n.gm.NREUM={}),void 0===n.gm.newrelic&&(n.gm.newrelic=n.gm.NREUM),n.gm.NREUM}function c(){let e=s();return e.o||(e.o={ST:n.gm.setTimeout,SI:n.gm.setImmediate||n.gm.setInterval,CT:n.gm.clearTimeout,XHR:n.gm.XMLHttpRequest,REQ:n.gm.Request,EV:n.gm.Event,PR:n.gm.Promise,MO:n.gm.MutationObserver,FETCH:n.gm.fetch,WS:n.gm.WebSocket},(0,a.i)(...Object.values(e.o))),e}function d(e,t){let r=s();r.initializedAgents??={},t.initializedAt={ms:(0,i.t)(),date:new Date},r.initializedAgents[e]=t}function u(e,t){s()[e]=t}function l(){return function(){let e=s();const t=e.info||{};e.info={beacon:o.beacon,errorBeacon:o.errorBeacon,...t}}(),function(){let e=s();const t=e.init||{};e.init={...t}}(),c(),function(){let e=s();const t=e.loader_config||{};e.loader_config={...t}}(),s()}},782:(e,t,r)=>{""use strict"";r.d(t,{T:()=>n});const n=r(860).K7.pageViewTiming},860:(e,t,r)=>{""use strict"";r.d(t,{$J:()=>u,K7:()=>c,P3:()=>d,XX:()=>i,Yy:()=>s,df:()=>a,qY:()=>n,v4:()=>o});const n=""events"",i=""jserrors"",a=""browser/blobs"",o=""rum"",s=""browser/logs"",c={ajax:""ajax"",genericEvents:""generic_events"",jserrors:i,logging:""logging"",metrics:""metrics"",pageAction:""page_action"",pageViewEvent:""page_view_event"",pageViewTiming:""page_view_timing"",sessionReplay:""session_replay"",sessionTrace:""session_trace"",softNav:""soft_navigations"",spa:""spa""},d={[c.pageViewEvent]:1,[c.pageViewTiming]:2,[c.metrics]:3,[c.jserrors]:4,[c.spa]:5,[c.ajax]:6,[c.sessionTrace]:7,[c.softNav]:8,[c.sessionReplay]:9,[c.logging]:10,[c.genericEvents]:11},u={[c.pageViewEvent]:o,[c.pageViewTiming]:n,[c.ajax]:n,[c.spa]:n,[c.softNav]:n,[c.metrics]:i,[c.jserrors]:i,[c.sessionTrace]:a,[c.sessionReplay]:a,[c.logging]:s,[c.genericEvents]:""ins""}},944:(e,t,r)=>{""use strict"";r.d(t,{R:()=>i});var n=r(3241);function i(e,t){""function""==typeof console.debug&&(console.debug(""New Relic Warning: https://github.com/newrelic/newrelic-browser-agent/blob/main/docs/warning-codes.md#"".concat(e),t),(0,n.W)({agentIdentifier:null,drained:null,type:""data"",name:""warn"",feature:""warn"",data:{code:e,secondary:t}}))}},993:(e,t,r)=>{""use strict"";r.d(t,{A$:()=>a,ET:()=>o,TZ:()=>s,p_:()=>i});var n=r(860);const i={ERROR:""ERROR"",WARN:""WARN"",INFO:""INFO"",DEBUG:""DEBUG"",TRACE:""TRACE""},a={OFF:0,ERROR:1,WARN:2,INFO:3,DEBUG:4,TRACE:5},o=""log"",s=n.K7.logging},1687:(e,t,r)=>{""use strict"";r.d(t,{Ak:()=>d,Ze:()=>f,x3:()=>u});var n=r(3241),i=r(7836),a=r(3606),o=r(860),s=r(2646);const c={};function d(e,t){const r={staged:!1,priority:o.P3[t]||0};l(e),c[e].get(t)||c[e].set(t,r)}function u(e,t){e&&c[e]&&(c[e].get(t)&&c[e].delete(t),p(e,t,!1),c[e].size&&h(e))}function l(e){if(!e)throw new Error(""agentIdentifier required"");c[e]||(c[e]=new Map)}function f(e="""",t=""feature"",r=!1){if(l(e),!e||!c[e].get(t)||r)return p(e,t);c[e].get(t).staged=!0,h(e)}function h(e){const t=Array.from(c[e]);t.every(([e,t])=>t.staged)&&(t.sort((e,t)=>e[1].priority-t[1].priority),t.forEach(([t])=>{c[e].delete(t),p(e,t)}))}function p(e,t,r=!0){const o=e?i.ee.get(e):i.ee,c=a.i.handlers;if(!o.aborted&&o.backlog&&c){if((0,n.W)({agentIdentifier:e,type:""lifecycle"",name:""drain"",feature:t}),r){const e=o.backlog[t],r=c[t];if(r){for(let t=0;e&&t<e.length;++t)g(e[t],r);Object.entries(r).forEach(([e,t])=>{Object.values(t||{}).forEach(t=>{t[0]?.on&&t[0]?.context()instanceof s.y&&t[0].on(e,t[1])})})}}o.isolatedBacklog||delete c[t],o.backlog[t]=null,o.emit(""drain-""+t,[])}}function g(e,t){var r=e[1];Object.values(t[r]||{}).forEach(t=>{var r=e[0];if(t[0]===r){var n=t[1],i=e[3],a=e[2];n.apply(i,a)}})}},1741:(e,t,r)=>{""use strict"";r.d(t,{W:()=>a});var n=r(944),i=r(4261);class a{#e(e,...t){if(this[e]!==a.prototype[e])return this[e](...t);(0,n.R)(35,e)}addPageAction(e,t){return this.#e(i.hG,e,t)}register(e){return this.#e(i.eY,e)}recordCustomEvent(e,t){return this.#e(i.fF,e,t)}setPageViewName(e,t){return this.#e(i.Fw,e,t)}setCustomAttribute(e,t,r){return this.#e(i.cD,e,t,r)}noticeError(e,t){return this.#e(i.o5,e,t)}setUserId(e){return this.#e(i",success
indie,N/A,N/A,N/A,N/A,N/A,N/A,https://www.last.fm/music/Lana+Del+Rey/_/Sad+Girl,N/A,502_error
indie,N/A,N/A,N/A,N/A,N/A,N/A,https://www.last.fm/music/Kodaline/_/All+I+Want,N/A,502_error
indie,Pompeii,Bastille,All This Bad Blood,3:34,"1,663,550","16,783,912",https://www.last.fm/music/Bastille/_/Pompeii,"
<!DOCTYPE html>

<html class=""no-js playbar-masthead-release-shim youtube-provider-not-ready"" lang=""en"">
<head>
<meta charset=""utf-8""/>
<meta content=""IE=edge"" http-equiv=""X-UA-Compatible""/><script type=""text/javascript"">window.NREUM||(NREUM={});NREUM.info={""beacon"":""bam.nr-data.net"",""errorBeacon"":""bam.nr-data.net"",""licenseKey"":""0ed0ce50b0"",""applicationID"":""5588594"",""transactionName"":""Y1BRbUUFWkMEWxYMV1oadUxZB0BZClZNCV5ZG0RcVUpDRxIWAxVIRxteTEQNVx4TUQcSSxpWUk1WCFtXEF1YMUpVVlgXUAFA"",""queueTime"":0,""applicationTime"":860,""agent"":""""};
(window.NREUM||(NREUM={})).init={ajax:{deny_list:[""bam.nr-data.net""]}};(window.NREUM||(NREUM={})).loader_config={xpid:""UwYPV15QGwYFXFlXDgU="",licenseKey:""0ed0ce50b0"",applicationID:""5588594"",browserID:""5591142""};;/*! For license information please see nr-loader-full-1.302.0.min.js.LICENSE.txt */
(()=>{var e,t,r={384:(e,t,r)=>{""use strict"";r.d(t,{NT:()=>o,US:()=>u,Zm:()=>s,bQ:()=>d,dV:()=>c,pV:()=>l});var n=r(6154),i=r(1863),a=r(1910);const o={beacon:""bam.nr-data.net"",errorBeacon:""bam.nr-data.net""};function s(){return n.gm.NREUM||(n.gm.NREUM={}),void 0===n.gm.newrelic&&(n.gm.newrelic=n.gm.NREUM),n.gm.NREUM}function c(){let e=s();return e.o||(e.o={ST:n.gm.setTimeout,SI:n.gm.setImmediate||n.gm.setInterval,CT:n.gm.clearTimeout,XHR:n.gm.XMLHttpRequest,REQ:n.gm.Request,EV:n.gm.Event,PR:n.gm.Promise,MO:n.gm.MutationObserver,FETCH:n.gm.fetch,WS:n.gm.WebSocket},(0,a.i)(...Object.values(e.o))),e}function d(e,t){let r=s();r.initializedAgents??={},t.initializedAt={ms:(0,i.t)(),date:new Date},r.initializedAgents[e]=t}function u(e,t){s()[e]=t}function l(){return function(){let e=s();const t=e.info||{};e.info={beacon:o.beacon,errorBeacon:o.errorBeacon,...t}}(),function(){let e=s();const t=e.init||{};e.init={...t}}(),c(),function(){let e=s();const t=e.loader_config||{};e.loader_config={...t}}(),s()}},782:(e,t,r)=>{""use strict"";r.d(t,{T:()=>n});const n=r(860).K7.pageViewTiming},860:(e,t,r)=>{""use strict"";r.d(t,{$J:()=>u,K7:()=>c,P3:()=>d,XX:()=>i,Yy:()=>s,df:()=>a,qY:()=>n,v4:()=>o});const n=""events"",i=""jserrors"",a=""browser/blobs"",o=""rum"",s=""browser/logs"",c={ajax:""ajax"",genericEvents:""generic_events"",jserrors:i,logging:""logging"",metrics:""metrics"",pageAction:""page_action"",pageViewEvent:""page_view_event"",pageViewTiming:""page_view_timing"",sessionReplay:""session_replay"",sessionTrace:""session_trace"",softNav:""soft_navigations"",spa:""spa""},d={[c.pageViewEvent]:1,[c.pageViewTiming]:2,[c.metrics]:3,[c.jserrors]:4,[c.spa]:5,[c.ajax]:6,[c.sessionTrace]:7,[c.softNav]:8,[c.sessionReplay]:9,[c.logging]:10,[c.genericEvents]:11},u={[c.pageViewEvent]:o,[c.pageViewTiming]:n,[c.ajax]:n,[c.spa]:n,[c.softNav]:n,[c.metrics]:i,[c.jserrors]:i,[c.sessionTrace]:a,[c.sessionReplay]:a,[c.logging]:s,[c.genericEvents]:""ins""}},944:(e,t,r)=>{""use strict"";r.d(t,{R:()=>i});var n=r(3241);function i(e,t){""function""==typeof console.debug&&(console.debug(""New Relic Warning: https://github.com/newrelic/newrelic-browser-agent/blob/main/docs/warning-codes.md#"".concat(e),t),(0,n.W)({agentIdentifier:null,drained:null,type:""data"",name:""warn"",feature:""warn"",data:{code:e,secondary:t}}))}},993:(e,t,r)=>{""use strict"";r.d(t,{A$:()=>a,ET:()=>o,TZ:()=>s,p_:()=>i});var n=r(860);const i={ERROR:""ERROR"",WARN:""WARN"",INFO:""INFO"",DEBUG:""DEBUG"",TRACE:""TRACE""},a={OFF:0,ERROR:1,WARN:2,INFO:3,DEBUG:4,TRACE:5},o=""log"",s=n.K7.logging},1687:(e,t,r)=>{""use strict"";r.d(t,{Ak:()=>d,Ze:()=>f,x3:()=>u});var n=r(3241),i=r(7836),a=r(3606),o=r(860),s=r(2646);const c={};function d(e,t){const r={staged:!1,priority:o.P3[t]||0};l(e),c[e].get(t)||c[e].set(t,r)}function u(e,t){e&&c[e]&&(c[e].get(t)&&c[e].delete(t),p(e,t,!1),c[e].size&&h(e))}function l(e){if(!e)throw new Error(""agentIdentifier required"");c[e]||(c[e]=new Map)}function f(e="""",t=""feature"",r=!1){if(l(e),!e||!c[e].get(t)||r)return p(e,t);c[e].get(t).staged=!0,h(e)}function h(e){const t=Array.from(c[e]);t.every(([e,t])=>t.staged)&&(t.sort((e,t)=>e[1].priority-t[1].priority),t.forEach(([t])=>{c[e].delete(t),p(e,t)}))}function p(e,t,r=!0){const o=e?i.ee.get(e):i.ee,c=a.i.handlers;if(!o.aborted&&o.backlog&&c){if((0,n.W)({agentIdentifier:e,type:""lifecycle"",name:""drain"",feature:t}),r){const e=o.backlog[t],r=c[t];if(r){for(let t=0;e&&t<e.length;++t)g(e[t],r);Object.entries(r).forEach(([e,t])=>{Object.values(t||{}).forEach(t=>{t[0]?.on&&t[0]?.context()instanceof s.y&&t[0].on(e,t[1])})})}}o.isolatedBacklog||delete c[t],o.backlog[t]=null,o.emit(""drain-""+t,[])}}function g(e,t){var r=e[1];Object.values(t[r]||{}).forEach(t=>{var r=e[0];if(t[0]===r){var n=t[1],i=e[3],a=e[2];n.apply(i,a)}})}},1741:(e,t,r)=>{""use strict"";r.d(t,{W:()=>a});var n=r(944),i=r(4261);class a{#e(e,...t){if(this[e]!==a.prototype[e])return this[e](...t);(0,n.R)(35,e)}addPageAction(e,t){return this.#e(i.hG,e,t)}register(e){return this.#e(i.eY,e)}recordCustomEvent(e,t){return this.#e(i.fF,e,t)}setPageViewName(e,t){return this.#e(i.Fw,e,t)}setCustomAttribute(e,t,r){return this.#e(i.cD,e,t,r)}noticeError(e,t){return this.#e(i.o5,e,t)}setUserId(e){return this.#e(i.",success
indie,Weird Fishes / Arpeggi,Radiohead,"Poznan for Earth (25/08/2009, Poland)",N/A,"818,204","7,854,402",https://www.last.fm/music/Radiohead/_/Weird+Fishes+%2F+Arpeggi,"
<!DOCTYPE html>

<html class=""no-js playbar-masthead-release-shim youtube-provider-not-ready"" lang=""en"">
<head>
<meta charset=""utf-8""/>
<meta content=""IE=edge"" http-equiv=""X-UA-Compatible""/><script type=""text/javascript"">window.NREUM||(NREUM={});NREUM.info={""beacon"":""bam.nr-data.net"",""errorBeacon"":""bam.nr-data.net"",""licenseKey"":""0ed0ce50b0"",""applicationID"":""5588594"",""transactionName"":""Y1BRbUUFWkMEWxYMV1oadUxZB0BZClZNCV5ZG0RcVUpDRxIWAxVIRxteTEQNVx4TUQcSSxpWUk1WCFtXEF1YMUpVVlgXUAFA"",""queueTime"":0,""applicationTime"":943,""agent"":""""};
(window.NREUM||(NREUM={})).init={ajax:{deny_list:[""bam.nr-data.net""]}};(window.NREUM||(NREUM={})).loader_config={xpid:""UwYPV15QGwYFXFlXDgU="",licenseKey:""0ed0ce50b0"",applicationID:""5588594"",browserID:""5591142""};;/*! For license information please see nr-loader-full-1.302.0.min.js.LICENSE.txt */
(()=>{var e,t,r={384:(e,t,r)=>{""use strict"";r.d(t,{NT:()=>o,US:()=>u,Zm:()=>s,bQ:()=>d,dV:()=>c,pV:()=>l});var n=r(6154),i=r(1863),a=r(1910);const o={beacon:""bam.nr-data.net"",errorBeacon:""bam.nr-data.net""};function s(){return n.gm.NREUM||(n.gm.NREUM={}),void 0===n.gm.newrelic&&(n.gm.newrelic=n.gm.NREUM),n.gm.NREUM}function c(){let e=s();return e.o||(e.o={ST:n.gm.setTimeout,SI:n.gm.setImmediate||n.gm.setInterval,CT:n.gm.clearTimeout,XHR:n.gm.XMLHttpRequest,REQ:n.gm.Request,EV:n.gm.Event,PR:n.gm.Promise,MO:n.gm.MutationObserver,FETCH:n.gm.fetch,WS:n.gm.WebSocket},(0,a.i)(...Object.values(e.o))),e}function d(e,t){let r=s();r.initializedAgents??={},t.initializedAt={ms:(0,i.t)(),date:new Date},r.initializedAgents[e]=t}function u(e,t){s()[e]=t}function l(){return function(){let e=s();const t=e.info||{};e.info={beacon:o.beacon,errorBeacon:o.errorBeacon,...t}}(),function(){let e=s();const t=e.init||{};e.init={...t}}(),c(),function(){let e=s();const t=e.loader_config||{};e.loader_config={...t}}(),s()}},782:(e,t,r)=>{""use strict"";r.d(t,{T:()=>n});const n=r(860).K7.pageViewTiming},860:(e,t,r)=>{""use strict"";r.d(t,{$J:()=>u,K7:()=>c,P3:()=>d,XX:()=>i,Yy:()=>s,df:()=>a,qY:()=>n,v4:()=>o});const n=""events"",i=""jserrors"",a=""browser/blobs"",o=""rum"",s=""browser/logs"",c={ajax:""ajax"",genericEvents:""generic_events"",jserrors:i,logging:""logging"",metrics:""metrics"",pageAction:""page_action"",pageViewEvent:""page_view_event"",pageViewTiming:""page_view_timing"",sessionReplay:""session_replay"",sessionTrace:""session_trace"",softNav:""soft_navigations"",spa:""spa""},d={[c.pageViewEvent]:1,[c.pageViewTiming]:2,[c.metrics]:3,[c.jserrors]:4,[c.spa]:5,[c.ajax]:6,[c.sessionTrace]:7,[c.softNav]:8,[c.sessionReplay]:9,[c.logging]:10,[c.genericEvents]:11},u={[c.pageViewEvent]:o,[c.pageViewTiming]:n,[c.ajax]:n,[c.spa]:n,[c.softNav]:n,[c.metrics]:i,[c.jserrors]:i,[c.sessionTrace]:a,[c.sessionReplay]:a,[c.logging]:s,[c.genericEvents]:""ins""}},944:(e,t,r)=>{""use strict"";r.d(t,{R:()=>i});var n=r(3241);function i(e,t){""function""==typeof console.debug&&(console.debug(""New Relic Warning: https://github.com/newrelic/newrelic-browser-agent/blob/main/docs/warning-codes.md#"".concat(e),t),(0,n.W)({agentIdentifier:null,drained:null,type:""data"",name:""warn"",feature:""warn"",data:{code:e,secondary:t}}))}},993:(e,t,r)=>{""use strict"";r.d(t,{A$:()=>a,ET:()=>o,TZ:()=>s,p_:()=>i});var n=r(860);const i={ERROR:""ERROR"",WARN:""WARN"",INFO:""INFO"",DEBUG:""DEBUG"",TRACE:""TRACE""},a={OFF:0,ERROR:1,WARN:2,INFO:3,DEBUG:4,TRACE:5},o=""log"",s=n.K7.logging},1687:(e,t,r)=>{""use strict"";r.d(t,{Ak:()=>d,Ze:()=>f,x3:()=>u});var n=r(3241),i=r(7836),a=r(3606),o=r(860),s=r(2646);const c={};function d(e,t){const r={staged:!1,priority:o.P3[t]||0};l(e),c[e].get(t)||c[e].set(t,r)}function u(e,t){e&&c[e]&&(c[e].get(t)&&c[e].delete(t),p(e,t,!1),c[e].size&&h(e))}function l(e){if(!e)throw new Error(""agentIdentifier required"");c[e]||(c[e]=new Map)}function f(e="""",t=""feature"",r=!1){if(l(e),!e||!c[e].get(t)||r)return p(e,t);c[e].get(t).staged=!0,h(e)}function h(e){const t=Array.from(c[e]);t.every(([e,t])=>t.staged)&&(t.sort((e,t)=>e[1].priority-t[1].priority),t.forEach(([t])=>{c[e].delete(t),p(e,t)}))}function p(e,t,r=!0){const o=e?i.ee.get(e):i.ee,c=a.i.handlers;if(!o.aborted&&o.backlog&&c){if((0,n.W)({agentIdentifier:e,type:""lifecycle"",name:""drain"",feature:t}),r){const e=o.backlog[t],r=c[t];if(r){for(let t=0;e&&t<e.length;++t)g(e[t],r);Object.entries(r).forEach(([e,t])=>{Object.values(t||{}).forEach(t=>{t[0]?.on&&t[0]?.context()instanceof s.y&&t[0].on(e,t[1])})})}}o.isolatedBacklog||delete c[t],o.backlog[t]=null,o.emit(""drain-""+t,[])}}function g(e,t){var r=e[1];Object.values(t[r]||{}).forEach(t=>{var r=e[0];if(t[0]===r){var n=t[1],i=e[3],a=e[2];n.apply(i,a)}})}},1741:(e,t,r)=>{""use strict"";r.d(t,{W:()=>a});var n=r(944),i=r(4261);class a{#e(e,...t){if(this[e]!==a.prototype[e])return this[e](...t);(0,n.R)(35,e)}addPageAction(e,t){return this.#e(i.hG,e,t)}register(e){return this.#e(i.eY,e)}recordCustomEvent(e,t){return this.#e(i.fF,e,t)}setPageViewName(e,t){return this.#e(i.Fw,e,t)}setCustomAttribute(e,t,r){return this.#e(i.cD,e,t,r)}noticeError(e,t){return this.#e(i.o5,e,t)}setUserId(e){return this.#e(i.",success
indie,N/A,N/A,N/A,N/A,N/A,N/A,https://www.last.fm/music/Lana+Del+Rey/_/Young+and+Beautiful,N/A,502_error
indie,N/A,N/A,N/A,N/A,N/A,N/A,https://www.last.fm/music/alt-J/_/Breezeblocks,N/A,502_error
indie,Electric Feel,MGMT,Oracular Spectacular,3:49,"2,668,343","28,134,545",https://www.last.fm/music/MGMT/_/Electric+Feel,"
<!DOCTYPE html>

<html class=""no-js playbar-masthead-release-shim youtube-provider-not-ready"" lang=""en"">
<head>
<meta charset=""utf-8""/>
<meta content=""IE=edge"" http-equiv=""X-UA-Compatible""/><script type=""text/javascript"">window.NREUM||(NREUM={});NREUM.info={""beacon"":""bam.nr-data.net"",""errorBeacon"":""bam.nr-data.net"",""licenseKey"":""0ed0ce50b0"",""applicationID"":""5588594"",""transactionName"":""Y1BRbUUFWkMEWxYMV1oadUxZB0BZClZNCV5ZG0RcVUpDRxIWAxVIRxteTEQNVx4TUQcSSxpWUk1WCFtXEF1YMUpVVlgXUAFA"",""queueTime"":0,""applicationTime"":770,""agent"":""""};
(window.NREUM||(NREUM={})).init={ajax:{deny_list:[""bam.nr-data.net""]}};(window.NREUM||(NREUM={})).loader_config={xpid:""UwYPV15QGwYFXFlXDgU="",licenseKey:""0ed0ce50b0"",applicationID:""5588594"",browserID:""5591142""};;/*! For license information please see nr-loader-full-1.302.0.min.js.LICENSE.txt */
(()=>{var e,t,r={384:(e,t,r)=>{""use strict"";r.d(t,{NT:()=>o,US:()=>u,Zm:()=>s,bQ:()=>d,dV:()=>c,pV:()=>l});var n=r(6154),i=r(1863),a=r(1910);const o={beacon:""bam.nr-data.net"",errorBeacon:""bam.nr-data.net""};function s(){return n.gm.NREUM||(n.gm.NREUM={}),void 0===n.gm.newrelic&&(n.gm.newrelic=n.gm.NREUM),n.gm.NREUM}function c(){let e=s();return e.o||(e.o={ST:n.gm.setTimeout,SI:n.gm.setImmediate||n.gm.setInterval,CT:n.gm.clearTimeout,XHR:n.gm.XMLHttpRequest,REQ:n.gm.Request,EV:n.gm.Event,PR:n.gm.Promise,MO:n.gm.MutationObserver,FETCH:n.gm.fetch,WS:n.gm.WebSocket},(0,a.i)(...Object.values(e.o))),e}function d(e,t){let r=s();r.initializedAgents??={},t.initializedAt={ms:(0,i.t)(),date:new Date},r.initializedAgents[e]=t}function u(e,t){s()[e]=t}function l(){return function(){let e=s();const t=e.info||{};e.info={beacon:o.beacon,errorBeacon:o.errorBeacon,...t}}(),function(){let e=s();const t=e.init||{};e.init={...t}}(),c(),function(){let e=s();const t=e.loader_config||{};e.loader_config={...t}}(),s()}},782:(e,t,r)=>{""use strict"";r.d(t,{T:()=>n});const n=r(860).K7.pageViewTiming},860:(e,t,r)=>{""use strict"";r.d(t,{$J:()=>u,K7:()=>c,P3:()=>d,XX:()=>i,Yy:()=>s,df:()=>a,qY:()=>n,v4:()=>o});const n=""events"",i=""jserrors"",a=""browser/blobs"",o=""rum"",s=""browser/logs"",c={ajax:""ajax"",genericEvents:""generic_events"",jserrors:i,logging:""logging"",metrics:""metrics"",pageAction:""page_action"",pageViewEvent:""page_view_event"",pageViewTiming:""page_view_timing"",sessionReplay:""session_replay"",sessionTrace:""session_trace"",softNav:""soft_navigations"",spa:""spa""},d={[c.pageViewEvent]:1,[c.pageViewTiming]:2,[c.metrics]:3,[c.jserrors]:4,[c.spa]:5,[c.ajax]:6,[c.sessionTrace]:7,[c.softNav]:8,[c.sessionReplay]:9,[c.logging]:10,[c.genericEvents]:11},u={[c.pageViewEvent]:o,[c.pageViewTiming]:n,[c.ajax]:n,[c.spa]:n,[c.softNav]:n,[c.metrics]:i,[c.jserrors]:i,[c.sessionTrace]:a,[c.sessionReplay]:a,[c.logging]:s,[c.genericEvents]:""ins""}},944:(e,t,r)=>{""use strict"";r.d(t,{R:()=>i});var n=r(3241);function i(e,t){""function""==typeof console.debug&&(console.debug(""New Relic Warning: https://github.com/newrelic/newrelic-browser-agent/blob/main/docs/warning-codes.md#"".concat(e),t),(0,n.W)({agentIdentifier:null,drained:null,type:""data"",name:""warn"",feature:""warn"",data:{code:e,secondary:t}}))}},993:(e,t,r)=>{""use strict"";r.d(t,{A$:()=>a,ET:()=>o,TZ:()=>s,p_:()=>i});var n=r(860);const i={ERROR:""ERROR"",WARN:""WARN"",INFO:""INFO"",DEBUG:""DEBUG"",TRACE:""TRACE""},a={OFF:0,ERROR:1,WARN:2,INFO:3,DEBUG:4,TRACE:5},o=""log"",s=n.K7.logging},1687:(e,t,r)=>{""use strict"";r.d(t,{Ak:()=>d,Ze:()=>f,x3:()=>u});var n=r(3241),i=r(7836),a=r(3606),o=r(860),s=r(2646);const c={};function d(e,t){const r={staged:!1,priority:o.P3[t]||0};l(e),c[e].get(t)||c[e].set(t,r)}function u(e,t){e&&c[e]&&(c[e].get(t)&&c[e].delete(t),p(e,t,!1),c[e].size&&h(e))}function l(e){if(!e)throw new Error(""agentIdentifier required"");c[e]||(c[e]=new Map)}function f(e="""",t=""feature"",r=!1){if(l(e),!e||!c[e].get(t)||r)return p(e,t);c[e].get(t).staged=!0,h(e)}function h(e){const t=Array.from(c[e]);t.every(([e,t])=>t.staged)&&(t.sort((e,t)=>e[1].priority-t[1].priority),t.forEach(([t])=>{c[e].delete(t),p(e,t)}))}function p(e,t,r=!0){const o=e?i.ee.get(e):i.ee,c=a.i.handlers;if(!o.aborted&&o.backlog&&c){if((0,n.W)({agentIdentifier:e,type:""lifecycle"",name:""drain"",feature:t}),r){const e=o.backlog[t],r=c[t];if(r){for(let t=0;e&&t<e.length;++t)g(e[t],r);Object.entries(r).forEach(([e,t])=>{Object.values(t||{}).forEach(t=>{t[0]?.on&&t[0]?.context()instanceof s.y&&t[0].on(e,t[1])})})}}o.isolatedBacklog||delete c[t],o.backlog[t]=null,o.emit(""drain-""+t,[])}}function g(e,t){var r=e[1];Object.values(t[r]||{}).forEach(t=>{var r=e[0];if(t[0]===r){var n=t[1],i=e[3],a=e[2];n.apply(i,a)}})}},1741:(e,t,r)=>{""use strict"";r.d(t,{W:()=>a});var n=r(944),i=r(4261);class a{#e(e,...t){if(this[e]!==a.prototype[e])return this[e](...t);(0,n.R)(35,e)}addPageAction(e,t){return this.#e(i.hG,e,t)}register(e){return this.#e(i.eY,e)}recordCustomEvent(e,t){return this.#e(i.fF,e,t)}setPageViewName(e,t){return this.#e(i.Fw,e,t)}setCustomAttribute(e,t,r){return this.#e(i.cD,e,t,r)}noticeError(e,t){return this.#e(i.o5,e,t)}setUserId(e){return this.#e(i.",success
indie,N/A,N/A,N/A,N/A,N/A,N/A,https://www.last.fm/music/Neutral+Milk+Hotel/_/In+the+Aeroplane+Over+the+Sea,N/A,502_error
indie,Young Folks,Peter Bjorn and John,Writer's Block,4:38,"1,477,895","12,844,421",https://www.last.fm/music/Peter+Bjorn+and+John/_/Young+Folks,"
<!DOCTYPE html>

<html class=""no-js playbar-masthead-release-shim youtube-provider-not-ready"" lang=""en"">
<head>
<meta charset=""utf-8""/>
<meta content=""IE=edge"" http-equiv=""X-UA-Compatible""/><script type=""text/javascript"">window.NREUM||(NREUM={});NREUM.info={""beacon"":""bam.nr-data.net"",""errorBeacon"":""bam.nr-data.net"",""licenseKey"":""0ed0ce50b0"",""applicationID"":""5588594"",""transactionName"":""Y1BRbUUFWkMEWxYMV1oadUxZB0BZClZNCV5ZG0RcVUpDRxIWAxVIRxteTEQNVx4TUQcSSxpWUk1WCFtXEF1YMUpVVlgXUAFA"",""queueTime"":0,""applicationTime"":1654,""agent"":""""};
(window.NREUM||(NREUM={})).init={ajax:{deny_list:[""bam.nr-data.net""]}};(window.NREUM||(NREUM={})).loader_config={xpid:""UwYPV15QGwYFXFlXDgU="",licenseKey:""0ed0ce50b0"",applicationID:""5588594"",browserID:""5591142""};;/*! For license information please see nr-loader-full-1.302.0.min.js.LICENSE.txt */
(()=>{var e,t,r={384:(e,t,r)=>{""use strict"";r.d(t,{NT:()=>o,US:()=>u,Zm:()=>s,bQ:()=>d,dV:()=>c,pV:()=>l});var n=r(6154),i=r(1863),a=r(1910);const o={beacon:""bam.nr-data.net"",errorBeacon:""bam.nr-data.net""};function s(){return n.gm.NREUM||(n.gm.NREUM={}),void 0===n.gm.newrelic&&(n.gm.newrelic=n.gm.NREUM),n.gm.NREUM}function c(){let e=s();return e.o||(e.o={ST:n.gm.setTimeout,SI:n.gm.setImmediate||n.gm.setInterval,CT:n.gm.clearTimeout,XHR:n.gm.XMLHttpRequest,REQ:n.gm.Request,EV:n.gm.Event,PR:n.gm.Promise,MO:n.gm.MutationObserver,FETCH:n.gm.fetch,WS:n.gm.WebSocket},(0,a.i)(...Object.values(e.o))),e}function d(e,t){let r=s();r.initializedAgents??={},t.initializedAt={ms:(0,i.t)(),date:new Date},r.initializedAgents[e]=t}function u(e,t){s()[e]=t}function l(){return function(){let e=s();const t=e.info||{};e.info={beacon:o.beacon,errorBeacon:o.errorBeacon,...t}}(),function(){let e=s();const t=e.init||{};e.init={...t}}(),c(),function(){let e=s();const t=e.loader_config||{};e.loader_config={...t}}(),s()}},782:(e,t,r)=>{""use strict"";r.d(t,{T:()=>n});const n=r(860).K7.pageViewTiming},860:(e,t,r)=>{""use strict"";r.d(t,{$J:()=>u,K7:()=>c,P3:()=>d,XX:()=>i,Yy:()=>s,df:()=>a,qY:()=>n,v4:()=>o});const n=""events"",i=""jserrors"",a=""browser/blobs"",o=""rum"",s=""browser/logs"",c={ajax:""ajax"",genericEvents:""generic_events"",jserrors:i,logging:""logging"",metrics:""metrics"",pageAction:""page_action"",pageViewEvent:""page_view_event"",pageViewTiming:""page_view_timing"",sessionReplay:""session_replay"",sessionTrace:""session_trace"",softNav:""soft_navigations"",spa:""spa""},d={[c.pageViewEvent]:1,[c.pageViewTiming]:2,[c.metrics]:3,[c.jserrors]:4,[c.spa]:5,[c.ajax]:6,[c.sessionTrace]:7,[c.softNav]:8,[c.sessionReplay]:9,[c.logging]:10,[c.genericEvents]:11},u={[c.pageViewEvent]:o,[c.pageViewTiming]:n,[c.ajax]:n,[c.spa]:n,[c.softNav]:n,[c.metrics]:i,[c.jserrors]:i,[c.sessionTrace]:a,[c.sessionReplay]:a,[c.logging]:s,[c.genericEvents]:""ins""}},944:(e,t,r)=>{""use strict"";r.d(t,{R:()=>i});var n=r(3241);function i(e,t){""function""==typeof console.debug&&(console.debug(""New Relic Warning: https://github.com/newrelic/newrelic-browser-agent/blob/main/docs/warning-codes.md#"".concat(e),t),(0,n.W)({agentIdentifier:null,drained:null,type:""data"",name:""warn"",feature:""warn"",data:{code:e,secondary:t}}))}},993:(e,t,r)=>{""use strict"";r.d(t,{A$:()=>a,ET:()=>o,TZ:()=>s,p_:()=>i});var n=r(860);const i={ERROR:""ERROR"",WARN:""WARN"",INFO:""INFO"",DEBUG:""DEBUG"",TRACE:""TRACE""},a={OFF:0,ERROR:1,WARN:2,INFO:3,DEBUG:4,TRACE:5},o=""log"",s=n.K7.logging},1687:(e,t,r)=>{""use strict"";r.d(t,{Ak:()=>d,Ze:()=>f,x3:()=>u});var n=r(3241),i=r(7836),a=r(3606),o=r(860),s=r(2646);const c={};function d(e,t){const r={staged:!1,priority:o.P3[t]||0};l(e),c[e].get(t)||c[e].set(t,r)}function u(e,t){e&&c[e]&&(c[e].get(t)&&c[e].delete(t),p(e,t,!1),c[e].size&&h(e))}function l(e){if(!e)throw new Error(""agentIdentifier required"");c[e]||(c[e]=new Map)}function f(e="""",t=""feature"",r=!1){if(l(e),!e||!c[e].get(t)||r)return p(e,t);c[e].get(t).staged=!0,h(e)}function h(e){const t=Array.from(c[e]);t.every(([e,t])=>t.staged)&&(t.sort((e,t)=>e[1].priority-t[1].priority),t.forEach(([t])=>{c[e].delete(t),p(e,t)}))}function p(e,t,r=!0){const o=e?i.ee.get(e):i.ee,c=a.i.handlers;if(!o.aborted&&o.backlog&&c){if((0,n.W)({agentIdentifier:e,type:""lifecycle"",name:""drain"",feature:t}),r){const e=o.backlog[t],r=c[t];if(r){for(let t=0;e&&t<e.length;++t)g(e[t],r);Object.entries(r).forEach(([e,t])=>{Object.values(t||{}).forEach(t=>{t[0]?.on&&t[0]?.context()instanceof s.y&&t[0].on(e,t[1])})})}}o.isolatedBacklog||delete c[t],o.backlog[t]=null,o.emit(""drain-""+t,[])}}function g(e,t){var r=e[1];Object.values(t[r]||{}).forEach(t=>{var r=e[0];if(t[0]===r){var n=t[1],i=e[3],a=e[2];n.apply(i,a)}})}},1741:(e,t,r)=>{""use strict"";r.d(t,{W:()=>a});var n=r(944),i=r(4261);class a{#e(e,...t){if(this[e]!==a.prototype[e])return this[e](...t);(0,n.R)(35,e)}addPageAction(e,t){return this.#e(i.hG,e,t)}register(e){return this.#e(i.eY,e)}recordCustomEvent(e,t){return this.#e(i.fF,e,t)}setPageViewName(e,t){return this.#e(i.Fw,e,t)}setCustomAttribute(e,t,r){return this.#e(i.cD,e,t,r)}noticeError(e,t){return this.#e(i.o5,e,t)}setUserId(e){return this.#e(i",success
indie,N/A,N/A,N/A,N/A,N/A,N/A,https://www.last.fm/music/Modest+Mouse/_/Float+On,N/A,502_error
indie,N/A,N/A,N/A,N/A,N/A,N/A,https://www.last.fm/music/The+Strokes/_/Someday,N/A,502_error
indie,N/A,N/A,N/A,N/A,N/A,N/A,https://www.last.fm/music/Empire+of+the+Sun/_/Walking+on+a+Dream,N/A,502_error
indie,Mr. Brightside,The Killers,Hot Fuss,3:42,"3,450,953","46,344,097",https://www.last.fm/music/The+Killers/_/Mr.+Brightside,"
<!DOCTYPE html>

<html class=""no-js playbar-masthead-release-shim youtube-provider-not-ready"" lang=""en"">
<head>
<meta charset=""utf-8""/>
<meta content=""IE=edge"" http-equiv=""X-UA-Compatible""/><script type=""text/javascript"">window.NREUM||(NREUM={});NREUM.info={""beacon"":""bam.nr-data.net"",""errorBeacon"":""bam.nr-data.net"",""licenseKey"":""0ed0ce50b0"",""applicationID"":""5588594"",""transactionName"":""Y1BRbUUFWkMEWxYMV1oadUxZB0BZClZNCV5ZG0RcVUpDRxIWAxVIRxteTEQNVx4TUQcSSxpWUk1WCFtXEF1YMUpVVlgXUAFA"",""queueTime"":0,""applicationTime"":752,""agent"":""""};
(window.NREUM||(NREUM={})).init={ajax:{deny_list:[""bam.nr-data.net""]}};(window.NREUM||(NREUM={})).loader_config={xpid:""UwYPV15QGwYFXFlXDgU="",licenseKey:""0ed0ce50b0"",applicationID:""5588594"",browserID:""5591142""};;/*! For license information please see nr-loader-full-1.302.0.min.js.LICENSE.txt */
(()=>{var e,t,r={384:(e,t,r)=>{""use strict"";r.d(t,{NT:()=>o,US:()=>u,Zm:()=>s,bQ:()=>d,dV:()=>c,pV:()=>l});var n=r(6154),i=r(1863),a=r(1910);const o={beacon:""bam.nr-data.net"",errorBeacon:""bam.nr-data.net""};function s(){return n.gm.NREUM||(n.gm.NREUM={}),void 0===n.gm.newrelic&&(n.gm.newrelic=n.gm.NREUM),n.gm.NREUM}function c(){let e=s();return e.o||(e.o={ST:n.gm.setTimeout,SI:n.gm.setImmediate||n.gm.setInterval,CT:n.gm.clearTimeout,XHR:n.gm.XMLHttpRequest,REQ:n.gm.Request,EV:n.gm.Event,PR:n.gm.Promise,MO:n.gm.MutationObserver,FETCH:n.gm.fetch,WS:n.gm.WebSocket},(0,a.i)(...Object.values(e.o))),e}function d(e,t){let r=s();r.initializedAgents??={},t.initializedAt={ms:(0,i.t)(),date:new Date},r.initializedAgents[e]=t}function u(e,t){s()[e]=t}function l(){return function(){let e=s();const t=e.info||{};e.info={beacon:o.beacon,errorBeacon:o.errorBeacon,...t}}(),function(){let e=s();const t=e.init||{};e.init={...t}}(),c(),function(){let e=s();const t=e.loader_config||{};e.loader_config={...t}}(),s()}},782:(e,t,r)=>{""use strict"";r.d(t,{T:()=>n});const n=r(860).K7.pageViewTiming},860:(e,t,r)=>{""use strict"";r.d(t,{$J:()=>u,K7:()=>c,P3:()=>d,XX:()=>i,Yy:()=>s,df:()=>a,qY:()=>n,v4:()=>o});const n=""events"",i=""jserrors"",a=""browser/blobs"",o=""rum"",s=""browser/logs"",c={ajax:""ajax"",genericEvents:""generic_events"",jserrors:i,logging:""logging"",metrics:""metrics"",pageAction:""page_action"",pageViewEvent:""page_view_event"",pageViewTiming:""page_view_timing"",sessionReplay:""session_replay"",sessionTrace:""session_trace"",softNav:""soft_navigations"",spa:""spa""},d={[c.pageViewEvent]:1,[c.pageViewTiming]:2,[c.metrics]:3,[c.jserrors]:4,[c.spa]:5,[c.ajax]:6,[c.sessionTrace]:7,[c.softNav]:8,[c.sessionReplay]:9,[c.logging]:10,[c.genericEvents]:11},u={[c.pageViewEvent]:o,[c.pageViewTiming]:n,[c.ajax]:n,[c.spa]:n,[c.softNav]:n,[c.metrics]:i,[c.jserrors]:i,[c.sessionTrace]:a,[c.sessionReplay]:a,[c.logging]:s,[c.genericEvents]:""ins""}},944:(e,t,r)=>{""use strict"";r.d(t,{R:()=>i});var n=r(3241);function i(e,t){""function""==typeof console.debug&&(console.debug(""New Relic Warning: https://github.com/newrelic/newrelic-browser-agent/blob/main/docs/warning-codes.md#"".concat(e),t),(0,n.W)({agentIdentifier:null,drained:null,type:""data"",name:""warn"",feature:""warn"",data:{code:e,secondary:t}}))}},993:(e,t,r)=>{""use strict"";r.d(t,{A$:()=>a,ET:()=>o,TZ:()=>s,p_:()=>i});var n=r(860);const i={ERROR:""ERROR"",WARN:""WARN"",INFO:""INFO"",DEBUG:""DEBUG"",TRACE:""TRACE""},a={OFF:0,ERROR:1,WARN:2,INFO:3,DEBUG:4,TRACE:5},o=""log"",s=n.K7.logging},1687:(e,t,r)=>{""use strict"";r.d(t,{Ak:()=>d,Ze:()=>f,x3:()=>u});var n=r(3241),i=r(7836),a=r(3606),o=r(860),s=r(2646);const c={};function d(e,t){const r={staged:!1,priority:o.P3[t]||0};l(e),c[e].get(t)||c[e].set(t,r)}function u(e,t){e&&c[e]&&(c[e].get(t)&&c[e].delete(t),p(e,t,!1),c[e].size&&h(e))}function l(e){if(!e)throw new Error(""agentIdentifier required"");c[e]||(c[e]=new Map)}function f(e="""",t=""feature"",r=!1){if(l(e),!e||!c[e].get(t)||r)return p(e,t);c[e].get(t).staged=!0,h(e)}function h(e){const t=Array.from(c[e]);t.every(([e,t])=>t.staged)&&(t.sort((e,t)=>e[1].priority-t[1].priority),t.forEach(([t])=>{c[e].delete(t),p(e,t)}))}function p(e,t,r=!0){const o=e?i.ee.get(e):i.ee,c=a.i.handlers;if(!o.aborted&&o.backlog&&c){if((0,n.W)({agentIdentifier:e,type:""lifecycle"",name:""drain"",feature:t}),r){const e=o.backlog[t],r=c[t];if(r){for(let t=0;e&&t<e.length;++t)g(e[t],r);Object.entries(r).forEach(([e,t])=>{Object.values(t||{}).forEach(t=>{t[0]?.on&&t[0]?.context()instanceof s.y&&t[0].on(e,t[1])})})}}o.isolatedBacklog||delete c[t],o.backlog[t]=null,o.emit(""drain-""+t,[])}}function g(e,t){var r=e[1];Object.values(t[r]||{}).forEach(t=>{var r=e[0];if(t[0]===r){var n=t[1],i=e[3],a=e[2];n.apply(i,a)}})}},1741:(e,t,r)=>{""use strict"";r.d(t,{W:()=>a});var n=r(944),i=r(4261);class a{#e(e,...t){if(this[e]!==a.prototype[e])return this[e](...t);(0,n.R)(35,e)}addPageAction(e,t){return this.#e(i.hG,e,t)}register(e){return this.#e(i.eY,e)}recordCustomEvent(e,t){return this.#e(i.fF,e,t)}setPageViewName(e,t){return this.#e(i.Fw,e,t)}setCustomAttribute(e,t,r){return this.#e(i.cD,e,t,r)}noticeError(e,t){return this.#e(i.o5,e,t)}setUserId(e){return this.#e(i.",success
indie,Money,The Drums,Portamento,3:54,"1,079,434","10,371,885",https://www.last.fm/music/The+Drums/_/Money,"
<!DOCTYPE html>

<html class=""no-js playbar-masthead-release-shim youtube-provider-not-ready"" lang=""en"">
<head>
<meta charset=""utf-8""/>
<meta content=""IE=edge"" http-equiv=""X-UA-Compatible""/><script type=""text/javascript"">window.NREUM||(NREUM={});NREUM.info={""beacon"":""bam.nr-data.net"",""errorBeacon"":""bam.nr-data.net"",""licenseKey"":""0ed0ce50b0"",""applicationID"":""5588594"",""transactionName"":""Y1BRbUUFWkMEWxYMV1oadUxZB0BZClZNCV5ZG0RcVUpDRxIWAxVIRxteTEQNVx4TUQcSSxpWUk1WCFtXEF1YMUpVVlgXUAFA"",""queueTime"":0,""applicationTime"":917,""agent"":""""};
(window.NREUM||(NREUM={})).init={ajax:{deny_list:[""bam.nr-data.net""]}};(window.NREUM||(NREUM={})).loader_config={xpid:""UwYPV15QGwYFXFlXDgU="",licenseKey:""0ed0ce50b0"",applicationID:""5588594"",browserID:""5591142""};;/*! For license information please see nr-loader-full-1.302.0.min.js.LICENSE.txt */
(()=>{var e,t,r={384:(e,t,r)=>{""use strict"";r.d(t,{NT:()=>o,US:()=>u,Zm:()=>s,bQ:()=>d,dV:()=>c,pV:()=>l});var n=r(6154),i=r(1863),a=r(1910);const o={beacon:""bam.nr-data.net"",errorBeacon:""bam.nr-data.net""};function s(){return n.gm.NREUM||(n.gm.NREUM={}),void 0===n.gm.newrelic&&(n.gm.newrelic=n.gm.NREUM),n.gm.NREUM}function c(){let e=s();return e.o||(e.o={ST:n.gm.setTimeout,SI:n.gm.setImmediate||n.gm.setInterval,CT:n.gm.clearTimeout,XHR:n.gm.XMLHttpRequest,REQ:n.gm.Request,EV:n.gm.Event,PR:n.gm.Promise,MO:n.gm.MutationObserver,FETCH:n.gm.fetch,WS:n.gm.WebSocket},(0,a.i)(...Object.values(e.o))),e}function d(e,t){let r=s();r.initializedAgents??={},t.initializedAt={ms:(0,i.t)(),date:new Date},r.initializedAgents[e]=t}function u(e,t){s()[e]=t}function l(){return function(){let e=s();const t=e.info||{};e.info={beacon:o.beacon,errorBeacon:o.errorBeacon,...t}}(),function(){let e=s();const t=e.init||{};e.init={...t}}(),c(),function(){let e=s();const t=e.loader_config||{};e.loader_config={...t}}(),s()}},782:(e,t,r)=>{""use strict"";r.d(t,{T:()=>n});const n=r(860).K7.pageViewTiming},860:(e,t,r)=>{""use strict"";r.d(t,{$J:()=>u,K7:()=>c,P3:()=>d,XX:()=>i,Yy:()=>s,df:()=>a,qY:()=>n,v4:()=>o});const n=""events"",i=""jserrors"",a=""browser/blobs"",o=""rum"",s=""browser/logs"",c={ajax:""ajax"",genericEvents:""generic_events"",jserrors:i,logging:""logging"",metrics:""metrics"",pageAction:""page_action"",pageViewEvent:""page_view_event"",pageViewTiming:""page_view_timing"",sessionReplay:""session_replay"",sessionTrace:""session_trace"",softNav:""soft_navigations"",spa:""spa""},d={[c.pageViewEvent]:1,[c.pageViewTiming]:2,[c.metrics]:3,[c.jserrors]:4,[c.spa]:5,[c.ajax]:6,[c.sessionTrace]:7,[c.softNav]:8,[c.sessionReplay]:9,[c.logging]:10,[c.genericEvents]:11},u={[c.pageViewEvent]:o,[c.pageViewTiming]:n,[c.ajax]:n,[c.spa]:n,[c.softNav]:n,[c.metrics]:i,[c.jserrors]:i,[c.sessionTrace]:a,[c.sessionReplay]:a,[c.logging]:s,[c.genericEvents]:""ins""}},944:(e,t,r)=>{""use strict"";r.d(t,{R:()=>i});var n=r(3241);function i(e,t){""function""==typeof console.debug&&(console.debug(""New Relic Warning: https://github.com/newrelic/newrelic-browser-agent/blob/main/docs/warning-codes.md#"".concat(e),t),(0,n.W)({agentIdentifier:null,drained:null,type:""data"",name:""warn"",feature:""warn"",data:{code:e,secondary:t}}))}},993:(e,t,r)=>{""use strict"";r.d(t,{A$:()=>a,ET:()=>o,TZ:()=>s,p_:()=>i});var n=r(860);const i={ERROR:""ERROR"",WARN:""WARN"",INFO:""INFO"",DEBUG:""DEBUG"",TRACE:""TRACE""},a={OFF:0,ERROR:1,WARN:2,INFO:3,DEBUG:4,TRACE:5},o=""log"",s=n.K7.logging},1687:(e,t,r)=>{""use strict"";r.d(t,{Ak:()=>d,Ze:()=>f,x3:()=>u});var n=r(3241),i=r(7836),a=r(3606),o=r(860),s=r(2646);const c={};function d(e,t){const r={staged:!1,priority:o.P3[t]||0};l(e),c[e].get(t)||c[e].set(t,r)}function u(e,t){e&&c[e]&&(c[e].get(t)&&c[e].delete(t),p(e,t,!1),c[e].size&&h(e))}function l(e){if(!e)throw new Error(""agentIdentifier required"");c[e]||(c[e]=new Map)}function f(e="""",t=""feature"",r=!1){if(l(e),!e||!c[e].get(t)||r)return p(e,t);c[e].get(t).staged=!0,h(e)}function h(e){const t=Array.from(c[e]);t.every(([e,t])=>t.staged)&&(t.sort((e,t)=>e[1].priority-t[1].priority),t.forEach(([t])=>{c[e].delete(t),p(e,t)}))}function p(e,t,r=!0){const o=e?i.ee.get(e):i.ee,c=a.i.handlers;if(!o.aborted&&o.backlog&&c){if((0,n.W)({agentIdentifier:e,type:""lifecycle"",name:""drain"",feature:t}),r){const e=o.backlog[t],r=c[t];if(r){for(let t=0;e&&t<e.length;++t)g(e[t],r);Object.entries(r).forEach(([e,t])=>{Object.values(t||{}).forEach(t=>{t[0]?.on&&t[0]?.context()instanceof s.y&&t[0].on(e,t[1])})})}}o.isolatedBacklog||delete c[t],o.backlog[t]=null,o.emit(""drain-""+t,[])}}function g(e,t){var r=e[1];Object.values(t[r]||{}).forEach(t=>{var r=e[0];if(t[0]===r){var n=t[1],i=e[3],a=e[2];n.apply(i,a)}})}},1741:(e,t,r)=>{""use strict"";r.d(t,{W:()=>a});var n=r(944),i=r(4261);class a{#e(e,...t){if(this[e]!==a.prototype[e])return this[e](...t);(0,n.R)(35,e)}addPageAction(e,t){return this.#e(i.hG,e,t)}register(e){return this.#e(i.eY,e)}recordCustomEvent(e,t){return this.#e(i.fF,e,t)}setPageViewName(e,t){return this.#e(i.Fw,e,t)}setCustomAttribute(e,t,r){return this.#e(i.cD,e,t,r)}noticeError(e,t){return this.#e(i.o5,e,t)}setUserId(e){return this.#e(i.",success
indie,N/A,N/A,N/A,N/A,N/A,N/A,https://www.last.fm/music/Lana+Del+Rey/_/Radio,N/A,502_error
jazz,I Fall in Love Too Easily,Chet Baker,The Best of Chet Baker Sings,3:20,"604,644","3,737,084",https://www.last.fm/music/Chet+Baker/_/I+Fall+in+Love+Too+Easily,"
<!DOCTYPE html>

<html class=""no-js playbar-masthead-release-shim youtube-provider-not-ready"" lang=""en"">
<head>
<meta charset=""utf-8""/>
<meta content=""IE=edge"" http-equiv=""X-UA-Compatible""/><script type=""text/javascript"">window.NREUM||(NREUM={});NREUM.info={""beacon"":""bam.nr-data.net"",""errorBeacon"":""bam.nr-data.net"",""licenseKey"":""0ed0ce50b0"",""applicationID"":""5588594"",""transactionName"":""Y1BRbUUFWkMEWxYMV1oadUxZB0BZClZNCV5ZG0RcVUpDRxIWAxVIRxteTEQNVx4TUQcSSxpWUk1WCFtXEF1YMUpVVlgXUAFA"",""queueTime"":0,""applicationTime"":891,""agent"":""""};
(window.NREUM||(NREUM={})).init={ajax:{deny_list:[""bam.nr-data.net""]}};(window.NREUM||(NREUM={})).loader_config={xpid:""UwYPV15QGwYFXFlXDgU="",licenseKey:""0ed0ce50b0"",applicationID:""5588594"",browserID:""5591142""};;/*! For license information please see nr-loader-full-1.302.0.min.js.LICENSE.txt */
(()=>{var e,t,r={384:(e,t,r)=>{""use strict"";r.d(t,{NT:()=>o,US:()=>u,Zm:()=>s,bQ:()=>d,dV:()=>c,pV:()=>l});var n=r(6154),i=r(1863),a=r(1910);const o={beacon:""bam.nr-data.net"",errorBeacon:""bam.nr-data.net""};function s(){return n.gm.NREUM||(n.gm.NREUM={}),void 0===n.gm.newrelic&&(n.gm.newrelic=n.gm.NREUM),n.gm.NREUM}function c(){let e=s();return e.o||(e.o={ST:n.gm.setTimeout,SI:n.gm.setImmediate||n.gm.setInterval,CT:n.gm.clearTimeout,XHR:n.gm.XMLHttpRequest,REQ:n.gm.Request,EV:n.gm.Event,PR:n.gm.Promise,MO:n.gm.MutationObserver,FETCH:n.gm.fetch,WS:n.gm.WebSocket},(0,a.i)(...Object.values(e.o))),e}function d(e,t){let r=s();r.initializedAgents??={},t.initializedAt={ms:(0,i.t)(),date:new Date},r.initializedAgents[e]=t}function u(e,t){s()[e]=t}function l(){return function(){let e=s();const t=e.info||{};e.info={beacon:o.beacon,errorBeacon:o.errorBeacon,...t}}(),function(){let e=s();const t=e.init||{};e.init={...t}}(),c(),function(){let e=s();const t=e.loader_config||{};e.loader_config={...t}}(),s()}},782:(e,t,r)=>{""use strict"";r.d(t,{T:()=>n});const n=r(860).K7.pageViewTiming},860:(e,t,r)=>{""use strict"";r.d(t,{$J:()=>u,K7:()=>c,P3:()=>d,XX:()=>i,Yy:()=>s,df:()=>a,qY:()=>n,v4:()=>o});const n=""events"",i=""jserrors"",a=""browser/blobs"",o=""rum"",s=""browser/logs"",c={ajax:""ajax"",genericEvents:""generic_events"",jserrors:i,logging:""logging"",metrics:""metrics"",pageAction:""page_action"",pageViewEvent:""page_view_event"",pageViewTiming:""page_view_timing"",sessionReplay:""session_replay"",sessionTrace:""session_trace"",softNav:""soft_navigations"",spa:""spa""},d={[c.pageViewEvent]:1,[c.pageViewTiming]:2,[c.metrics]:3,[c.jserrors]:4,[c.spa]:5,[c.ajax]:6,[c.sessionTrace]:7,[c.softNav]:8,[c.sessionReplay]:9,[c.logging]:10,[c.genericEvents]:11},u={[c.pageViewEvent]:o,[c.pageViewTiming]:n,[c.ajax]:n,[c.spa]:n,[c.softNav]:n,[c.metrics]:i,[c.jserrors]:i,[c.sessionTrace]:a,[c.sessionReplay]:a,[c.logging]:s,[c.genericEvents]:""ins""}},944:(e,t,r)=>{""use strict"";r.d(t,{R:()=>i});var n=r(3241);function i(e,t){""function""==typeof console.debug&&(console.debug(""New Relic Warning: https://github.com/newrelic/newrelic-browser-agent/blob/main/docs/warning-codes.md#"".concat(e),t),(0,n.W)({agentIdentifier:null,drained:null,type:""data"",name:""warn"",feature:""warn"",data:{code:e,secondary:t}}))}},993:(e,t,r)=>{""use strict"";r.d(t,{A$:()=>a,ET:()=>o,TZ:()=>s,p_:()=>i});var n=r(860);const i={ERROR:""ERROR"",WARN:""WARN"",INFO:""INFO"",DEBUG:""DEBUG"",TRACE:""TRACE""},a={OFF:0,ERROR:1,WARN:2,INFO:3,DEBUG:4,TRACE:5},o=""log"",s=n.K7.logging},1687:(e,t,r)=>{""use strict"";r.d(t,{Ak:()=>d,Ze:()=>f,x3:()=>u});var n=r(3241),i=r(7836),a=r(3606),o=r(860),s=r(2646);const c={};function d(e,t){const r={staged:!1,priority:o.P3[t]||0};l(e),c[e].get(t)||c[e].set(t,r)}function u(e,t){e&&c[e]&&(c[e].get(t)&&c[e].delete(t),p(e,t,!1),c[e].size&&h(e))}function l(e){if(!e)throw new Error(""agentIdentifier required"");c[e]||(c[e]=new Map)}function f(e="""",t=""feature"",r=!1){if(l(e),!e||!c[e].get(t)||r)return p(e,t);c[e].get(t).staged=!0,h(e)}function h(e){const t=Array.from(c[e]);t.every(([e,t])=>t.staged)&&(t.sort((e,t)=>e[1].priority-t[1].priority),t.forEach(([t])=>{c[e].delete(t),p(e,t)}))}function p(e,t,r=!0){const o=e?i.ee.get(e):i.ee,c=a.i.handlers;if(!o.aborted&&o.backlog&&c){if((0,n.W)({agentIdentifier:e,type:""lifecycle"",name:""drain"",feature:t}),r){const e=o.backlog[t],r=c[t];if(r){for(let t=0;e&&t<e.length;++t)g(e[t],r);Object.entries(r).forEach(([e,t])=>{Object.values(t||{}).forEach(t=>{t[0]?.on&&t[0]?.context()instanceof s.y&&t[0].on(e,t[1])})})}}o.isolatedBacklog||delete c[t],o.backlog[t]=null,o.emit(""drain-""+t,[])}}function g(e,t){var r=e[1];Object.values(t[r]||{}).forEach(t=>{var r=e[0];if(t[0]===r){var n=t[1],i=e[3],a=e[2];n.apply(i,a)}})}},1741:(e,t,r)=>{""use strict"";r.d(t,{W:()=>a});var n=r(944),i=r(4261);class a{#e(e,...t){if(this[e]!==a.prototype[e])return this[e](...t);(0,n.R)(35,e)}addPageAction(e,t){return this.#e(i.hG,e,t)}register(e){return this.#e(i.eY,e)}recordCustomEvent(e,t){return this.#e(i.fF,e,t)}setPageViewName(e,t){return this.#e(i.Fw,e,t)}setCustomAttribute(e,t,r){return this.#e(i.cD,e,t,r)}noticeError(e,t){return this.#e(i.o5,e,t)}setUserId(e){return this.#e(i.",success
jazz,Like a Tattoo,Sade,The Best of Sade,3:36,"1,006,113","11,921,736",https://www.last.fm/music/Sade/_/Like+a+Tattoo,"
<!DOCTYPE html>

<html class=""no-js playbar-masthead-release-shim youtube-provider-not-ready"" lang=""en"">
<head>
<meta charset=""utf-8""/>
<meta content=""IE=edge"" http-equiv=""X-UA-Compatible""/><script type=""text/javascript"">window.NREUM||(NREUM={});NREUM.info={""beacon"":""bam.nr-data.net"",""errorBeacon"":""bam.nr-data.net"",""licenseKey"":""0ed0ce50b0"",""applicationID"":""5588594"",""transactionName"":""Y1BRbUUFWkMEWxYMV1oadUxZB0BZClZNCV5ZG0RcVUpDRxIWAxVIRxteTEQNVx4TUQcSSxpWUk1WCFtXEF1YMUpVVlgXUAFA"",""queueTime"":0,""applicationTime"":852,""agent"":""""};
(window.NREUM||(NREUM={})).init={ajax:{deny_list:[""bam.nr-data.net""]}};(window.NREUM||(NREUM={})).loader_config={xpid:""UwYPV15QGwYFXFlXDgU="",licenseKey:""0ed0ce50b0"",applicationID:""5588594"",browserID:""5591142""};;/*! For license information please see nr-loader-full-1.302.0.min.js.LICENSE.txt */
(()=>{var e,t,r={384:(e,t,r)=>{""use strict"";r.d(t,{NT:()=>o,US:()=>u,Zm:()=>s,bQ:()=>d,dV:()=>c,pV:()=>l});var n=r(6154),i=r(1863),a=r(1910);const o={beacon:""bam.nr-data.net"",errorBeacon:""bam.nr-data.net""};function s(){return n.gm.NREUM||(n.gm.NREUM={}),void 0===n.gm.newrelic&&(n.gm.newrelic=n.gm.NREUM),n.gm.NREUM}function c(){let e=s();return e.o||(e.o={ST:n.gm.setTimeout,SI:n.gm.setImmediate||n.gm.setInterval,CT:n.gm.clearTimeout,XHR:n.gm.XMLHttpRequest,REQ:n.gm.Request,EV:n.gm.Event,PR:n.gm.Promise,MO:n.gm.MutationObserver,FETCH:n.gm.fetch,WS:n.gm.WebSocket},(0,a.i)(...Object.values(e.o))),e}function d(e,t){let r=s();r.initializedAgents??={},t.initializedAt={ms:(0,i.t)(),date:new Date},r.initializedAgents[e]=t}function u(e,t){s()[e]=t}function l(){return function(){let e=s();const t=e.info||{};e.info={beacon:o.beacon,errorBeacon:o.errorBeacon,...t}}(),function(){let e=s();const t=e.init||{};e.init={...t}}(),c(),function(){let e=s();const t=e.loader_config||{};e.loader_config={...t}}(),s()}},782:(e,t,r)=>{""use strict"";r.d(t,{T:()=>n});const n=r(860).K7.pageViewTiming},860:(e,t,r)=>{""use strict"";r.d(t,{$J:()=>u,K7:()=>c,P3:()=>d,XX:()=>i,Yy:()=>s,df:()=>a,qY:()=>n,v4:()=>o});const n=""events"",i=""jserrors"",a=""browser/blobs"",o=""rum"",s=""browser/logs"",c={ajax:""ajax"",genericEvents:""generic_events"",jserrors:i,logging:""logging"",metrics:""metrics"",pageAction:""page_action"",pageViewEvent:""page_view_event"",pageViewTiming:""page_view_timing"",sessionReplay:""session_replay"",sessionTrace:""session_trace"",softNav:""soft_navigations"",spa:""spa""},d={[c.pageViewEvent]:1,[c.pageViewTiming]:2,[c.metrics]:3,[c.jserrors]:4,[c.spa]:5,[c.ajax]:6,[c.sessionTrace]:7,[c.softNav]:8,[c.sessionReplay]:9,[c.logging]:10,[c.genericEvents]:11},u={[c.pageViewEvent]:o,[c.pageViewTiming]:n,[c.ajax]:n,[c.spa]:n,[c.softNav]:n,[c.metrics]:i,[c.jserrors]:i,[c.sessionTrace]:a,[c.sessionReplay]:a,[c.logging]:s,[c.genericEvents]:""ins""}},944:(e,t,r)=>{""use strict"";r.d(t,{R:()=>i});var n=r(3241);function i(e,t){""function""==typeof console.debug&&(console.debug(""New Relic Warning: https://github.com/newrelic/newrelic-browser-agent/blob/main/docs/warning-codes.md#"".concat(e),t),(0,n.W)({agentIdentifier:null,drained:null,type:""data"",name:""warn"",feature:""warn"",data:{code:e,secondary:t}}))}},993:(e,t,r)=>{""use strict"";r.d(t,{A$:()=>a,ET:()=>o,TZ:()=>s,p_:()=>i});var n=r(860);const i={ERROR:""ERROR"",WARN:""WARN"",INFO:""INFO"",DEBUG:""DEBUG"",TRACE:""TRACE""},a={OFF:0,ERROR:1,WARN:2,INFO:3,DEBUG:4,TRACE:5},o=""log"",s=n.K7.logging},1687:(e,t,r)=>{""use strict"";r.d(t,{Ak:()=>d,Ze:()=>f,x3:()=>u});var n=r(3241),i=r(7836),a=r(3606),o=r(860),s=r(2646);const c={};function d(e,t){const r={staged:!1,priority:o.P3[t]||0};l(e),c[e].get(t)||c[e].set(t,r)}function u(e,t){e&&c[e]&&(c[e].get(t)&&c[e].delete(t),p(e,t,!1),c[e].size&&h(e))}function l(e){if(!e)throw new Error(""agentIdentifier required"");c[e]||(c[e]=new Map)}function f(e="""",t=""feature"",r=!1){if(l(e),!e||!c[e].get(t)||r)return p(e,t);c[e].get(t).staged=!0,h(e)}function h(e){const t=Array.from(c[e]);t.every(([e,t])=>t.staged)&&(t.sort((e,t)=>e[1].priority-t[1].priority),t.forEach(([t])=>{c[e].delete(t),p(e,t)}))}function p(e,t,r=!0){const o=e?i.ee.get(e):i.ee,c=a.i.handlers;if(!o.aborted&&o.backlog&&c){if((0,n.W)({agentIdentifier:e,type:""lifecycle"",name:""drain"",feature:t}),r){const e=o.backlog[t],r=c[t];if(r){for(let t=0;e&&t<e.length;++t)g(e[t],r);Object.entries(r).forEach(([e,t])=>{Object.values(t||{}).forEach(t=>{t[0]?.on&&t[0]?.context()instanceof s.y&&t[0].on(e,t[1])})})}}o.isolatedBacklog||delete c[t],o.backlog[t]=null,o.emit(""drain-""+t,[])}}function g(e,t){var r=e[1];Object.values(t[r]||{}).forEach(t=>{var r=e[0];if(t[0]===r){var n=t[1],i=e[3],a=e[2];n.apply(i,a)}})}},1741:(e,t,r)=>{""use strict"";r.d(t,{W:()=>a});var n=r(944),i=r(4261);class a{#e(e,...t){if(this[e]!==a.prototype[e])return this[e](...t);(0,n.R)(35,e)}addPageAction(e,t){return this.#e(i.hG,e,t)}register(e){return this.#e(i.eY,e)}recordCustomEvent(e,t){return this.#e(i.fF,e,t)}setPageViewName(e,t){return this.#e(i.Fw,e,t)}setCustomAttribute(e,t,r){return this.#e(i.cD,e,t,r)}noticeError(e,t){return this.#e(i.o5,e,t)}setUserId(e){return this.#e(i.",success
jazz,My Way,Frank Sinatra,Sinatra Reprise: The Very Good Years,4:31,"1,132,697","6,966,663",https://www.last.fm/music/Frank+Sinatra/_/My+Way,"
<!DOCTYPE html>

<html class=""no-js playbar-masthead-release-shim youtube-provider-not-ready"" lang=""en"">
<head>
<meta charset=""utf-8""/>
<meta content=""IE=edge"" http-equiv=""X-UA-Compatible""/><script type=""text/javascript"">window.NREUM||(NREUM={});NREUM.info={""beacon"":""bam.nr-data.net"",""errorBeacon"":""bam.nr-data.net"",""licenseKey"":""0ed0ce50b0"",""applicationID"":""5588594"",""transactionName"":""Y1BRbUUFWkMEWxYMV1oadUxZB0BZClZNCV5ZG0RcVUpDRxIWAxVIRxteTEQNVx4TUQcSSxpWUk1WCFtXEF1YMUpVVlgXUAFA"",""queueTime"":0,""applicationTime"":788,""agent"":""""};
(window.NREUM||(NREUM={})).init={ajax:{deny_list:[""bam.nr-data.net""]}};(window.NREUM||(NREUM={})).loader_config={xpid:""UwYPV15QGwYFXFlXDgU="",licenseKey:""0ed0ce50b0"",applicationID:""5588594"",browserID:""5591142""};;/*! For license information please see nr-loader-full-1.302.0.min.js.LICENSE.txt */
(()=>{var e,t,r={384:(e,t,r)=>{""use strict"";r.d(t,{NT:()=>o,US:()=>u,Zm:()=>s,bQ:()=>d,dV:()=>c,pV:()=>l});var n=r(6154),i=r(1863),a=r(1910);const o={beacon:""bam.nr-data.net"",errorBeacon:""bam.nr-data.net""};function s(){return n.gm.NREUM||(n.gm.NREUM={}),void 0===n.gm.newrelic&&(n.gm.newrelic=n.gm.NREUM),n.gm.NREUM}function c(){let e=s();return e.o||(e.o={ST:n.gm.setTimeout,SI:n.gm.setImmediate||n.gm.setInterval,CT:n.gm.clearTimeout,XHR:n.gm.XMLHttpRequest,REQ:n.gm.Request,EV:n.gm.Event,PR:n.gm.Promise,MO:n.gm.MutationObserver,FETCH:n.gm.fetch,WS:n.gm.WebSocket},(0,a.i)(...Object.values(e.o))),e}function d(e,t){let r=s();r.initializedAgents??={},t.initializedAt={ms:(0,i.t)(),date:new Date},r.initializedAgents[e]=t}function u(e,t){s()[e]=t}function l(){return function(){let e=s();const t=e.info||{};e.info={beacon:o.beacon,errorBeacon:o.errorBeacon,...t}}(),function(){let e=s();const t=e.init||{};e.init={...t}}(),c(),function(){let e=s();const t=e.loader_config||{};e.loader_config={...t}}(),s()}},782:(e,t,r)=>{""use strict"";r.d(t,{T:()=>n});const n=r(860).K7.pageViewTiming},860:(e,t,r)=>{""use strict"";r.d(t,{$J:()=>u,K7:()=>c,P3:()=>d,XX:()=>i,Yy:()=>s,df:()=>a,qY:()=>n,v4:()=>o});const n=""events"",i=""jserrors"",a=""browser/blobs"",o=""rum"",s=""browser/logs"",c={ajax:""ajax"",genericEvents:""generic_events"",jserrors:i,logging:""logging"",metrics:""metrics"",pageAction:""page_action"",pageViewEvent:""page_view_event"",pageViewTiming:""page_view_timing"",sessionReplay:""session_replay"",sessionTrace:""session_trace"",softNav:""soft_navigations"",spa:""spa""},d={[c.pageViewEvent]:1,[c.pageViewTiming]:2,[c.metrics]:3,[c.jserrors]:4,[c.spa]:5,[c.ajax]:6,[c.sessionTrace]:7,[c.softNav]:8,[c.sessionReplay]:9,[c.logging]:10,[c.genericEvents]:11},u={[c.pageViewEvent]:o,[c.pageViewTiming]:n,[c.ajax]:n,[c.spa]:n,[c.softNav]:n,[c.metrics]:i,[c.jserrors]:i,[c.sessionTrace]:a,[c.sessionReplay]:a,[c.logging]:s,[c.genericEvents]:""ins""}},944:(e,t,r)=>{""use strict"";r.d(t,{R:()=>i});var n=r(3241);function i(e,t){""function""==typeof console.debug&&(console.debug(""New Relic Warning: https://github.com/newrelic/newrelic-browser-agent/blob/main/docs/warning-codes.md#"".concat(e),t),(0,n.W)({agentIdentifier:null,drained:null,type:""data"",name:""warn"",feature:""warn"",data:{code:e,secondary:t}}))}},993:(e,t,r)=>{""use strict"";r.d(t,{A$:()=>a,ET:()=>o,TZ:()=>s,p_:()=>i});var n=r(860);const i={ERROR:""ERROR"",WARN:""WARN"",INFO:""INFO"",DEBUG:""DEBUG"",TRACE:""TRACE""},a={OFF:0,ERROR:1,WARN:2,INFO:3,DEBUG:4,TRACE:5},o=""log"",s=n.K7.logging},1687:(e,t,r)=>{""use strict"";r.d(t,{Ak:()=>d,Ze:()=>f,x3:()=>u});var n=r(3241),i=r(7836),a=r(3606),o=r(860),s=r(2646);const c={};function d(e,t){const r={staged:!1,priority:o.P3[t]||0};l(e),c[e].get(t)||c[e].set(t,r)}function u(e,t){e&&c[e]&&(c[e].get(t)&&c[e].delete(t),p(e,t,!1),c[e].size&&h(e))}function l(e){if(!e)throw new Error(""agentIdentifier required"");c[e]||(c[e]=new Map)}function f(e="""",t=""feature"",r=!1){if(l(e),!e||!c[e].get(t)||r)return p(e,t);c[e].get(t).staged=!0,h(e)}function h(e){const t=Array.from(c[e]);t.every(([e,t])=>t.staged)&&(t.sort((e,t)=>e[1].priority-t[1].priority),t.forEach(([t])=>{c[e].delete(t),p(e,t)}))}function p(e,t,r=!0){const o=e?i.ee.get(e):i.ee,c=a.i.handlers;if(!o.aborted&&o.backlog&&c){if((0,n.W)({agentIdentifier:e,type:""lifecycle"",name:""drain"",feature:t}),r){const e=o.backlog[t],r=c[t];if(r){for(let t=0;e&&t<e.length;++t)g(e[t],r);Object.entries(r).forEach(([e,t])=>{Object.values(t||{}).forEach(t=>{t[0]?.on&&t[0]?.context()instanceof s.y&&t[0].on(e,t[1])})})}}o.isolatedBacklog||delete c[t],o.backlog[t]=null,o.emit(""drain-""+t,[])}}function g(e,t){var r=e[1];Object.values(t[r]||{}).forEach(t=>{var r=e[0];if(t[0]===r){var n=t[1],i=e[3],a=e[2];n.apply(i,a)}})}},1741:(e,t,r)=>{""use strict"";r.d(t,{W:()=>a});var n=r(944),i=r(4261);class a{#e(e,...t){if(this[e]!==a.prototype[e])return this[e](...t);(0,n.R)(35,e)}addPageAction(e,t){return this.#e(i.hG,e,t)}register(e){return this.#e(i.eY,e)}recordCustomEvent(e,t){return this.#e(i.fF,e,t)}setPageViewName(e,t){return this.#e(i.Fw,e,t)}setCustomAttribute(e,t,r){return this.#e(i.cD,e,t,r)}noticeError(e,t){return this.#e(i.o5,e,t)}setUserId(e){return this.#e(i.",success
jazz,Take Five,The Dave Brubeck Quartet,Double Live From The USA & UK,5:24,"715,031","3,823,571",https://www.last.fm/music/The+Dave+Brubeck+Quartet/_/Take+Five,"
<!DOCTYPE html>

<html class=""no-js playbar-masthead-release-shim youtube-provider-not-ready"" lang=""en"">
<head>
<meta charset=""utf-8""/>
<meta content=""IE=edge"" http-equiv=""X-UA-Compatible""/><script type=""text/javascript"">window.NREUM||(NREUM={});NREUM.info={""beacon"":""bam.nr-data.net"",""errorBeacon"":""bam.nr-data.net"",""licenseKey"":""0ed0ce50b0"",""applicationID"":""5588594"",""transactionName"":""Y1BRbUUFWkMEWxYMV1oadUxZB0BZClZNCV5ZG0RcVUpDRxIWAxVIRxteTEQNVx4TUQcSSxpWUk1WCFtXEF1YMUpVVlgXUAFA"",""queueTime"":0,""applicationTime"":839,""agent"":""""};
(window.NREUM||(NREUM={})).init={ajax:{deny_list:[""bam.nr-data.net""]}};(window.NREUM||(NREUM={})).loader_config={xpid:""UwYPV15QGwYFXFlXDgU="",licenseKey:""0ed0ce50b0"",applicationID:""5588594"",browserID:""5591142""};;/*! For license information please see nr-loader-full-1.302.0.min.js.LICENSE.txt */
(()=>{var e,t,r={384:(e,t,r)=>{""use strict"";r.d(t,{NT:()=>o,US:()=>u,Zm:()=>s,bQ:()=>d,dV:()=>c,pV:()=>l});var n=r(6154),i=r(1863),a=r(1910);const o={beacon:""bam.nr-data.net"",errorBeacon:""bam.nr-data.net""};function s(){return n.gm.NREUM||(n.gm.NREUM={}),void 0===n.gm.newrelic&&(n.gm.newrelic=n.gm.NREUM),n.gm.NREUM}function c(){let e=s();return e.o||(e.o={ST:n.gm.setTimeout,SI:n.gm.setImmediate||n.gm.setInterval,CT:n.gm.clearTimeout,XHR:n.gm.XMLHttpRequest,REQ:n.gm.Request,EV:n.gm.Event,PR:n.gm.Promise,MO:n.gm.MutationObserver,FETCH:n.gm.fetch,WS:n.gm.WebSocket},(0,a.i)(...Object.values(e.o))),e}function d(e,t){let r=s();r.initializedAgents??={},t.initializedAt={ms:(0,i.t)(),date:new Date},r.initializedAgents[e]=t}function u(e,t){s()[e]=t}function l(){return function(){let e=s();const t=e.info||{};e.info={beacon:o.beacon,errorBeacon:o.errorBeacon,...t}}(),function(){let e=s();const t=e.init||{};e.init={...t}}(),c(),function(){let e=s();const t=e.loader_config||{};e.loader_config={...t}}(),s()}},782:(e,t,r)=>{""use strict"";r.d(t,{T:()=>n});const n=r(860).K7.pageViewTiming},860:(e,t,r)=>{""use strict"";r.d(t,{$J:()=>u,K7:()=>c,P3:()=>d,XX:()=>i,Yy:()=>s,df:()=>a,qY:()=>n,v4:()=>o});const n=""events"",i=""jserrors"",a=""browser/blobs"",o=""rum"",s=""browser/logs"",c={ajax:""ajax"",genericEvents:""generic_events"",jserrors:i,logging:""logging"",metrics:""metrics"",pageAction:""page_action"",pageViewEvent:""page_view_event"",pageViewTiming:""page_view_timing"",sessionReplay:""session_replay"",sessionTrace:""session_trace"",softNav:""soft_navigations"",spa:""spa""},d={[c.pageViewEvent]:1,[c.pageViewTiming]:2,[c.metrics]:3,[c.jserrors]:4,[c.spa]:5,[c.ajax]:6,[c.sessionTrace]:7,[c.softNav]:8,[c.sessionReplay]:9,[c.logging]:10,[c.genericEvents]:11},u={[c.pageViewEvent]:o,[c.pageViewTiming]:n,[c.ajax]:n,[c.spa]:n,[c.softNav]:n,[c.metrics]:i,[c.jserrors]:i,[c.sessionTrace]:a,[c.sessionReplay]:a,[c.logging]:s,[c.genericEvents]:""ins""}},944:(e,t,r)=>{""use strict"";r.d(t,{R:()=>i});var n=r(3241);function i(e,t){""function""==typeof console.debug&&(console.debug(""New Relic Warning: https://github.com/newrelic/newrelic-browser-agent/blob/main/docs/warning-codes.md#"".concat(e),t),(0,n.W)({agentIdentifier:null,drained:null,type:""data"",name:""warn"",feature:""warn"",data:{code:e,secondary:t}}))}},993:(e,t,r)=>{""use strict"";r.d(t,{A$:()=>a,ET:()=>o,TZ:()=>s,p_:()=>i});var n=r(860);const i={ERROR:""ERROR"",WARN:""WARN"",INFO:""INFO"",DEBUG:""DEBUG"",TRACE:""TRACE""},a={OFF:0,ERROR:1,WARN:2,INFO:3,DEBUG:4,TRACE:5},o=""log"",s=n.K7.logging},1687:(e,t,r)=>{""use strict"";r.d(t,{Ak:()=>d,Ze:()=>f,x3:()=>u});var n=r(3241),i=r(7836),a=r(3606),o=r(860),s=r(2646);const c={};function d(e,t){const r={staged:!1,priority:o.P3[t]||0};l(e),c[e].get(t)||c[e].set(t,r)}function u(e,t){e&&c[e]&&(c[e].get(t)&&c[e].delete(t),p(e,t,!1),c[e].size&&h(e))}function l(e){if(!e)throw new Error(""agentIdentifier required"");c[e]||(c[e]=new Map)}function f(e="""",t=""feature"",r=!1){if(l(e),!e||!c[e].get(t)||r)return p(e,t);c[e].get(t).staged=!0,h(e)}function h(e){const t=Array.from(c[e]);t.every(([e,t])=>t.staged)&&(t.sort((e,t)=>e[1].priority-t[1].priority),t.forEach(([t])=>{c[e].delete(t),p(e,t)}))}function p(e,t,r=!0){const o=e?i.ee.get(e):i.ee,c=a.i.handlers;if(!o.aborted&&o.backlog&&c){if((0,n.W)({agentIdentifier:e,type:""lifecycle"",name:""drain"",feature:t}),r){const e=o.backlog[t],r=c[t];if(r){for(let t=0;e&&t<e.length;++t)g(e[t],r);Object.entries(r).forEach(([e,t])=>{Object.values(t||{}).forEach(t=>{t[0]?.on&&t[0]?.context()instanceof s.y&&t[0].on(e,t[1])})})}}o.isolatedBacklog||delete c[t],o.backlog[t]=null,o.emit(""drain-""+t,[])}}function g(e,t){var r=e[1];Object.values(t[r]||{}).forEach(t=>{var r=e[0];if(t[0]===r){var n=t[1],i=e[3],a=e[2];n.apply(i,a)}})}},1741:(e,t,r)=>{""use strict"";r.d(t,{W:()=>a});var n=r(944),i=r(4261);class a{#e(e,...t){if(this[e]!==a.prototype[e])return this[e](...t);(0,n.R)(35,e)}addPageAction(e,t){return this.#e(i.hG,e,t)}register(e){return this.#e(i.eY,e)}recordCustomEvent(e,t){return this.#e(i.fF,e,t)}setPageViewName(e,t){return this.#e(i.Fw,e,t)}setCustomAttribute(e,t,r){return this.#e(i.cD,e,t,r)}noticeError(e,t){return this.#e(i.o5,e,t)}setUserId(e){return this.#e(i.",success
jazz,Back to Black,Amy Winehouse,Back to Black,4:14,"2,513,052","23,694,694",https://www.last.fm/music/Amy+Winehouse/_/Back+to+Black,"
<!DOCTYPE html>

<html class=""no-js playbar-masthead-release-shim youtube-provider-not-ready"" lang=""en"">
<head>
<meta charset=""utf-8""/>
<meta content=""IE=edge"" http-equiv=""X-UA-Compatible""/><script type=""text/javascript"">window.NREUM||(NREUM={});NREUM.info={""beacon"":""bam.nr-data.net"",""errorBeacon"":""bam.nr-data.net"",""licenseKey"":""0ed0ce50b0"",""applicationID"":""5588594"",""transactionName"":""Y1BRbUUFWkMEWxYMV1oadUxZB0BZClZNCV5ZG0RcVUpDRxIWAxVIRxteTEQNVx4TUQcSSxpWUk1WCFtXEF1YMUpVVlgXUAFA"",""queueTime"":0,""applicationTime"":703,""agent"":""""};
(window.NREUM||(NREUM={})).init={ajax:{deny_list:[""bam.nr-data.net""]}};(window.NREUM||(NREUM={})).loader_config={xpid:""UwYPV15QGwYFXFlXDgU="",licenseKey:""0ed0ce50b0"",applicationID:""5588594"",browserID:""5591142""};;/*! For license information please see nr-loader-full-1.302.0.min.js.LICENSE.txt */
(()=>{var e,t,r={384:(e,t,r)=>{""use strict"";r.d(t,{NT:()=>o,US:()=>u,Zm:()=>s,bQ:()=>d,dV:()=>c,pV:()=>l});var n=r(6154),i=r(1863),a=r(1910);const o={beacon:""bam.nr-data.net"",errorBeacon:""bam.nr-data.net""};function s(){return n.gm.NREUM||(n.gm.NREUM={}),void 0===n.gm.newrelic&&(n.gm.newrelic=n.gm.NREUM),n.gm.NREUM}function c(){let e=s();return e.o||(e.o={ST:n.gm.setTimeout,SI:n.gm.setImmediate||n.gm.setInterval,CT:n.gm.clearTimeout,XHR:n.gm.XMLHttpRequest,REQ:n.gm.Request,EV:n.gm.Event,PR:n.gm.Promise,MO:n.gm.MutationObserver,FETCH:n.gm.fetch,WS:n.gm.WebSocket},(0,a.i)(...Object.values(e.o))),e}function d(e,t){let r=s();r.initializedAgents??={},t.initializedAt={ms:(0,i.t)(),date:new Date},r.initializedAgents[e]=t}function u(e,t){s()[e]=t}function l(){return function(){let e=s();const t=e.info||{};e.info={beacon:o.beacon,errorBeacon:o.errorBeacon,...t}}(),function(){let e=s();const t=e.init||{};e.init={...t}}(),c(),function(){let e=s();const t=e.loader_config||{};e.loader_config={...t}}(),s()}},782:(e,t,r)=>{""use strict"";r.d(t,{T:()=>n});const n=r(860).K7.pageViewTiming},860:(e,t,r)=>{""use strict"";r.d(t,{$J:()=>u,K7:()=>c,P3:()=>d,XX:()=>i,Yy:()=>s,df:()=>a,qY:()=>n,v4:()=>o});const n=""events"",i=""jserrors"",a=""browser/blobs"",o=""rum"",s=""browser/logs"",c={ajax:""ajax"",genericEvents:""generic_events"",jserrors:i,logging:""logging"",metrics:""metrics"",pageAction:""page_action"",pageViewEvent:""page_view_event"",pageViewTiming:""page_view_timing"",sessionReplay:""session_replay"",sessionTrace:""session_trace"",softNav:""soft_navigations"",spa:""spa""},d={[c.pageViewEvent]:1,[c.pageViewTiming]:2,[c.metrics]:3,[c.jserrors]:4,[c.spa]:5,[c.ajax]:6,[c.sessionTrace]:7,[c.softNav]:8,[c.sessionReplay]:9,[c.logging]:10,[c.genericEvents]:11},u={[c.pageViewEvent]:o,[c.pageViewTiming]:n,[c.ajax]:n,[c.spa]:n,[c.softNav]:n,[c.metrics]:i,[c.jserrors]:i,[c.sessionTrace]:a,[c.sessionReplay]:a,[c.logging]:s,[c.genericEvents]:""ins""}},944:(e,t,r)=>{""use strict"";r.d(t,{R:()=>i});var n=r(3241);function i(e,t){""function""==typeof console.debug&&(console.debug(""New Relic Warning: https://github.com/newrelic/newrelic-browser-agent/blob/main/docs/warning-codes.md#"".concat(e),t),(0,n.W)({agentIdentifier:null,drained:null,type:""data"",name:""warn"",feature:""warn"",data:{code:e,secondary:t}}))}},993:(e,t,r)=>{""use strict"";r.d(t,{A$:()=>a,ET:()=>o,TZ:()=>s,p_:()=>i});var n=r(860);const i={ERROR:""ERROR"",WARN:""WARN"",INFO:""INFO"",DEBUG:""DEBUG"",TRACE:""TRACE""},a={OFF:0,ERROR:1,WARN:2,INFO:3,DEBUG:4,TRACE:5},o=""log"",s=n.K7.logging},1687:(e,t,r)=>{""use strict"";r.d(t,{Ak:()=>d,Ze:()=>f,x3:()=>u});var n=r(3241),i=r(7836),a=r(3606),o=r(860),s=r(2646);const c={};function d(e,t){const r={staged:!1,priority:o.P3[t]||0};l(e),c[e].get(t)||c[e].set(t,r)}function u(e,t){e&&c[e]&&(c[e].get(t)&&c[e].delete(t),p(e,t,!1),c[e].size&&h(e))}function l(e){if(!e)throw new Error(""agentIdentifier required"");c[e]||(c[e]=new Map)}function f(e="""",t=""feature"",r=!1){if(l(e),!e||!c[e].get(t)||r)return p(e,t);c[e].get(t).staged=!0,h(e)}function h(e){const t=Array.from(c[e]);t.every(([e,t])=>t.staged)&&(t.sort((e,t)=>e[1].priority-t[1].priority),t.forEach(([t])=>{c[e].delete(t),p(e,t)}))}function p(e,t,r=!0){const o=e?i.ee.get(e):i.ee,c=a.i.handlers;if(!o.aborted&&o.backlog&&c){if((0,n.W)({agentIdentifier:e,type:""lifecycle"",name:""drain"",feature:t}),r){const e=o.backlog[t],r=c[t];if(r){for(let t=0;e&&t<e.length;++t)g(e[t],r);Object.entries(r).forEach(([e,t])=>{Object.values(t||{}).forEach(t=>{t[0]?.on&&t[0]?.context()instanceof s.y&&t[0].on(e,t[1])})})}}o.isolatedBacklog||delete c[t],o.backlog[t]=null,o.emit(""drain-""+t,[])}}function g(e,t){var r=e[1];Object.values(t[r]||{}).forEach(t=>{var r=e[0];if(t[0]===r){var n=t[1],i=e[3],a=e[2];n.apply(i,a)}})}},1741:(e,t,r)=>{""use strict"";r.d(t,{W:()=>a});var n=r(944),i=r(4261);class a{#e(e,...t){if(this[e]!==a.prototype[e])return this[e](...t);(0,n.R)(35,e)}addPageAction(e,t){return this.#e(i.hG,e,t)}register(e){return this.#e(i.eY,e)}recordCustomEvent(e,t){return this.#e(i.fF,e,t)}setPageViewName(e,t){return this.#e(i.Fw,e,t)}setCustomAttribute(e,t,r){return this.#e(i.cD,e,t,r)}noticeError(e,t){return this.#e(i.o5,e,t)}setUserId(e){return this.#e(i.",success
jazz,That's Life,Frank Sinatra,Sinatra Reprise: The Very Good Years,3:05,"809,931","5,052,478",https://www.last.fm/music/Frank+Sinatra/_/That%27s+Life,"
<!DOCTYPE html>

<html class=""no-js playbar-masthead-release-shim youtube-provider-not-ready"" lang=""en"">
<head>
<meta charset=""utf-8""/>
<meta content=""IE=edge"" http-equiv=""X-UA-Compatible""/><script type=""text/javascript"">window.NREUM||(NREUM={});NREUM.info={""beacon"":""bam.nr-data.net"",""errorBeacon"":""bam.nr-data.net"",""licenseKey"":""0ed0ce50b0"",""applicationID"":""5588594"",""transactionName"":""Y1BRbUUFWkMEWxYMV1oadUxZB0BZClZNCV5ZG0RcVUpDRxIWAxVIRxteTEQNVx4TUQcSSxpWUk1WCFtXEF1YMUpVVlgXUAFA"",""queueTime"":0,""applicationTime"":779,""agent"":""""};
(window.NREUM||(NREUM={})).init={ajax:{deny_list:[""bam.nr-data.net""]}};(window.NREUM||(NREUM={})).loader_config={xpid:""UwYPV15QGwYFXFlXDgU="",licenseKey:""0ed0ce50b0"",applicationID:""5588594"",browserID:""5591142""};;/*! For license information please see nr-loader-full-1.302.0.min.js.LICENSE.txt */
(()=>{var e,t,r={384:(e,t,r)=>{""use strict"";r.d(t,{NT:()=>o,US:()=>u,Zm:()=>s,bQ:()=>d,dV:()=>c,pV:()=>l});var n=r(6154),i=r(1863),a=r(1910);const o={beacon:""bam.nr-data.net"",errorBeacon:""bam.nr-data.net""};function s(){return n.gm.NREUM||(n.gm.NREUM={}),void 0===n.gm.newrelic&&(n.gm.newrelic=n.gm.NREUM),n.gm.NREUM}function c(){let e=s();return e.o||(e.o={ST:n.gm.setTimeout,SI:n.gm.setImmediate||n.gm.setInterval,CT:n.gm.clearTimeout,XHR:n.gm.XMLHttpRequest,REQ:n.gm.Request,EV:n.gm.Event,PR:n.gm.Promise,MO:n.gm.MutationObserver,FETCH:n.gm.fetch,WS:n.gm.WebSocket},(0,a.i)(...Object.values(e.o))),e}function d(e,t){let r=s();r.initializedAgents??={},t.initializedAt={ms:(0,i.t)(),date:new Date},r.initializedAgents[e]=t}function u(e,t){s()[e]=t}function l(){return function(){let e=s();const t=e.info||{};e.info={beacon:o.beacon,errorBeacon:o.errorBeacon,...t}}(),function(){let e=s();const t=e.init||{};e.init={...t}}(),c(),function(){let e=s();const t=e.loader_config||{};e.loader_config={...t}}(),s()}},782:(e,t,r)=>{""use strict"";r.d(t,{T:()=>n});const n=r(860).K7.pageViewTiming},860:(e,t,r)=>{""use strict"";r.d(t,{$J:()=>u,K7:()=>c,P3:()=>d,XX:()=>i,Yy:()=>s,df:()=>a,qY:()=>n,v4:()=>o});const n=""events"",i=""jserrors"",a=""browser/blobs"",o=""rum"",s=""browser/logs"",c={ajax:""ajax"",genericEvents:""generic_events"",jserrors:i,logging:""logging"",metrics:""metrics"",pageAction:""page_action"",pageViewEvent:""page_view_event"",pageViewTiming:""page_view_timing"",sessionReplay:""session_replay"",sessionTrace:""session_trace"",softNav:""soft_navigations"",spa:""spa""},d={[c.pageViewEvent]:1,[c.pageViewTiming]:2,[c.metrics]:3,[c.jserrors]:4,[c.spa]:5,[c.ajax]:6,[c.sessionTrace]:7,[c.softNav]:8,[c.sessionReplay]:9,[c.logging]:10,[c.genericEvents]:11},u={[c.pageViewEvent]:o,[c.pageViewTiming]:n,[c.ajax]:n,[c.spa]:n,[c.softNav]:n,[c.metrics]:i,[c.jserrors]:i,[c.sessionTrace]:a,[c.sessionReplay]:a,[c.logging]:s,[c.genericEvents]:""ins""}},944:(e,t,r)=>{""use strict"";r.d(t,{R:()=>i});var n=r(3241);function i(e,t){""function""==typeof console.debug&&(console.debug(""New Relic Warning: https://github.com/newrelic/newrelic-browser-agent/blob/main/docs/warning-codes.md#"".concat(e),t),(0,n.W)({agentIdentifier:null,drained:null,type:""data"",name:""warn"",feature:""warn"",data:{code:e,secondary:t}}))}},993:(e,t,r)=>{""use strict"";r.d(t,{A$:()=>a,ET:()=>o,TZ:()=>s,p_:()=>i});var n=r(860);const i={ERROR:""ERROR"",WARN:""WARN"",INFO:""INFO"",DEBUG:""DEBUG"",TRACE:""TRACE""},a={OFF:0,ERROR:1,WARN:2,INFO:3,DEBUG:4,TRACE:5},o=""log"",s=n.K7.logging},1687:(e,t,r)=>{""use strict"";r.d(t,{Ak:()=>d,Ze:()=>f,x3:()=>u});var n=r(3241),i=r(7836),a=r(3606),o=r(860),s=r(2646);const c={};function d(e,t){const r={staged:!1,priority:o.P3[t]||0};l(e),c[e].get(t)||c[e].set(t,r)}function u(e,t){e&&c[e]&&(c[e].get(t)&&c[e].delete(t),p(e,t,!1),c[e].size&&h(e))}function l(e){if(!e)throw new Error(""agentIdentifier required"");c[e]||(c[e]=new Map)}function f(e="""",t=""feature"",r=!1){if(l(e),!e||!c[e].get(t)||r)return p(e,t);c[e].get(t).staged=!0,h(e)}function h(e){const t=Array.from(c[e]);t.every(([e,t])=>t.staged)&&(t.sort((e,t)=>e[1].priority-t[1].priority),t.forEach(([t])=>{c[e].delete(t),p(e,t)}))}function p(e,t,r=!0){const o=e?i.ee.get(e):i.ee,c=a.i.handlers;if(!o.aborted&&o.backlog&&c){if((0,n.W)({agentIdentifier:e,type:""lifecycle"",name:""drain"",feature:t}),r){const e=o.backlog[t],r=c[t];if(r){for(let t=0;e&&t<e.length;++t)g(e[t],r);Object.entries(r).forEach(([e,t])=>{Object.values(t||{}).forEach(t=>{t[0]?.on&&t[0]?.context()instanceof s.y&&t[0].on(e,t[1])})})}}o.isolatedBacklog||delete c[t],o.backlog[t]=null,o.emit(""drain-""+t,[])}}function g(e,t){var r=e[1];Object.values(t[r]||{}).forEach(t=>{var r=e[0];if(t[0]===r){var n=t[1],i=e[3],a=e[2];n.apply(i,a)}})}},1741:(e,t,r)=>{""use strict"";r.d(t,{W:()=>a});var n=r(944),i=r(4261);class a{#e(e,...t){if(this[e]!==a.prototype[e])return this[e](...t);(0,n.R)(35,e)}addPageAction(e,t){return this.#e(i.hG,e,t)}register(e){return this.#e(i.eY,e)}recordCustomEvent(e,t){return this.#e(i.fF,e,t)}setPageViewName(e,t){return this.#e(i.Fw,e,t)}setCustomAttribute(e,t,r){return this.#e(i.cD,e,t,r)}noticeError(e,t){return this.#e(i.o5,e,t)}setUserId(e){return this.#e(i.",success
jazz,Don't Know Why,Norah Jones,Come Away with Me,4:26,"1,241,883","9,212,354",https://www.last.fm/music/Norah+Jones/_/Don%27t+Know+Why,"
<!DOCTYPE html>

<html class=""no-js playbar-masthead-release-shim youtube-provider-not-ready"" lang=""en"">
<head>
<meta charset=""utf-8""/>
<meta content=""IE=edge"" http-equiv=""X-UA-Compatible""/><script type=""text/javascript"">window.NREUM||(NREUM={});NREUM.info={""beacon"":""bam.nr-data.net"",""errorBeacon"":""bam.nr-data.net"",""licenseKey"":""0ed0ce50b0"",""applicationID"":""5588594"",""transactionName"":""Y1BRbUUFWkMEWxYMV1oadUxZB0BZClZNCV5ZG0RcVUpDRxIWAxVIRxteTEQNVx4TUQcSSxpWUk1WCFtXEF1YMUpVVlgXUAFA"",""queueTime"":0,""applicationTime"":712,""agent"":""""};
(window.NREUM||(NREUM={})).init={ajax:{deny_list:[""bam.nr-data.net""]}};(window.NREUM||(NREUM={})).loader_config={xpid:""UwYPV15QGwYFXFlXDgU="",licenseKey:""0ed0ce50b0"",applicationID:""5588594"",browserID:""5591142""};;/*! For license information please see nr-loader-full-1.302.0.min.js.LICENSE.txt */
(()=>{var e,t,r={384:(e,t,r)=>{""use strict"";r.d(t,{NT:()=>o,US:()=>u,Zm:()=>s,bQ:()=>d,dV:()=>c,pV:()=>l});var n=r(6154),i=r(1863),a=r(1910);const o={beacon:""bam.nr-data.net"",errorBeacon:""bam.nr-data.net""};function s(){return n.gm.NREUM||(n.gm.NREUM={}),void 0===n.gm.newrelic&&(n.gm.newrelic=n.gm.NREUM),n.gm.NREUM}function c(){let e=s();return e.o||(e.o={ST:n.gm.setTimeout,SI:n.gm.setImmediate||n.gm.setInterval,CT:n.gm.clearTimeout,XHR:n.gm.XMLHttpRequest,REQ:n.gm.Request,EV:n.gm.Event,PR:n.gm.Promise,MO:n.gm.MutationObserver,FETCH:n.gm.fetch,WS:n.gm.WebSocket},(0,a.i)(...Object.values(e.o))),e}function d(e,t){let r=s();r.initializedAgents??={},t.initializedAt={ms:(0,i.t)(),date:new Date},r.initializedAgents[e]=t}function u(e,t){s()[e]=t}function l(){return function(){let e=s();const t=e.info||{};e.info={beacon:o.beacon,errorBeacon:o.errorBeacon,...t}}(),function(){let e=s();const t=e.init||{};e.init={...t}}(),c(),function(){let e=s();const t=e.loader_config||{};e.loader_config={...t}}(),s()}},782:(e,t,r)=>{""use strict"";r.d(t,{T:()=>n});const n=r(860).K7.pageViewTiming},860:(e,t,r)=>{""use strict"";r.d(t,{$J:()=>u,K7:()=>c,P3:()=>d,XX:()=>i,Yy:()=>s,df:()=>a,qY:()=>n,v4:()=>o});const n=""events"",i=""jserrors"",a=""browser/blobs"",o=""rum"",s=""browser/logs"",c={ajax:""ajax"",genericEvents:""generic_events"",jserrors:i,logging:""logging"",metrics:""metrics"",pageAction:""page_action"",pageViewEvent:""page_view_event"",pageViewTiming:""page_view_timing"",sessionReplay:""session_replay"",sessionTrace:""session_trace"",softNav:""soft_navigations"",spa:""spa""},d={[c.pageViewEvent]:1,[c.pageViewTiming]:2,[c.metrics]:3,[c.jserrors]:4,[c.spa]:5,[c.ajax]:6,[c.sessionTrace]:7,[c.softNav]:8,[c.sessionReplay]:9,[c.logging]:10,[c.genericEvents]:11},u={[c.pageViewEvent]:o,[c.pageViewTiming]:n,[c.ajax]:n,[c.spa]:n,[c.softNav]:n,[c.metrics]:i,[c.jserrors]:i,[c.sessionTrace]:a,[c.sessionReplay]:a,[c.logging]:s,[c.genericEvents]:""ins""}},944:(e,t,r)=>{""use strict"";r.d(t,{R:()=>i});var n=r(3241);function i(e,t){""function""==typeof console.debug&&(console.debug(""New Relic Warning: https://github.com/newrelic/newrelic-browser-agent/blob/main/docs/warning-codes.md#"".concat(e),t),(0,n.W)({agentIdentifier:null,drained:null,type:""data"",name:""warn"",feature:""warn"",data:{code:e,secondary:t}}))}},993:(e,t,r)=>{""use strict"";r.d(t,{A$:()=>a,ET:()=>o,TZ:()=>s,p_:()=>i});var n=r(860);const i={ERROR:""ERROR"",WARN:""WARN"",INFO:""INFO"",DEBUG:""DEBUG"",TRACE:""TRACE""},a={OFF:0,ERROR:1,WARN:2,INFO:3,DEBUG:4,TRACE:5},o=""log"",s=n.K7.logging},1687:(e,t,r)=>{""use strict"";r.d(t,{Ak:()=>d,Ze:()=>f,x3:()=>u});var n=r(3241),i=r(7836),a=r(3606),o=r(860),s=r(2646);const c={};function d(e,t){const r={staged:!1,priority:o.P3[t]||0};l(e),c[e].get(t)||c[e].set(t,r)}function u(e,t){e&&c[e]&&(c[e].get(t)&&c[e].delete(t),p(e,t,!1),c[e].size&&h(e))}function l(e){if(!e)throw new Error(""agentIdentifier required"");c[e]||(c[e]=new Map)}function f(e="""",t=""feature"",r=!1){if(l(e),!e||!c[e].get(t)||r)return p(e,t);c[e].get(t).staged=!0,h(e)}function h(e){const t=Array.from(c[e]);t.every(([e,t])=>t.staged)&&(t.sort((e,t)=>e[1].priority-t[1].priority),t.forEach(([t])=>{c[e].delete(t),p(e,t)}))}function p(e,t,r=!0){const o=e?i.ee.get(e):i.ee,c=a.i.handlers;if(!o.aborted&&o.backlog&&c){if((0,n.W)({agentIdentifier:e,type:""lifecycle"",name:""drain"",feature:t}),r){const e=o.backlog[t],r=c[t];if(r){for(let t=0;e&&t<e.length;++t)g(e[t],r);Object.entries(r).forEach(([e,t])=>{Object.values(t||{}).forEach(t=>{t[0]?.on&&t[0]?.context()instanceof s.y&&t[0].on(e,t[1])})})}}o.isolatedBacklog||delete c[t],o.backlog[t]=null,o.emit(""drain-""+t,[])}}function g(e,t){var r=e[1];Object.values(t[r]||{}).forEach(t=>{var r=e[0];if(t[0]===r){var n=t[1],i=e[3],a=e[2];n.apply(i,a)}})}},1741:(e,t,r)=>{""use strict"";r.d(t,{W:()=>a});var n=r(944),i=r(4261);class a{#e(e,...t){if(this[e]!==a.prototype[e])return this[e](...t);(0,n.R)(35,e)}addPageAction(e,t){return this.#e(i.hG,e,t)}register(e){return this.#e(i.eY,e)}recordCustomEvent(e,t){return this.#e(i.fF,e,t)}setPageViewName(e,t){return this.#e(i.Fw,e,t)}setCustomAttribute(e,t,r){return this.#e(i.cD,e,t,r)}noticeError(e,t){return this.#e(i.o5,e,t)}setUserId(e){return this.#e(i.",success
jazz,In A Sentimental Mood,Duke Ellington,Duke Ellington & John Coltrane,3:05,"633,468","3,408,473",https://www.last.fm/music/Duke+Ellington/_/In+A+Sentimental+Mood,"
<!DOCTYPE html>

<html class=""no-js playbar-masthead-release-shim youtube-provider-not-ready"" lang=""en"">
<head>
<meta charset=""utf-8""/>
<meta content=""IE=edge"" http-equiv=""X-UA-Compatible""/><script type=""text/javascript"">window.NREUM||(NREUM={});NREUM.info={""beacon"":""bam.nr-data.net"",""errorBeacon"":""bam.nr-data.net"",""licenseKey"":""0ed0ce50b0"",""applicationID"":""5588594"",""transactionName"":""Y1BRbUUFWkMEWxYMV1oadUxZB0BZClZNCV5ZG0RcVUpDRxIWAxVIRxteTEQNVx4TUQcSSxpWUk1WCFtXEF1YMUpVVlgXUAFA"",""queueTime"":0,""applicationTime"":1229,""agent"":""""};
(window.NREUM||(NREUM={})).init={ajax:{deny_list:[""bam.nr-data.net""]}};(window.NREUM||(NREUM={})).loader_config={xpid:""UwYPV15QGwYFXFlXDgU="",licenseKey:""0ed0ce50b0"",applicationID:""5588594"",browserID:""5591142""};;/*! For license information please see nr-loader-full-1.302.0.min.js.LICENSE.txt */
(()=>{var e,t,r={384:(e,t,r)=>{""use strict"";r.d(t,{NT:()=>o,US:()=>u,Zm:()=>s,bQ:()=>d,dV:()=>c,pV:()=>l});var n=r(6154),i=r(1863),a=r(1910);const o={beacon:""bam.nr-data.net"",errorBeacon:""bam.nr-data.net""};function s(){return n.gm.NREUM||(n.gm.NREUM={}),void 0===n.gm.newrelic&&(n.gm.newrelic=n.gm.NREUM),n.gm.NREUM}function c(){let e=s();return e.o||(e.o={ST:n.gm.setTimeout,SI:n.gm.setImmediate||n.gm.setInterval,CT:n.gm.clearTimeout,XHR:n.gm.XMLHttpRequest,REQ:n.gm.Request,EV:n.gm.Event,PR:n.gm.Promise,MO:n.gm.MutationObserver,FETCH:n.gm.fetch,WS:n.gm.WebSocket},(0,a.i)(...Object.values(e.o))),e}function d(e,t){let r=s();r.initializedAgents??={},t.initializedAt={ms:(0,i.t)(),date:new Date},r.initializedAgents[e]=t}function u(e,t){s()[e]=t}function l(){return function(){let e=s();const t=e.info||{};e.info={beacon:o.beacon,errorBeacon:o.errorBeacon,...t}}(),function(){let e=s();const t=e.init||{};e.init={...t}}(),c(),function(){let e=s();const t=e.loader_config||{};e.loader_config={...t}}(),s()}},782:(e,t,r)=>{""use strict"";r.d(t,{T:()=>n});const n=r(860).K7.pageViewTiming},860:(e,t,r)=>{""use strict"";r.d(t,{$J:()=>u,K7:()=>c,P3:()=>d,XX:()=>i,Yy:()=>s,df:()=>a,qY:()=>n,v4:()=>o});const n=""events"",i=""jserrors"",a=""browser/blobs"",o=""rum"",s=""browser/logs"",c={ajax:""ajax"",genericEvents:""generic_events"",jserrors:i,logging:""logging"",metrics:""metrics"",pageAction:""page_action"",pageViewEvent:""page_view_event"",pageViewTiming:""page_view_timing"",sessionReplay:""session_replay"",sessionTrace:""session_trace"",softNav:""soft_navigations"",spa:""spa""},d={[c.pageViewEvent]:1,[c.pageViewTiming]:2,[c.metrics]:3,[c.jserrors]:4,[c.spa]:5,[c.ajax]:6,[c.sessionTrace]:7,[c.softNav]:8,[c.sessionReplay]:9,[c.logging]:10,[c.genericEvents]:11},u={[c.pageViewEvent]:o,[c.pageViewTiming]:n,[c.ajax]:n,[c.spa]:n,[c.softNav]:n,[c.metrics]:i,[c.jserrors]:i,[c.sessionTrace]:a,[c.sessionReplay]:a,[c.logging]:s,[c.genericEvents]:""ins""}},944:(e,t,r)=>{""use strict"";r.d(t,{R:()=>i});var n=r(3241);function i(e,t){""function""==typeof console.debug&&(console.debug(""New Relic Warning: https://github.com/newrelic/newrelic-browser-agent/blob/main/docs/warning-codes.md#"".concat(e),t),(0,n.W)({agentIdentifier:null,drained:null,type:""data"",name:""warn"",feature:""warn"",data:{code:e,secondary:t}}))}},993:(e,t,r)=>{""use strict"";r.d(t,{A$:()=>a,ET:()=>o,TZ:()=>s,p_:()=>i});var n=r(860);const i={ERROR:""ERROR"",WARN:""WARN"",INFO:""INFO"",DEBUG:""DEBUG"",TRACE:""TRACE""},a={OFF:0,ERROR:1,WARN:2,INFO:3,DEBUG:4,TRACE:5},o=""log"",s=n.K7.logging},1687:(e,t,r)=>{""use strict"";r.d(t,{Ak:()=>d,Ze:()=>f,x3:()=>u});var n=r(3241),i=r(7836),a=r(3606),o=r(860),s=r(2646);const c={};function d(e,t){const r={staged:!1,priority:o.P3[t]||0};l(e),c[e].get(t)||c[e].set(t,r)}function u(e,t){e&&c[e]&&(c[e].get(t)&&c[e].delete(t),p(e,t,!1),c[e].size&&h(e))}function l(e){if(!e)throw new Error(""agentIdentifier required"");c[e]||(c[e]=new Map)}function f(e="""",t=""feature"",r=!1){if(l(e),!e||!c[e].get(t)||r)return p(e,t);c[e].get(t).staged=!0,h(e)}function h(e){const t=Array.from(c[e]);t.every(([e,t])=>t.staged)&&(t.sort((e,t)=>e[1].priority-t[1].priority),t.forEach(([t])=>{c[e].delete(t),p(e,t)}))}function p(e,t,r=!0){const o=e?i.ee.get(e):i.ee,c=a.i.handlers;if(!o.aborted&&o.backlog&&c){if((0,n.W)({agentIdentifier:e,type:""lifecycle"",name:""drain"",feature:t}),r){const e=o.backlog[t],r=c[t];if(r){for(let t=0;e&&t<e.length;++t)g(e[t],r);Object.entries(r).forEach(([e,t])=>{Object.values(t||{}).forEach(t=>{t[0]?.on&&t[0]?.context()instanceof s.y&&t[0].on(e,t[1])})})}}o.isolatedBacklog||delete c[t],o.backlog[t]=null,o.emit(""drain-""+t,[])}}function g(e,t){var r=e[1];Object.values(t[r]||{}).forEach(t=>{var r=e[0];if(t[0]===r){var n=t[1],i=e[3],a=e[2];n.apply(i,a)}})}},1741:(e,t,r)=>{""use strict"";r.d(t,{W:()=>a});var n=r(944),i=r(4261);class a{#e(e,...t){if(this[e]!==a.prototype[e])return this[e](...t);(0,n.R)(35,e)}addPageAction(e,t){return this.#e(i.hG,e,t)}register(e){return this.#e(i.eY,e)}recordCustomEvent(e,t){return this.#e(i.fF,e,t)}setPageViewName(e,t){return this.#e(i.Fw,e,t)}setCustomAttribute(e,t,r){return this.#e(i.cD,e,t,r)}noticeError(e,t){return this.#e(i.o5,e,t)}setUserId(e){return this.#e(i",success
jazz,Paradise,Sade,The Best of Sade,3:56,"681,280","4,071,481",https://www.last.fm/music/Sade/_/Paradise,"
<!DOCTYPE html>

<html class=""no-js playbar-masthead-release-shim youtube-provider-not-ready"" lang=""en"">
<head>
<meta charset=""utf-8""/>
<meta content=""IE=edge"" http-equiv=""X-UA-Compatible""/><script type=""text/javascript"">window.NREUM||(NREUM={});NREUM.info={""beacon"":""bam.nr-data.net"",""errorBeacon"":""bam.nr-data.net"",""licenseKey"":""0ed0ce50b0"",""applicationID"":""5588594"",""transactionName"":""Y1BRbUUFWkMEWxYMV1oadUxZB0BZClZNCV5ZG0RcVUpDRxIWAxVIRxteTEQNVx4TUQcSSxpWUk1WCFtXEF1YMUpVVlgXUAFA"",""queueTime"":0,""applicationTime"":557,""agent"":""""};
(window.NREUM||(NREUM={})).init={ajax:{deny_list:[""bam.nr-data.net""]}};(window.NREUM||(NREUM={})).loader_config={xpid:""UwYPV15QGwYFXFlXDgU="",licenseKey:""0ed0ce50b0"",applicationID:""5588594"",browserID:""5591142""};;/*! For license information please see nr-loader-full-1.302.0.min.js.LICENSE.txt */
(()=>{var e,t,r={384:(e,t,r)=>{""use strict"";r.d(t,{NT:()=>o,US:()=>u,Zm:()=>s,bQ:()=>d,dV:()=>c,pV:()=>l});var n=r(6154),i=r(1863),a=r(1910);const o={beacon:""bam.nr-data.net"",errorBeacon:""bam.nr-data.net""};function s(){return n.gm.NREUM||(n.gm.NREUM={}),void 0===n.gm.newrelic&&(n.gm.newrelic=n.gm.NREUM),n.gm.NREUM}function c(){let e=s();return e.o||(e.o={ST:n.gm.setTimeout,SI:n.gm.setImmediate||n.gm.setInterval,CT:n.gm.clearTimeout,XHR:n.gm.XMLHttpRequest,REQ:n.gm.Request,EV:n.gm.Event,PR:n.gm.Promise,MO:n.gm.MutationObserver,FETCH:n.gm.fetch,WS:n.gm.WebSocket},(0,a.i)(...Object.values(e.o))),e}function d(e,t){let r=s();r.initializedAgents??={},t.initializedAt={ms:(0,i.t)(),date:new Date},r.initializedAgents[e]=t}function u(e,t){s()[e]=t}function l(){return function(){let e=s();const t=e.info||{};e.info={beacon:o.beacon,errorBeacon:o.errorBeacon,...t}}(),function(){let e=s();const t=e.init||{};e.init={...t}}(),c(),function(){let e=s();const t=e.loader_config||{};e.loader_config={...t}}(),s()}},782:(e,t,r)=>{""use strict"";r.d(t,{T:()=>n});const n=r(860).K7.pageViewTiming},860:(e,t,r)=>{""use strict"";r.d(t,{$J:()=>u,K7:()=>c,P3:()=>d,XX:()=>i,Yy:()=>s,df:()=>a,qY:()=>n,v4:()=>o});const n=""events"",i=""jserrors"",a=""browser/blobs"",o=""rum"",s=""browser/logs"",c={ajax:""ajax"",genericEvents:""generic_events"",jserrors:i,logging:""logging"",metrics:""metrics"",pageAction:""page_action"",pageViewEvent:""page_view_event"",pageViewTiming:""page_view_timing"",sessionReplay:""session_replay"",sessionTrace:""session_trace"",softNav:""soft_navigations"",spa:""spa""},d={[c.pageViewEvent]:1,[c.pageViewTiming]:2,[c.metrics]:3,[c.jserrors]:4,[c.spa]:5,[c.ajax]:6,[c.sessionTrace]:7,[c.softNav]:8,[c.sessionReplay]:9,[c.logging]:10,[c.genericEvents]:11},u={[c.pageViewEvent]:o,[c.pageViewTiming]:n,[c.ajax]:n,[c.spa]:n,[c.softNav]:n,[c.metrics]:i,[c.jserrors]:i,[c.sessionTrace]:a,[c.sessionReplay]:a,[c.logging]:s,[c.genericEvents]:""ins""}},944:(e,t,r)=>{""use strict"";r.d(t,{R:()=>i});var n=r(3241);function i(e,t){""function""==typeof console.debug&&(console.debug(""New Relic Warning: https://github.com/newrelic/newrelic-browser-agent/blob/main/docs/warning-codes.md#"".concat(e),t),(0,n.W)({agentIdentifier:null,drained:null,type:""data"",name:""warn"",feature:""warn"",data:{code:e,secondary:t}}))}},993:(e,t,r)=>{""use strict"";r.d(t,{A$:()=>a,ET:()=>o,TZ:()=>s,p_:()=>i});var n=r(860);const i={ERROR:""ERROR"",WARN:""WARN"",INFO:""INFO"",DEBUG:""DEBUG"",TRACE:""TRACE""},a={OFF:0,ERROR:1,WARN:2,INFO:3,DEBUG:4,TRACE:5},o=""log"",s=n.K7.logging},1687:(e,t,r)=>{""use strict"";r.d(t,{Ak:()=>d,Ze:()=>f,x3:()=>u});var n=r(3241),i=r(7836),a=r(3606),o=r(860),s=r(2646);const c={};function d(e,t){const r={staged:!1,priority:o.P3[t]||0};l(e),c[e].get(t)||c[e].set(t,r)}function u(e,t){e&&c[e]&&(c[e].get(t)&&c[e].delete(t),p(e,t,!1),c[e].size&&h(e))}function l(e){if(!e)throw new Error(""agentIdentifier required"");c[e]||(c[e]=new Map)}function f(e="""",t=""feature"",r=!1){if(l(e),!e||!c[e].get(t)||r)return p(e,t);c[e].get(t).staged=!0,h(e)}function h(e){const t=Array.from(c[e]);t.every(([e,t])=>t.staged)&&(t.sort((e,t)=>e[1].priority-t[1].priority),t.forEach(([t])=>{c[e].delete(t),p(e,t)}))}function p(e,t,r=!0){const o=e?i.ee.get(e):i.ee,c=a.i.handlers;if(!o.aborted&&o.backlog&&c){if((0,n.W)({agentIdentifier:e,type:""lifecycle"",name:""drain"",feature:t}),r){const e=o.backlog[t],r=c[t];if(r){for(let t=0;e&&t<e.length;++t)g(e[t],r);Object.entries(r).forEach(([e,t])=>{Object.values(t||{}).forEach(t=>{t[0]?.on&&t[0]?.context()instanceof s.y&&t[0].on(e,t[1])})})}}o.isolatedBacklog||delete c[t],o.backlog[t]=null,o.emit(""drain-""+t,[])}}function g(e,t){var r=e[1];Object.values(t[r]||{}).forEach(t=>{var r=e[0];if(t[0]===r){var n=t[1],i=e[3],a=e[2];n.apply(i,a)}})}},1741:(e,t,r)=>{""use strict"";r.d(t,{W:()=>a});var n=r(944),i=r(4261);class a{#e(e,...t){if(this[e]!==a.prototype[e])return this[e](...t);(0,n.R)(35,e)}addPageAction(e,t){return this.#e(i.hG,e,t)}register(e){return this.#e(i.eY,e)}recordCustomEvent(e,t){return this.#e(i.fF,e,t)}setPageViewName(e,t){return this.#e(i.Fw,e,t)}setCustomAttribute(e,t,r){return this.#e(i.cD,e,t,r)}noticeError(e,t){return this.#e(i.o5,e,t)}setUserId(e){return this.#e(i.",success
jazz,Strangers in the Night,Frank Sinatra,Sinatra Reprise: The Very Good Years,2:35,"926,742","5,224,691",https://www.last.fm/music/Frank+Sinatra/_/Strangers+in+the+Night,"
<!DOCTYPE html>

<html class=""no-js playbar-masthead-release-shim youtube-provider-not-ready"" lang=""en"">
<head>
<meta charset=""utf-8""/>
<meta content=""IE=edge"" http-equiv=""X-UA-Compatible""/><script type=""text/javascript"">window.NREUM||(NREUM={});NREUM.info={""beacon"":""bam.nr-data.net"",""errorBeacon"":""bam.nr-data.net"",""licenseKey"":""0ed0ce50b0"",""applicationID"":""5588594"",""transactionName"":""Y1BRbUUFWkMEWxYMV1oadUxZB0BZClZNCV5ZG0RcVUpDRxIWAxVIRxteTEQNVx4TUQcSSxpWUk1WCFtXEF1YMUpVVlgXUAFA"",""queueTime"":0,""applicationTime"":654,""agent"":""""};
(window.NREUM||(NREUM={})).init={ajax:{deny_list:[""bam.nr-data.net""]}};(window.NREUM||(NREUM={})).loader_config={xpid:""UwYPV15QGwYFXFlXDgU="",licenseKey:""0ed0ce50b0"",applicationID:""5588594"",browserID:""5591142""};;/*! For license information please see nr-loader-full-1.302.0.min.js.LICENSE.txt */
(()=>{var e,t,r={384:(e,t,r)=>{""use strict"";r.d(t,{NT:()=>o,US:()=>u,Zm:()=>s,bQ:()=>d,dV:()=>c,pV:()=>l});var n=r(6154),i=r(1863),a=r(1910);const o={beacon:""bam.nr-data.net"",errorBeacon:""bam.nr-data.net""};function s(){return n.gm.NREUM||(n.gm.NREUM={}),void 0===n.gm.newrelic&&(n.gm.newrelic=n.gm.NREUM),n.gm.NREUM}function c(){let e=s();return e.o||(e.o={ST:n.gm.setTimeout,SI:n.gm.setImmediate||n.gm.setInterval,CT:n.gm.clearTimeout,XHR:n.gm.XMLHttpRequest,REQ:n.gm.Request,EV:n.gm.Event,PR:n.gm.Promise,MO:n.gm.MutationObserver,FETCH:n.gm.fetch,WS:n.gm.WebSocket},(0,a.i)(...Object.values(e.o))),e}function d(e,t){let r=s();r.initializedAgents??={},t.initializedAt={ms:(0,i.t)(),date:new Date},r.initializedAgents[e]=t}function u(e,t){s()[e]=t}function l(){return function(){let e=s();const t=e.info||{};e.info={beacon:o.beacon,errorBeacon:o.errorBeacon,...t}}(),function(){let e=s();const t=e.init||{};e.init={...t}}(),c(),function(){let e=s();const t=e.loader_config||{};e.loader_config={...t}}(),s()}},782:(e,t,r)=>{""use strict"";r.d(t,{T:()=>n});const n=r(860).K7.pageViewTiming},860:(e,t,r)=>{""use strict"";r.d(t,{$J:()=>u,K7:()=>c,P3:()=>d,XX:()=>i,Yy:()=>s,df:()=>a,qY:()=>n,v4:()=>o});const n=""events"",i=""jserrors"",a=""browser/blobs"",o=""rum"",s=""browser/logs"",c={ajax:""ajax"",genericEvents:""generic_events"",jserrors:i,logging:""logging"",metrics:""metrics"",pageAction:""page_action"",pageViewEvent:""page_view_event"",pageViewTiming:""page_view_timing"",sessionReplay:""session_replay"",sessionTrace:""session_trace"",softNav:""soft_navigations"",spa:""spa""},d={[c.pageViewEvent]:1,[c.pageViewTiming]:2,[c.metrics]:3,[c.jserrors]:4,[c.spa]:5,[c.ajax]:6,[c.sessionTrace]:7,[c.softNav]:8,[c.sessionReplay]:9,[c.logging]:10,[c.genericEvents]:11},u={[c.pageViewEvent]:o,[c.pageViewTiming]:n,[c.ajax]:n,[c.spa]:n,[c.softNav]:n,[c.metrics]:i,[c.jserrors]:i,[c.sessionTrace]:a,[c.sessionReplay]:a,[c.logging]:s,[c.genericEvents]:""ins""}},944:(e,t,r)=>{""use strict"";r.d(t,{R:()=>i});var n=r(3241);function i(e,t){""function""==typeof console.debug&&(console.debug(""New Relic Warning: https://github.com/newrelic/newrelic-browser-agent/blob/main/docs/warning-codes.md#"".concat(e),t),(0,n.W)({agentIdentifier:null,drained:null,type:""data"",name:""warn"",feature:""warn"",data:{code:e,secondary:t}}))}},993:(e,t,r)=>{""use strict"";r.d(t,{A$:()=>a,ET:()=>o,TZ:()=>s,p_:()=>i});var n=r(860);const i={ERROR:""ERROR"",WARN:""WARN"",INFO:""INFO"",DEBUG:""DEBUG"",TRACE:""TRACE""},a={OFF:0,ERROR:1,WARN:2,INFO:3,DEBUG:4,TRACE:5},o=""log"",s=n.K7.logging},1687:(e,t,r)=>{""use strict"";r.d(t,{Ak:()=>d,Ze:()=>f,x3:()=>u});var n=r(3241),i=r(7836),a=r(3606),o=r(860),s=r(2646);const c={};function d(e,t){const r={staged:!1,priority:o.P3[t]||0};l(e),c[e].get(t)||c[e].set(t,r)}function u(e,t){e&&c[e]&&(c[e].get(t)&&c[e].delete(t),p(e,t,!1),c[e].size&&h(e))}function l(e){if(!e)throw new Error(""agentIdentifier required"");c[e]||(c[e]=new Map)}function f(e="""",t=""feature"",r=!1){if(l(e),!e||!c[e].get(t)||r)return p(e,t);c[e].get(t).staged=!0,h(e)}function h(e){const t=Array.from(c[e]);t.every(([e,t])=>t.staged)&&(t.sort((e,t)=>e[1].priority-t[1].priority),t.forEach(([t])=>{c[e].delete(t),p(e,t)}))}function p(e,t,r=!0){const o=e?i.ee.get(e):i.ee,c=a.i.handlers;if(!o.aborted&&o.backlog&&c){if((0,n.W)({agentIdentifier:e,type:""lifecycle"",name:""drain"",feature:t}),r){const e=o.backlog[t],r=c[t];if(r){for(let t=0;e&&t<e.length;++t)g(e[t],r);Object.entries(r).forEach(([e,t])=>{Object.values(t||{}).forEach(t=>{t[0]?.on&&t[0]?.context()instanceof s.y&&t[0].on(e,t[1])})})}}o.isolatedBacklog||delete c[t],o.backlog[t]=null,o.emit(""drain-""+t,[])}}function g(e,t){var r=e[1];Object.values(t[r]||{}).forEach(t=>{var r=e[0];if(t[0]===r){var n=t[1],i=e[3],a=e[2];n.apply(i,a)}})}},1741:(e,t,r)=>{""use strict"";r.d(t,{W:()=>a});var n=r(944),i=r(4261);class a{#e(e,...t){if(this[e]!==a.prototype[e])return this[e](...t);(0,n.R)(35,e)}addPageAction(e,t){return this.#e(i.hG,e,t)}register(e){return this.#e(i.eY,e)}recordCustomEvent(e,t){return this.#e(i.fF,e,t)}setPageViewName(e,t){return this.#e(i.Fw,e,t)}setCustomAttribute(e,t,r){return this.#e(i.cD,e,t,r)}noticeError(e,t){return this.#e(i.o5,e,t)}setUserId(e){return this.#e(i.",success
jazz,My Funny Valentine,Chet Baker,The Best of Chet Baker Sings,2:20,"658,022","3,648,499",https://www.last.fm/music/Chet+Baker/_/My+Funny+Valentine,"
<!DOCTYPE html>

<html class=""no-js playbar-masthead-release-shim youtube-provider-not-ready"" lang=""en"">
<head>
<meta charset=""utf-8""/>
<meta content=""IE=edge"" http-equiv=""X-UA-Compatible""/><script type=""text/javascript"">window.NREUM||(NREUM={});NREUM.info={""beacon"":""bam.nr-data.net"",""errorBeacon"":""bam.nr-data.net"",""licenseKey"":""0ed0ce50b0"",""applicationID"":""5588594"",""transactionName"":""Y1BRbUUFWkMEWxYMV1oadUxZB0BZClZNCV5ZG0RcVUpDRxIWAxVIRxteTEQNVx4TUQcSSxpWUk1WCFtXEF1YMUpVVlgXUAFA"",""queueTime"":0,""applicationTime"":1185,""agent"":""""};
(window.NREUM||(NREUM={})).init={ajax:{deny_list:[""bam.nr-data.net""]}};(window.NREUM||(NREUM={})).loader_config={xpid:""UwYPV15QGwYFXFlXDgU="",licenseKey:""0ed0ce50b0"",applicationID:""5588594"",browserID:""5591142""};;/*! For license information please see nr-loader-full-1.302.0.min.js.LICENSE.txt */
(()=>{var e,t,r={384:(e,t,r)=>{""use strict"";r.d(t,{NT:()=>o,US:()=>u,Zm:()=>s,bQ:()=>d,dV:()=>c,pV:()=>l});var n=r(6154),i=r(1863),a=r(1910);const o={beacon:""bam.nr-data.net"",errorBeacon:""bam.nr-data.net""};function s(){return n.gm.NREUM||(n.gm.NREUM={}),void 0===n.gm.newrelic&&(n.gm.newrelic=n.gm.NREUM),n.gm.NREUM}function c(){let e=s();return e.o||(e.o={ST:n.gm.setTimeout,SI:n.gm.setImmediate||n.gm.setInterval,CT:n.gm.clearTimeout,XHR:n.gm.XMLHttpRequest,REQ:n.gm.Request,EV:n.gm.Event,PR:n.gm.Promise,MO:n.gm.MutationObserver,FETCH:n.gm.fetch,WS:n.gm.WebSocket},(0,a.i)(...Object.values(e.o))),e}function d(e,t){let r=s();r.initializedAgents??={},t.initializedAt={ms:(0,i.t)(),date:new Date},r.initializedAgents[e]=t}function u(e,t){s()[e]=t}function l(){return function(){let e=s();const t=e.info||{};e.info={beacon:o.beacon,errorBeacon:o.errorBeacon,...t}}(),function(){let e=s();const t=e.init||{};e.init={...t}}(),c(),function(){let e=s();const t=e.loader_config||{};e.loader_config={...t}}(),s()}},782:(e,t,r)=>{""use strict"";r.d(t,{T:()=>n});const n=r(860).K7.pageViewTiming},860:(e,t,r)=>{""use strict"";r.d(t,{$J:()=>u,K7:()=>c,P3:()=>d,XX:()=>i,Yy:()=>s,df:()=>a,qY:()=>n,v4:()=>o});const n=""events"",i=""jserrors"",a=""browser/blobs"",o=""rum"",s=""browser/logs"",c={ajax:""ajax"",genericEvents:""generic_events"",jserrors:i,logging:""logging"",metrics:""metrics"",pageAction:""page_action"",pageViewEvent:""page_view_event"",pageViewTiming:""page_view_timing"",sessionReplay:""session_replay"",sessionTrace:""session_trace"",softNav:""soft_navigations"",spa:""spa""},d={[c.pageViewEvent]:1,[c.pageViewTiming]:2,[c.metrics]:3,[c.jserrors]:4,[c.spa]:5,[c.ajax]:6,[c.sessionTrace]:7,[c.softNav]:8,[c.sessionReplay]:9,[c.logging]:10,[c.genericEvents]:11},u={[c.pageViewEvent]:o,[c.pageViewTiming]:n,[c.ajax]:n,[c.spa]:n,[c.softNav]:n,[c.metrics]:i,[c.jserrors]:i,[c.sessionTrace]:a,[c.sessionReplay]:a,[c.logging]:s,[c.genericEvents]:""ins""}},944:(e,t,r)=>{""use strict"";r.d(t,{R:()=>i});var n=r(3241);function i(e,t){""function""==typeof console.debug&&(console.debug(""New Relic Warning: https://github.com/newrelic/newrelic-browser-agent/blob/main/docs/warning-codes.md#"".concat(e),t),(0,n.W)({agentIdentifier:null,drained:null,type:""data"",name:""warn"",feature:""warn"",data:{code:e,secondary:t}}))}},993:(e,t,r)=>{""use strict"";r.d(t,{A$:()=>a,ET:()=>o,TZ:()=>s,p_:()=>i});var n=r(860);const i={ERROR:""ERROR"",WARN:""WARN"",INFO:""INFO"",DEBUG:""DEBUG"",TRACE:""TRACE""},a={OFF:0,ERROR:1,WARN:2,INFO:3,DEBUG:4,TRACE:5},o=""log"",s=n.K7.logging},1687:(e,t,r)=>{""use strict"";r.d(t,{Ak:()=>d,Ze:()=>f,x3:()=>u});var n=r(3241),i=r(7836),a=r(3606),o=r(860),s=r(2646);const c={};function d(e,t){const r={staged:!1,priority:o.P3[t]||0};l(e),c[e].get(t)||c[e].set(t,r)}function u(e,t){e&&c[e]&&(c[e].get(t)&&c[e].delete(t),p(e,t,!1),c[e].size&&h(e))}function l(e){if(!e)throw new Error(""agentIdentifier required"");c[e]||(c[e]=new Map)}function f(e="""",t=""feature"",r=!1){if(l(e),!e||!c[e].get(t)||r)return p(e,t);c[e].get(t).staged=!0,h(e)}function h(e){const t=Array.from(c[e]);t.every(([e,t])=>t.staged)&&(t.sort((e,t)=>e[1].priority-t[1].priority),t.forEach(([t])=>{c[e].delete(t),p(e,t)}))}function p(e,t,r=!0){const o=e?i.ee.get(e):i.ee,c=a.i.handlers;if(!o.aborted&&o.backlog&&c){if((0,n.W)({agentIdentifier:e,type:""lifecycle"",name:""drain"",feature:t}),r){const e=o.backlog[t],r=c[t];if(r){for(let t=0;e&&t<e.length;++t)g(e[t],r);Object.entries(r).forEach(([e,t])=>{Object.values(t||{}).forEach(t=>{t[0]?.on&&t[0]?.context()instanceof s.y&&t[0].on(e,t[1])})})}}o.isolatedBacklog||delete c[t],o.backlog[t]=null,o.emit(""drain-""+t,[])}}function g(e,t){var r=e[1];Object.values(t[r]||{}).forEach(t=>{var r=e[0];if(t[0]===r){var n=t[1],i=e[3],a=e[2];n.apply(i,a)}})}},1741:(e,t,r)=>{""use strict"";r.d(t,{W:()=>a});var n=r(944),i=r(4261);class a{#e(e,...t){if(this[e]!==a.prototype[e])return this[e](...t);(0,n.R)(35,e)}addPageAction(e,t){return this.#e(i.hG,e,t)}register(e){return this.#e(i.eY,e)}recordCustomEvent(e,t){return this.#e(i.fF,e,t)}setPageViewName(e,t){return this.#e(i.Fw,e,t)}setCustomAttribute(e,t,r){return this.#e(i.cD,e,t,r)}noticeError(e,t){return this.#e(i.o5,e,t)}setUserId(e){return this.#e(i",success
jazz,Feeling Good,Michael Bublé,It's Time,3:57,"846,571","5,250,806",https://www.last.fm/music/Michael+Bubl%C3%A9/_/Feeling+Good,"
<!DOCTYPE html>

<html class=""no-js playbar-masthead-release-shim youtube-provider-not-ready"" lang=""en"">
<head>
<meta charset=""utf-8""/>
<meta content=""IE=edge"" http-equiv=""X-UA-Compatible""/><script type=""text/javascript"">window.NREUM||(NREUM={});NREUM.info={""beacon"":""bam.nr-data.net"",""errorBeacon"":""bam.nr-data.net"",""licenseKey"":""0ed0ce50b0"",""applicationID"":""5588594"",""transactionName"":""Y1BRbUUFWkMEWxYMV1oadUxZB0BZClZNCV5ZG0RcVUpDRxIWAxVIRxteTEQNVx4TUQcSSxpWUk1WCFtXEF1YMUpVVlgXUAFA"",""queueTime"":0,""applicationTime"":664,""agent"":""""};
(window.NREUM||(NREUM={})).init={ajax:{deny_list:[""bam.nr-data.net""]}};(window.NREUM||(NREUM={})).loader_config={xpid:""UwYPV15QGwYFXFlXDgU="",licenseKey:""0ed0ce50b0"",applicationID:""5588594"",browserID:""5591142""};;/*! For license information please see nr-loader-full-1.302.0.min.js.LICENSE.txt */
(()=>{var e,t,r={384:(e,t,r)=>{""use strict"";r.d(t,{NT:()=>o,US:()=>u,Zm:()=>s,bQ:()=>d,dV:()=>c,pV:()=>l});var n=r(6154),i=r(1863),a=r(1910);const o={beacon:""bam.nr-data.net"",errorBeacon:""bam.nr-data.net""};function s(){return n.gm.NREUM||(n.gm.NREUM={}),void 0===n.gm.newrelic&&(n.gm.newrelic=n.gm.NREUM),n.gm.NREUM}function c(){let e=s();return e.o||(e.o={ST:n.gm.setTimeout,SI:n.gm.setImmediate||n.gm.setInterval,CT:n.gm.clearTimeout,XHR:n.gm.XMLHttpRequest,REQ:n.gm.Request,EV:n.gm.Event,PR:n.gm.Promise,MO:n.gm.MutationObserver,FETCH:n.gm.fetch,WS:n.gm.WebSocket},(0,a.i)(...Object.values(e.o))),e}function d(e,t){let r=s();r.initializedAgents??={},t.initializedAt={ms:(0,i.t)(),date:new Date},r.initializedAgents[e]=t}function u(e,t){s()[e]=t}function l(){return function(){let e=s();const t=e.info||{};e.info={beacon:o.beacon,errorBeacon:o.errorBeacon,...t}}(),function(){let e=s();const t=e.init||{};e.init={...t}}(),c(),function(){let e=s();const t=e.loader_config||{};e.loader_config={...t}}(),s()}},782:(e,t,r)=>{""use strict"";r.d(t,{T:()=>n});const n=r(860).K7.pageViewTiming},860:(e,t,r)=>{""use strict"";r.d(t,{$J:()=>u,K7:()=>c,P3:()=>d,XX:()=>i,Yy:()=>s,df:()=>a,qY:()=>n,v4:()=>o});const n=""events"",i=""jserrors"",a=""browser/blobs"",o=""rum"",s=""browser/logs"",c={ajax:""ajax"",genericEvents:""generic_events"",jserrors:i,logging:""logging"",metrics:""metrics"",pageAction:""page_action"",pageViewEvent:""page_view_event"",pageViewTiming:""page_view_timing"",sessionReplay:""session_replay"",sessionTrace:""session_trace"",softNav:""soft_navigations"",spa:""spa""},d={[c.pageViewEvent]:1,[c.pageViewTiming]:2,[c.metrics]:3,[c.jserrors]:4,[c.spa]:5,[c.ajax]:6,[c.sessionTrace]:7,[c.softNav]:8,[c.sessionReplay]:9,[c.logging]:10,[c.genericEvents]:11},u={[c.pageViewEvent]:o,[c.pageViewTiming]:n,[c.ajax]:n,[c.spa]:n,[c.softNav]:n,[c.metrics]:i,[c.jserrors]:i,[c.sessionTrace]:a,[c.sessionReplay]:a,[c.logging]:s,[c.genericEvents]:""ins""}},944:(e,t,r)=>{""use strict"";r.d(t,{R:()=>i});var n=r(3241);function i(e,t){""function""==typeof console.debug&&(console.debug(""New Relic Warning: https://github.com/newrelic/newrelic-browser-agent/blob/main/docs/warning-codes.md#"".concat(e),t),(0,n.W)({agentIdentifier:null,drained:null,type:""data"",name:""warn"",feature:""warn"",data:{code:e,secondary:t}}))}},993:(e,t,r)=>{""use strict"";r.d(t,{A$:()=>a,ET:()=>o,TZ:()=>s,p_:()=>i});var n=r(860);const i={ERROR:""ERROR"",WARN:""WARN"",INFO:""INFO"",DEBUG:""DEBUG"",TRACE:""TRACE""},a={OFF:0,ERROR:1,WARN:2,INFO:3,DEBUG:4,TRACE:5},o=""log"",s=n.K7.logging},1687:(e,t,r)=>{""use strict"";r.d(t,{Ak:()=>d,Ze:()=>f,x3:()=>u});var n=r(3241),i=r(7836),a=r(3606),o=r(860),s=r(2646);const c={};function d(e,t){const r={staged:!1,priority:o.P3[t]||0};l(e),c[e].get(t)||c[e].set(t,r)}function u(e,t){e&&c[e]&&(c[e].get(t)&&c[e].delete(t),p(e,t,!1),c[e].size&&h(e))}function l(e){if(!e)throw new Error(""agentIdentifier required"");c[e]||(c[e]=new Map)}function f(e="""",t=""feature"",r=!1){if(l(e),!e||!c[e].get(t)||r)return p(e,t);c[e].get(t).staged=!0,h(e)}function h(e){const t=Array.from(c[e]);t.every(([e,t])=>t.staged)&&(t.sort((e,t)=>e[1].priority-t[1].priority),t.forEach(([t])=>{c[e].delete(t),p(e,t)}))}function p(e,t,r=!0){const o=e?i.ee.get(e):i.ee,c=a.i.handlers;if(!o.aborted&&o.backlog&&c){if((0,n.W)({agentIdentifier:e,type:""lifecycle"",name:""drain"",feature:t}),r){const e=o.backlog[t],r=c[t];if(r){for(let t=0;e&&t<e.length;++t)g(e[t],r);Object.entries(r).forEach(([e,t])=>{Object.values(t||{}).forEach(t=>{t[0]?.on&&t[0]?.context()instanceof s.y&&t[0].on(e,t[1])})})}}o.isolatedBacklog||delete c[t],o.backlog[t]=null,o.emit(""drain-""+t,[])}}function g(e,t){var r=e[1];Object.values(t[r]||{}).forEach(t=>{var r=e[0];if(t[0]===r){var n=t[1],i=e[3],a=e[2];n.apply(i,a)}})}},1741:(e,t,r)=>{""use strict"";r.d(t,{W:()=>a});var n=r(944),i=r(4261);class a{#e(e,...t){if(this[e]!==a.prototype[e])return this[e](...t);(0,n.R)(35,e)}addPageAction(e,t){return this.#e(i.hG,e,t)}register(e){return this.#e(i.eY,e)}recordCustomEvent(e,t){return this.#e(i.fF,e,t)}setPageViewName(e,t){return this.#e(i.Fw,e,t)}setCustomAttribute(e,t,r){return this.#e(i.cD,e,t,r)}noticeError(e,t){return this.#e(i.o5,e,t)}setUserId(e){return this.#e(i.",success
jazz,The Other Woman,Lana Del Rey,Ultraviolence,3:01,"1,021,641","18,532,909",https://www.last.fm/music/Lana+Del+Rey/_/The+Other+Woman,"
<!DOCTYPE html>

<html class=""no-js playbar-masthead-release-shim youtube-provider-not-ready"" lang=""en"">
<head>
<meta charset=""utf-8""/>
<meta content=""IE=edge"" http-equiv=""X-UA-Compatible""/><script type=""text/javascript"">window.NREUM||(NREUM={});NREUM.info={""beacon"":""bam.nr-data.net"",""errorBeacon"":""bam.nr-data.net"",""licenseKey"":""0ed0ce50b0"",""applicationID"":""5588594"",""transactionName"":""Y1BRbUUFWkMEWxYMV1oadUxZB0BZClZNCV5ZG0RcVUpDRxIWAxVIRxteTEQNVx4TUQcSSxpWUk1WCFtXEF1YMUpVVlgXUAFA"",""queueTime"":0,""applicationTime"":1405,""agent"":""""};
(window.NREUM||(NREUM={})).init={ajax:{deny_list:[""bam.nr-data.net""]}};(window.NREUM||(NREUM={})).loader_config={xpid:""UwYPV15QGwYFXFlXDgU="",licenseKey:""0ed0ce50b0"",applicationID:""5588594"",browserID:""5591142""};;/*! For license information please see nr-loader-full-1.302.0.min.js.LICENSE.txt */
(()=>{var e,t,r={384:(e,t,r)=>{""use strict"";r.d(t,{NT:()=>o,US:()=>u,Zm:()=>s,bQ:()=>d,dV:()=>c,pV:()=>l});var n=r(6154),i=r(1863),a=r(1910);const o={beacon:""bam.nr-data.net"",errorBeacon:""bam.nr-data.net""};function s(){return n.gm.NREUM||(n.gm.NREUM={}),void 0===n.gm.newrelic&&(n.gm.newrelic=n.gm.NREUM),n.gm.NREUM}function c(){let e=s();return e.o||(e.o={ST:n.gm.setTimeout,SI:n.gm.setImmediate||n.gm.setInterval,CT:n.gm.clearTimeout,XHR:n.gm.XMLHttpRequest,REQ:n.gm.Request,EV:n.gm.Event,PR:n.gm.Promise,MO:n.gm.MutationObserver,FETCH:n.gm.fetch,WS:n.gm.WebSocket},(0,a.i)(...Object.values(e.o))),e}function d(e,t){let r=s();r.initializedAgents??={},t.initializedAt={ms:(0,i.t)(),date:new Date},r.initializedAgents[e]=t}function u(e,t){s()[e]=t}function l(){return function(){let e=s();const t=e.info||{};e.info={beacon:o.beacon,errorBeacon:o.errorBeacon,...t}}(),function(){let e=s();const t=e.init||{};e.init={...t}}(),c(),function(){let e=s();const t=e.loader_config||{};e.loader_config={...t}}(),s()}},782:(e,t,r)=>{""use strict"";r.d(t,{T:()=>n});const n=r(860).K7.pageViewTiming},860:(e,t,r)=>{""use strict"";r.d(t,{$J:()=>u,K7:()=>c,P3:()=>d,XX:()=>i,Yy:()=>s,df:()=>a,qY:()=>n,v4:()=>o});const n=""events"",i=""jserrors"",a=""browser/blobs"",o=""rum"",s=""browser/logs"",c={ajax:""ajax"",genericEvents:""generic_events"",jserrors:i,logging:""logging"",metrics:""metrics"",pageAction:""page_action"",pageViewEvent:""page_view_event"",pageViewTiming:""page_view_timing"",sessionReplay:""session_replay"",sessionTrace:""session_trace"",softNav:""soft_navigations"",spa:""spa""},d={[c.pageViewEvent]:1,[c.pageViewTiming]:2,[c.metrics]:3,[c.jserrors]:4,[c.spa]:5,[c.ajax]:6,[c.sessionTrace]:7,[c.softNav]:8,[c.sessionReplay]:9,[c.logging]:10,[c.genericEvents]:11},u={[c.pageViewEvent]:o,[c.pageViewTiming]:n,[c.ajax]:n,[c.spa]:n,[c.softNav]:n,[c.metrics]:i,[c.jserrors]:i,[c.sessionTrace]:a,[c.sessionReplay]:a,[c.logging]:s,[c.genericEvents]:""ins""}},944:(e,t,r)=>{""use strict"";r.d(t,{R:()=>i});var n=r(3241);function i(e,t){""function""==typeof console.debug&&(console.debug(""New Relic Warning: https://github.com/newrelic/newrelic-browser-agent/blob/main/docs/warning-codes.md#"".concat(e),t),(0,n.W)({agentIdentifier:null,drained:null,type:""data"",name:""warn"",feature:""warn"",data:{code:e,secondary:t}}))}},993:(e,t,r)=>{""use strict"";r.d(t,{A$:()=>a,ET:()=>o,TZ:()=>s,p_:()=>i});var n=r(860);const i={ERROR:""ERROR"",WARN:""WARN"",INFO:""INFO"",DEBUG:""DEBUG"",TRACE:""TRACE""},a={OFF:0,ERROR:1,WARN:2,INFO:3,DEBUG:4,TRACE:5},o=""log"",s=n.K7.logging},1687:(e,t,r)=>{""use strict"";r.d(t,{Ak:()=>d,Ze:()=>f,x3:()=>u});var n=r(3241),i=r(7836),a=r(3606),o=r(860),s=r(2646);const c={};function d(e,t){const r={staged:!1,priority:o.P3[t]||0};l(e),c[e].get(t)||c[e].set(t,r)}function u(e,t){e&&c[e]&&(c[e].get(t)&&c[e].delete(t),p(e,t,!1),c[e].size&&h(e))}function l(e){if(!e)throw new Error(""agentIdentifier required"");c[e]||(c[e]=new Map)}function f(e="""",t=""feature"",r=!1){if(l(e),!e||!c[e].get(t)||r)return p(e,t);c[e].get(t).staged=!0,h(e)}function h(e){const t=Array.from(c[e]);t.every(([e,t])=>t.staged)&&(t.sort((e,t)=>e[1].priority-t[1].priority),t.forEach(([t])=>{c[e].delete(t),p(e,t)}))}function p(e,t,r=!0){const o=e?i.ee.get(e):i.ee,c=a.i.handlers;if(!o.aborted&&o.backlog&&c){if((0,n.W)({agentIdentifier:e,type:""lifecycle"",name:""drain"",feature:t}),r){const e=o.backlog[t],r=c[t];if(r){for(let t=0;e&&t<e.length;++t)g(e[t],r);Object.entries(r).forEach(([e,t])=>{Object.values(t||{}).forEach(t=>{t[0]?.on&&t[0]?.context()instanceof s.y&&t[0].on(e,t[1])})})}}o.isolatedBacklog||delete c[t],o.backlog[t]=null,o.emit(""drain-""+t,[])}}function g(e,t){var r=e[1];Object.values(t[r]||{}).forEach(t=>{var r=e[0];if(t[0]===r){var n=t[1],i=e[3],a=e[2];n.apply(i,a)}})}},1741:(e,t,r)=>{""use strict"";r.d(t,{W:()=>a});var n=r(944),i=r(4261);class a{#e(e,...t){if(this[e]!==a.prototype[e])return this[e](...t);(0,n.R)(35,e)}addPageAction(e,t){return this.#e(i.hG,e,t)}register(e){return this.#e(i.eY,e)}recordCustomEvent(e,t){return this.#e(i.fF,e,t)}setPageViewName(e,t){return this.#e(i.Fw,e,t)}setCustomAttribute(e,t,r){return this.#e(i.cD,e,t,r)}noticeError(e,t){return this.#e(i.o5,e,t)}setUserId(e){return this.#e(i",success
jazz,Sway,Michael Bublé,Caught in the Act,5:41,"535,111","3,500,539",https://www.last.fm/music/Michael+Bubl%C3%A9/_/Sway,"
<!DOCTYPE html>

<html class=""no-js playbar-masthead-release-shim youtube-provider-not-ready"" lang=""en"">
<head>
<meta charset=""utf-8""/>
<meta content=""IE=edge"" http-equiv=""X-UA-Compatible""/><script type=""text/javascript"">window.NREUM||(NREUM={});NREUM.info={""beacon"":""bam.nr-data.net"",""errorBeacon"":""bam.nr-data.net"",""licenseKey"":""0ed0ce50b0"",""applicationID"":""5588594"",""transactionName"":""Y1BRbUUFWkMEWxYMV1oadUxZB0BZClZNCV5ZG0RcVUpDRxIWAxVIRxteTEQNVx4TUQcSSxpWUk1WCFtXEF1YMUpVVlgXUAFA"",""queueTime"":0,""applicationTime"":932,""agent"":""""};
(window.NREUM||(NREUM={})).init={ajax:{deny_list:[""bam.nr-data.net""]}};(window.NREUM||(NREUM={})).loader_config={xpid:""UwYPV15QGwYFXFlXDgU="",licenseKey:""0ed0ce50b0"",applicationID:""5588594"",browserID:""5591142""};;/*! For license information please see nr-loader-full-1.302.0.min.js.LICENSE.txt */
(()=>{var e,t,r={384:(e,t,r)=>{""use strict"";r.d(t,{NT:()=>o,US:()=>u,Zm:()=>s,bQ:()=>d,dV:()=>c,pV:()=>l});var n=r(6154),i=r(1863),a=r(1910);const o={beacon:""bam.nr-data.net"",errorBeacon:""bam.nr-data.net""};function s(){return n.gm.NREUM||(n.gm.NREUM={}),void 0===n.gm.newrelic&&(n.gm.newrelic=n.gm.NREUM),n.gm.NREUM}function c(){let e=s();return e.o||(e.o={ST:n.gm.setTimeout,SI:n.gm.setImmediate||n.gm.setInterval,CT:n.gm.clearTimeout,XHR:n.gm.XMLHttpRequest,REQ:n.gm.Request,EV:n.gm.Event,PR:n.gm.Promise,MO:n.gm.MutationObserver,FETCH:n.gm.fetch,WS:n.gm.WebSocket},(0,a.i)(...Object.values(e.o))),e}function d(e,t){let r=s();r.initializedAgents??={},t.initializedAt={ms:(0,i.t)(),date:new Date},r.initializedAgents[e]=t}function u(e,t){s()[e]=t}function l(){return function(){let e=s();const t=e.info||{};e.info={beacon:o.beacon,errorBeacon:o.errorBeacon,...t}}(),function(){let e=s();const t=e.init||{};e.init={...t}}(),c(),function(){let e=s();const t=e.loader_config||{};e.loader_config={...t}}(),s()}},782:(e,t,r)=>{""use strict"";r.d(t,{T:()=>n});const n=r(860).K7.pageViewTiming},860:(e,t,r)=>{""use strict"";r.d(t,{$J:()=>u,K7:()=>c,P3:()=>d,XX:()=>i,Yy:()=>s,df:()=>a,qY:()=>n,v4:()=>o});const n=""events"",i=""jserrors"",a=""browser/blobs"",o=""rum"",s=""browser/logs"",c={ajax:""ajax"",genericEvents:""generic_events"",jserrors:i,logging:""logging"",metrics:""metrics"",pageAction:""page_action"",pageViewEvent:""page_view_event"",pageViewTiming:""page_view_timing"",sessionReplay:""session_replay"",sessionTrace:""session_trace"",softNav:""soft_navigations"",spa:""spa""},d={[c.pageViewEvent]:1,[c.pageViewTiming]:2,[c.metrics]:3,[c.jserrors]:4,[c.spa]:5,[c.ajax]:6,[c.sessionTrace]:7,[c.softNav]:8,[c.sessionReplay]:9,[c.logging]:10,[c.genericEvents]:11},u={[c.pageViewEvent]:o,[c.pageViewTiming]:n,[c.ajax]:n,[c.spa]:n,[c.softNav]:n,[c.metrics]:i,[c.jserrors]:i,[c.sessionTrace]:a,[c.sessionReplay]:a,[c.logging]:s,[c.genericEvents]:""ins""}},944:(e,t,r)=>{""use strict"";r.d(t,{R:()=>i});var n=r(3241);function i(e,t){""function""==typeof console.debug&&(console.debug(""New Relic Warning: https://github.com/newrelic/newrelic-browser-agent/blob/main/docs/warning-codes.md#"".concat(e),t),(0,n.W)({agentIdentifier:null,drained:null,type:""data"",name:""warn"",feature:""warn"",data:{code:e,secondary:t}}))}},993:(e,t,r)=>{""use strict"";r.d(t,{A$:()=>a,ET:()=>o,TZ:()=>s,p_:()=>i});var n=r(860);const i={ERROR:""ERROR"",WARN:""WARN"",INFO:""INFO"",DEBUG:""DEBUG"",TRACE:""TRACE""},a={OFF:0,ERROR:1,WARN:2,INFO:3,DEBUG:4,TRACE:5},o=""log"",s=n.K7.logging},1687:(e,t,r)=>{""use strict"";r.d(t,{Ak:()=>d,Ze:()=>f,x3:()=>u});var n=r(3241),i=r(7836),a=r(3606),o=r(860),s=r(2646);const c={};function d(e,t){const r={staged:!1,priority:o.P3[t]||0};l(e),c[e].get(t)||c[e].set(t,r)}function u(e,t){e&&c[e]&&(c[e].get(t)&&c[e].delete(t),p(e,t,!1),c[e].size&&h(e))}function l(e){if(!e)throw new Error(""agentIdentifier required"");c[e]||(c[e]=new Map)}function f(e="""",t=""feature"",r=!1){if(l(e),!e||!c[e].get(t)||r)return p(e,t);c[e].get(t).staged=!0,h(e)}function h(e){const t=Array.from(c[e]);t.every(([e,t])=>t.staged)&&(t.sort((e,t)=>e[1].priority-t[1].priority),t.forEach(([t])=>{c[e].delete(t),p(e,t)}))}function p(e,t,r=!0){const o=e?i.ee.get(e):i.ee,c=a.i.handlers;if(!o.aborted&&o.backlog&&c){if((0,n.W)({agentIdentifier:e,type:""lifecycle"",name:""drain"",feature:t}),r){const e=o.backlog[t],r=c[t];if(r){for(let t=0;e&&t<e.length;++t)g(e[t],r);Object.entries(r).forEach(([e,t])=>{Object.values(t||{}).forEach(t=>{t[0]?.on&&t[0]?.context()instanceof s.y&&t[0].on(e,t[1])})})}}o.isolatedBacklog||delete c[t],o.backlog[t]=null,o.emit(""drain-""+t,[])}}function g(e,t){var r=e[1];Object.values(t[r]||{}).forEach(t=>{var r=e[0];if(t[0]===r){var n=t[1],i=e[3],a=e[2];n.apply(i,a)}})}},1741:(e,t,r)=>{""use strict"";r.d(t,{W:()=>a});var n=r(944),i=r(4261);class a{#e(e,...t){if(this[e]!==a.prototype[e])return this[e](...t);(0,n.R)(35,e)}addPageAction(e,t){return this.#e(i.hG,e,t)}register(e){return this.#e(i.eY,e)}recordCustomEvent(e,t){return this.#e(i.fF,e,t)}setPageViewName(e,t){return this.#e(i.Fw,e,t)}setCustomAttribute(e,t,r){return this.#e(i.cD,e,t,r)}noticeError(e,t){return this.#e(i.o5,e,t)}setUserId(e){return this.#e(i.",success
jazz,Hit the Road Jack,Ray Charles,Anthology,1:57,"1,284,748","6,945,647",https://www.last.fm/music/Ray+Charles/_/Hit+the+Road+Jack,"
<!DOCTYPE html>

<html class=""no-js playbar-masthead-release-shim youtube-provider-not-ready"" lang=""en"">
<head>
<meta charset=""utf-8""/>
<meta content=""IE=edge"" http-equiv=""X-UA-Compatible""/><script type=""text/javascript"">window.NREUM||(NREUM={});NREUM.info={""beacon"":""bam.nr-data.net"",""errorBeacon"":""bam.nr-data.net"",""licenseKey"":""0ed0ce50b0"",""applicationID"":""5588594"",""transactionName"":""Y1BRbUUFWkMEWxYMV1oadUxZB0BZClZNCV5ZG0RcVUpDRxIWAxVIRxteTEQNVx4TUQcSSxpWUk1WCFtXEF1YMUpVVlgXUAFA"",""queueTime"":0,""applicationTime"":948,""agent"":""""};
(window.NREUM||(NREUM={})).init={ajax:{deny_list:[""bam.nr-data.net""]}};(window.NREUM||(NREUM={})).loader_config={xpid:""UwYPV15QGwYFXFlXDgU="",licenseKey:""0ed0ce50b0"",applicationID:""5588594"",browserID:""5591142""};;/*! For license information please see nr-loader-full-1.302.0.min.js.LICENSE.txt */
(()=>{var e,t,r={384:(e,t,r)=>{""use strict"";r.d(t,{NT:()=>o,US:()=>u,Zm:()=>s,bQ:()=>d,dV:()=>c,pV:()=>l});var n=r(6154),i=r(1863),a=r(1910);const o={beacon:""bam.nr-data.net"",errorBeacon:""bam.nr-data.net""};function s(){return n.gm.NREUM||(n.gm.NREUM={}),void 0===n.gm.newrelic&&(n.gm.newrelic=n.gm.NREUM),n.gm.NREUM}function c(){let e=s();return e.o||(e.o={ST:n.gm.setTimeout,SI:n.gm.setImmediate||n.gm.setInterval,CT:n.gm.clearTimeout,XHR:n.gm.XMLHttpRequest,REQ:n.gm.Request,EV:n.gm.Event,PR:n.gm.Promise,MO:n.gm.MutationObserver,FETCH:n.gm.fetch,WS:n.gm.WebSocket},(0,a.i)(...Object.values(e.o))),e}function d(e,t){let r=s();r.initializedAgents??={},t.initializedAt={ms:(0,i.t)(),date:new Date},r.initializedAgents[e]=t}function u(e,t){s()[e]=t}function l(){return function(){let e=s();const t=e.info||{};e.info={beacon:o.beacon,errorBeacon:o.errorBeacon,...t}}(),function(){let e=s();const t=e.init||{};e.init={...t}}(),c(),function(){let e=s();const t=e.loader_config||{};e.loader_config={...t}}(),s()}},782:(e,t,r)=>{""use strict"";r.d(t,{T:()=>n});const n=r(860).K7.pageViewTiming},860:(e,t,r)=>{""use strict"";r.d(t,{$J:()=>u,K7:()=>c,P3:()=>d,XX:()=>i,Yy:()=>s,df:()=>a,qY:()=>n,v4:()=>o});const n=""events"",i=""jserrors"",a=""browser/blobs"",o=""rum"",s=""browser/logs"",c={ajax:""ajax"",genericEvents:""generic_events"",jserrors:i,logging:""logging"",metrics:""metrics"",pageAction:""page_action"",pageViewEvent:""page_view_event"",pageViewTiming:""page_view_timing"",sessionReplay:""session_replay"",sessionTrace:""session_trace"",softNav:""soft_navigations"",spa:""spa""},d={[c.pageViewEvent]:1,[c.pageViewTiming]:2,[c.metrics]:3,[c.jserrors]:4,[c.spa]:5,[c.ajax]:6,[c.sessionTrace]:7,[c.softNav]:8,[c.sessionReplay]:9,[c.logging]:10,[c.genericEvents]:11},u={[c.pageViewEvent]:o,[c.pageViewTiming]:n,[c.ajax]:n,[c.spa]:n,[c.softNav]:n,[c.metrics]:i,[c.jserrors]:i,[c.sessionTrace]:a,[c.sessionReplay]:a,[c.logging]:s,[c.genericEvents]:""ins""}},944:(e,t,r)=>{""use strict"";r.d(t,{R:()=>i});var n=r(3241);function i(e,t){""function""==typeof console.debug&&(console.debug(""New Relic Warning: https://github.com/newrelic/newrelic-browser-agent/blob/main/docs/warning-codes.md#"".concat(e),t),(0,n.W)({agentIdentifier:null,drained:null,type:""data"",name:""warn"",feature:""warn"",data:{code:e,secondary:t}}))}},993:(e,t,r)=>{""use strict"";r.d(t,{A$:()=>a,ET:()=>o,TZ:()=>s,p_:()=>i});var n=r(860);const i={ERROR:""ERROR"",WARN:""WARN"",INFO:""INFO"",DEBUG:""DEBUG"",TRACE:""TRACE""},a={OFF:0,ERROR:1,WARN:2,INFO:3,DEBUG:4,TRACE:5},o=""log"",s=n.K7.logging},1687:(e,t,r)=>{""use strict"";r.d(t,{Ak:()=>d,Ze:()=>f,x3:()=>u});var n=r(3241),i=r(7836),a=r(3606),o=r(860),s=r(2646);const c={};function d(e,t){const r={staged:!1,priority:o.P3[t]||0};l(e),c[e].get(t)||c[e].set(t,r)}function u(e,t){e&&c[e]&&(c[e].get(t)&&c[e].delete(t),p(e,t,!1),c[e].size&&h(e))}function l(e){if(!e)throw new Error(""agentIdentifier required"");c[e]||(c[e]=new Map)}function f(e="""",t=""feature"",r=!1){if(l(e),!e||!c[e].get(t)||r)return p(e,t);c[e].get(t).staged=!0,h(e)}function h(e){const t=Array.from(c[e]);t.every(([e,t])=>t.staged)&&(t.sort((e,t)=>e[1].priority-t[1].priority),t.forEach(([t])=>{c[e].delete(t),p(e,t)}))}function p(e,t,r=!0){const o=e?i.ee.get(e):i.ee,c=a.i.handlers;if(!o.aborted&&o.backlog&&c){if((0,n.W)({agentIdentifier:e,type:""lifecycle"",name:""drain"",feature:t}),r){const e=o.backlog[t],r=c[t];if(r){for(let t=0;e&&t<e.length;++t)g(e[t],r);Object.entries(r).forEach(([e,t])=>{Object.values(t||{}).forEach(t=>{t[0]?.on&&t[0]?.context()instanceof s.y&&t[0].on(e,t[1])})})}}o.isolatedBacklog||delete c[t],o.backlog[t]=null,o.emit(""drain-""+t,[])}}function g(e,t){var r=e[1];Object.values(t[r]||{}).forEach(t=>{var r=e[0];if(t[0]===r){var n=t[1],i=e[3],a=e[2];n.apply(i,a)}})}},1741:(e,t,r)=>{""use strict"";r.d(t,{W:()=>a});var n=r(944),i=r(4261);class a{#e(e,...t){if(this[e]!==a.prototype[e])return this[e](...t);(0,n.R)(35,e)}addPageAction(e,t){return this.#e(i.hG,e,t)}register(e){return this.#e(i.eY,e)}recordCustomEvent(e,t){return this.#e(i.fF,e,t)}setPageViewName(e,t){return this.#e(i.Fw,e,t)}setCustomAttribute(e,t,r){return this.#e(i.cD,e,t,r)}noticeError(e,t){return this.#e(i.o5,e,t)}setUserId(e){return this.#e(i.",success
jazz,My One And Only Love,John Coltrane,Coltrane For Lovers,4:55,"288,741","1,172,215",https://www.last.fm/music/John+Coltrane/_/My+One+And+Only+Love,"
<!DOCTYPE html>

<html class=""no-js playbar-masthead-release-shim youtube-provider-not-ready"" lang=""en"">
<head>
<meta charset=""utf-8""/>
<meta content=""IE=edge"" http-equiv=""X-UA-Compatible""/><script type=""text/javascript"">window.NREUM||(NREUM={});NREUM.info={""beacon"":""bam.nr-data.net"",""errorBeacon"":""bam.nr-data.net"",""licenseKey"":""0ed0ce50b0"",""applicationID"":""5588594"",""transactionName"":""Y1BRbUUFWkMEWxYMV1oadUxZB0BZClZNCV5ZG0RcVUpDRxIWAxVIRxteTEQNVx4TUQcSSxpWUk1WCFtXEF1YMUpVVlgXUAFA"",""queueTime"":0,""applicationTime"":640,""agent"":""""};
(window.NREUM||(NREUM={})).init={ajax:{deny_list:[""bam.nr-data.net""]}};(window.NREUM||(NREUM={})).loader_config={xpid:""UwYPV15QGwYFXFlXDgU="",licenseKey:""0ed0ce50b0"",applicationID:""5588594"",browserID:""5591142""};;/*! For license information please see nr-loader-full-1.302.0.min.js.LICENSE.txt */
(()=>{var e,t,r={384:(e,t,r)=>{""use strict"";r.d(t,{NT:()=>o,US:()=>u,Zm:()=>s,bQ:()=>d,dV:()=>c,pV:()=>l});var n=r(6154),i=r(1863),a=r(1910);const o={beacon:""bam.nr-data.net"",errorBeacon:""bam.nr-data.net""};function s(){return n.gm.NREUM||(n.gm.NREUM={}),void 0===n.gm.newrelic&&(n.gm.newrelic=n.gm.NREUM),n.gm.NREUM}function c(){let e=s();return e.o||(e.o={ST:n.gm.setTimeout,SI:n.gm.setImmediate||n.gm.setInterval,CT:n.gm.clearTimeout,XHR:n.gm.XMLHttpRequest,REQ:n.gm.Request,EV:n.gm.Event,PR:n.gm.Promise,MO:n.gm.MutationObserver,FETCH:n.gm.fetch,WS:n.gm.WebSocket},(0,a.i)(...Object.values(e.o))),e}function d(e,t){let r=s();r.initializedAgents??={},t.initializedAt={ms:(0,i.t)(),date:new Date},r.initializedAgents[e]=t}function u(e,t){s()[e]=t}function l(){return function(){let e=s();const t=e.info||{};e.info={beacon:o.beacon,errorBeacon:o.errorBeacon,...t}}(),function(){let e=s();const t=e.init||{};e.init={...t}}(),c(),function(){let e=s();const t=e.loader_config||{};e.loader_config={...t}}(),s()}},782:(e,t,r)=>{""use strict"";r.d(t,{T:()=>n});const n=r(860).K7.pageViewTiming},860:(e,t,r)=>{""use strict"";r.d(t,{$J:()=>u,K7:()=>c,P3:()=>d,XX:()=>i,Yy:()=>s,df:()=>a,qY:()=>n,v4:()=>o});const n=""events"",i=""jserrors"",a=""browser/blobs"",o=""rum"",s=""browser/logs"",c={ajax:""ajax"",genericEvents:""generic_events"",jserrors:i,logging:""logging"",metrics:""metrics"",pageAction:""page_action"",pageViewEvent:""page_view_event"",pageViewTiming:""page_view_timing"",sessionReplay:""session_replay"",sessionTrace:""session_trace"",softNav:""soft_navigations"",spa:""spa""},d={[c.pageViewEvent]:1,[c.pageViewTiming]:2,[c.metrics]:3,[c.jserrors]:4,[c.spa]:5,[c.ajax]:6,[c.sessionTrace]:7,[c.softNav]:8,[c.sessionReplay]:9,[c.logging]:10,[c.genericEvents]:11},u={[c.pageViewEvent]:o,[c.pageViewTiming]:n,[c.ajax]:n,[c.spa]:n,[c.softNav]:n,[c.metrics]:i,[c.jserrors]:i,[c.sessionTrace]:a,[c.sessionReplay]:a,[c.logging]:s,[c.genericEvents]:""ins""}},944:(e,t,r)=>{""use strict"";r.d(t,{R:()=>i});var n=r(3241);function i(e,t){""function""==typeof console.debug&&(console.debug(""New Relic Warning: https://github.com/newrelic/newrelic-browser-agent/blob/main/docs/warning-codes.md#"".concat(e),t),(0,n.W)({agentIdentifier:null,drained:null,type:""data"",name:""warn"",feature:""warn"",data:{code:e,secondary:t}}))}},993:(e,t,r)=>{""use strict"";r.d(t,{A$:()=>a,ET:()=>o,TZ:()=>s,p_:()=>i});var n=r(860);const i={ERROR:""ERROR"",WARN:""WARN"",INFO:""INFO"",DEBUG:""DEBUG"",TRACE:""TRACE""},a={OFF:0,ERROR:1,WARN:2,INFO:3,DEBUG:4,TRACE:5},o=""log"",s=n.K7.logging},1687:(e,t,r)=>{""use strict"";r.d(t,{Ak:()=>d,Ze:()=>f,x3:()=>u});var n=r(3241),i=r(7836),a=r(3606),o=r(860),s=r(2646);const c={};function d(e,t){const r={staged:!1,priority:o.P3[t]||0};l(e),c[e].get(t)||c[e].set(t,r)}function u(e,t){e&&c[e]&&(c[e].get(t)&&c[e].delete(t),p(e,t,!1),c[e].size&&h(e))}function l(e){if(!e)throw new Error(""agentIdentifier required"");c[e]||(c[e]=new Map)}function f(e="""",t=""feature"",r=!1){if(l(e),!e||!c[e].get(t)||r)return p(e,t);c[e].get(t).staged=!0,h(e)}function h(e){const t=Array.from(c[e]);t.every(([e,t])=>t.staged)&&(t.sort((e,t)=>e[1].priority-t[1].priority),t.forEach(([t])=>{c[e].delete(t),p(e,t)}))}function p(e,t,r=!0){const o=e?i.ee.get(e):i.ee,c=a.i.handlers;if(!o.aborted&&o.backlog&&c){if((0,n.W)({agentIdentifier:e,type:""lifecycle"",name:""drain"",feature:t}),r){const e=o.backlog[t],r=c[t];if(r){for(let t=0;e&&t<e.length;++t)g(e[t],r);Object.entries(r).forEach(([e,t])=>{Object.values(t||{}).forEach(t=>{t[0]?.on&&t[0]?.context()instanceof s.y&&t[0].on(e,t[1])})})}}o.isolatedBacklog||delete c[t],o.backlog[t]=null,o.emit(""drain-""+t,[])}}function g(e,t){var r=e[1];Object.values(t[r]||{}).forEach(t=>{var r=e[0];if(t[0]===r){var n=t[1],i=e[3],a=e[2];n.apply(i,a)}})}},1741:(e,t,r)=>{""use strict"";r.d(t,{W:()=>a});var n=r(944),i=r(4261);class a{#e(e,...t){if(this[e]!==a.prototype[e])return this[e](...t);(0,n.R)(35,e)}addPageAction(e,t){return this.#e(i.hG,e,t)}register(e){return this.#e(i.eY,e)}recordCustomEvent(e,t){return this.#e(i.fF,e,t)}setPageViewName(e,t){return this.#e(i.Fw,e,t)}setCustomAttribute(e,t,r){return this.#e(i.cD,e,t,r)}noticeError(e,t){return this.#e(i.o5,e,t)}setUserId(e){return this.#e(i.",success
jazz,You Know I'm No Good,Amy Winehouse,Back to Black,4:19,"1,811,475","15,273,296",https://www.last.fm/music/Amy+Winehouse/_/You+Know+I%27m+No+Good,"
<!DOCTYPE html>

<html class=""no-js playbar-masthead-release-shim youtube-provider-not-ready"" lang=""en"">
<head>
<meta charset=""utf-8""/>
<meta content=""IE=edge"" http-equiv=""X-UA-Compatible""/><script type=""text/javascript"">window.NREUM||(NREUM={});NREUM.info={""beacon"":""bam.nr-data.net"",""errorBeacon"":""bam.nr-data.net"",""licenseKey"":""0ed0ce50b0"",""applicationID"":""5588594"",""transactionName"":""Y1BRbUUFWkMEWxYMV1oadUxZB0BZClZNCV5ZG0RcVUpDRxIWAxVIRxteTEQNVx4TUQcSSxpWUk1WCFtXEF1YMUpVVlgXUAFA"",""queueTime"":0,""applicationTime"":635,""agent"":""""};
(window.NREUM||(NREUM={})).init={ajax:{deny_list:[""bam.nr-data.net""]}};(window.NREUM||(NREUM={})).loader_config={xpid:""UwYPV15QGwYFXFlXDgU="",licenseKey:""0ed0ce50b0"",applicationID:""5588594"",browserID:""5591142""};;/*! For license information please see nr-loader-full-1.302.0.min.js.LICENSE.txt */
(()=>{var e,t,r={384:(e,t,r)=>{""use strict"";r.d(t,{NT:()=>o,US:()=>u,Zm:()=>s,bQ:()=>d,dV:()=>c,pV:()=>l});var n=r(6154),i=r(1863),a=r(1910);const o={beacon:""bam.nr-data.net"",errorBeacon:""bam.nr-data.net""};function s(){return n.gm.NREUM||(n.gm.NREUM={}),void 0===n.gm.newrelic&&(n.gm.newrelic=n.gm.NREUM),n.gm.NREUM}function c(){let e=s();return e.o||(e.o={ST:n.gm.setTimeout,SI:n.gm.setImmediate||n.gm.setInterval,CT:n.gm.clearTimeout,XHR:n.gm.XMLHttpRequest,REQ:n.gm.Request,EV:n.gm.Event,PR:n.gm.Promise,MO:n.gm.MutationObserver,FETCH:n.gm.fetch,WS:n.gm.WebSocket},(0,a.i)(...Object.values(e.o))),e}function d(e,t){let r=s();r.initializedAgents??={},t.initializedAt={ms:(0,i.t)(),date:new Date},r.initializedAgents[e]=t}function u(e,t){s()[e]=t}function l(){return function(){let e=s();const t=e.info||{};e.info={beacon:o.beacon,errorBeacon:o.errorBeacon,...t}}(),function(){let e=s();const t=e.init||{};e.init={...t}}(),c(),function(){let e=s();const t=e.loader_config||{};e.loader_config={...t}}(),s()}},782:(e,t,r)=>{""use strict"";r.d(t,{T:()=>n});const n=r(860).K7.pageViewTiming},860:(e,t,r)=>{""use strict"";r.d(t,{$J:()=>u,K7:()=>c,P3:()=>d,XX:()=>i,Yy:()=>s,df:()=>a,qY:()=>n,v4:()=>o});const n=""events"",i=""jserrors"",a=""browser/blobs"",o=""rum"",s=""browser/logs"",c={ajax:""ajax"",genericEvents:""generic_events"",jserrors:i,logging:""logging"",metrics:""metrics"",pageAction:""page_action"",pageViewEvent:""page_view_event"",pageViewTiming:""page_view_timing"",sessionReplay:""session_replay"",sessionTrace:""session_trace"",softNav:""soft_navigations"",spa:""spa""},d={[c.pageViewEvent]:1,[c.pageViewTiming]:2,[c.metrics]:3,[c.jserrors]:4,[c.spa]:5,[c.ajax]:6,[c.sessionTrace]:7,[c.softNav]:8,[c.sessionReplay]:9,[c.logging]:10,[c.genericEvents]:11},u={[c.pageViewEvent]:o,[c.pageViewTiming]:n,[c.ajax]:n,[c.spa]:n,[c.softNav]:n,[c.metrics]:i,[c.jserrors]:i,[c.sessionTrace]:a,[c.sessionReplay]:a,[c.logging]:s,[c.genericEvents]:""ins""}},944:(e,t,r)=>{""use strict"";r.d(t,{R:()=>i});var n=r(3241);function i(e,t){""function""==typeof console.debug&&(console.debug(""New Relic Warning: https://github.com/newrelic/newrelic-browser-agent/blob/main/docs/warning-codes.md#"".concat(e),t),(0,n.W)({agentIdentifier:null,drained:null,type:""data"",name:""warn"",feature:""warn"",data:{code:e,secondary:t}}))}},993:(e,t,r)=>{""use strict"";r.d(t,{A$:()=>a,ET:()=>o,TZ:()=>s,p_:()=>i});var n=r(860);const i={ERROR:""ERROR"",WARN:""WARN"",INFO:""INFO"",DEBUG:""DEBUG"",TRACE:""TRACE""},a={OFF:0,ERROR:1,WARN:2,INFO:3,DEBUG:4,TRACE:5},o=""log"",s=n.K7.logging},1687:(e,t,r)=>{""use strict"";r.d(t,{Ak:()=>d,Ze:()=>f,x3:()=>u});var n=r(3241),i=r(7836),a=r(3606),o=r(860),s=r(2646);const c={};function d(e,t){const r={staged:!1,priority:o.P3[t]||0};l(e),c[e].get(t)||c[e].set(t,r)}function u(e,t){e&&c[e]&&(c[e].get(t)&&c[e].delete(t),p(e,t,!1),c[e].size&&h(e))}function l(e){if(!e)throw new Error(""agentIdentifier required"");c[e]||(c[e]=new Map)}function f(e="""",t=""feature"",r=!1){if(l(e),!e||!c[e].get(t)||r)return p(e,t);c[e].get(t).staged=!0,h(e)}function h(e){const t=Array.from(c[e]);t.every(([e,t])=>t.staged)&&(t.sort((e,t)=>e[1].priority-t[1].priority),t.forEach(([t])=>{c[e].delete(t),p(e,t)}))}function p(e,t,r=!0){const o=e?i.ee.get(e):i.ee,c=a.i.handlers;if(!o.aborted&&o.backlog&&c){if((0,n.W)({agentIdentifier:e,type:""lifecycle"",name:""drain"",feature:t}),r){const e=o.backlog[t],r=c[t];if(r){for(let t=0;e&&t<e.length;++t)g(e[t],r);Object.entries(r).forEach(([e,t])=>{Object.values(t||{}).forEach(t=>{t[0]?.on&&t[0]?.context()instanceof s.y&&t[0].on(e,t[1])})})}}o.isolatedBacklog||delete c[t],o.backlog[t]=null,o.emit(""drain-""+t,[])}}function g(e,t){var r=e[1];Object.values(t[r]||{}).forEach(t=>{var r=e[0];if(t[0]===r){var n=t[1],i=e[3],a=e[2];n.apply(i,a)}})}},1741:(e,t,r)=>{""use strict"";r.d(t,{W:()=>a});var n=r(944),i=r(4261);class a{#e(e,...t){if(this[e]!==a.prototype[e])return this[e](...t);(0,n.R)(35,e)}addPageAction(e,t){return this.#e(i.hG,e,t)}register(e){return this.#e(i.eY,e)}recordCustomEvent(e,t){return this.#e(i.fF,e,t)}setPageViewName(e,t){return this.#e(i.Fw,e,t)}setCustomAttribute(e,t,r){return this.#e(i.cD,e,t,r)}noticeError(e,t){return this.#e(i.o5,e,t)}setUserId(e){return this.#e(i.",success
jazz,Feeling Good,Nina Simone,I Put a Spell on You,2:54,"1,124,124","6,832,497",https://www.last.fm/music/Nina+Simone/_/Feeling+Good,"
<!DOCTYPE html>

<html class=""no-js playbar-masthead-release-shim youtube-provider-not-ready"" lang=""en"">
<head>
<meta charset=""utf-8""/>
<meta content=""IE=edge"" http-equiv=""X-UA-Compatible""/><script type=""text/javascript"">window.NREUM||(NREUM={});NREUM.info={""beacon"":""bam.nr-data.net"",""errorBeacon"":""bam.nr-data.net"",""licenseKey"":""0ed0ce50b0"",""applicationID"":""5588594"",""transactionName"":""Y1BRbUUFWkMEWxYMV1oadUxZB0BZClZNCV5ZG0RcVUpDRxIWAxVIRxteTEQNVx4TUQcSSxpWUk1WCFtXEF1YMUpVVlgXUAFA"",""queueTime"":0,""applicationTime"":1316,""agent"":""""};
(window.NREUM||(NREUM={})).init={ajax:{deny_list:[""bam.nr-data.net""]}};(window.NREUM||(NREUM={})).loader_config={xpid:""UwYPV15QGwYFXFlXDgU="",licenseKey:""0ed0ce50b0"",applicationID:""5588594"",browserID:""5591142""};;/*! For license information please see nr-loader-full-1.302.0.min.js.LICENSE.txt */
(()=>{var e,t,r={384:(e,t,r)=>{""use strict"";r.d(t,{NT:()=>o,US:()=>u,Zm:()=>s,bQ:()=>d,dV:()=>c,pV:()=>l});var n=r(6154),i=r(1863),a=r(1910);const o={beacon:""bam.nr-data.net"",errorBeacon:""bam.nr-data.net""};function s(){return n.gm.NREUM||(n.gm.NREUM={}),void 0===n.gm.newrelic&&(n.gm.newrelic=n.gm.NREUM),n.gm.NREUM}function c(){let e=s();return e.o||(e.o={ST:n.gm.setTimeout,SI:n.gm.setImmediate||n.gm.setInterval,CT:n.gm.clearTimeout,XHR:n.gm.XMLHttpRequest,REQ:n.gm.Request,EV:n.gm.Event,PR:n.gm.Promise,MO:n.gm.MutationObserver,FETCH:n.gm.fetch,WS:n.gm.WebSocket},(0,a.i)(...Object.values(e.o))),e}function d(e,t){let r=s();r.initializedAgents??={},t.initializedAt={ms:(0,i.t)(),date:new Date},r.initializedAgents[e]=t}function u(e,t){s()[e]=t}function l(){return function(){let e=s();const t=e.info||{};e.info={beacon:o.beacon,errorBeacon:o.errorBeacon,...t}}(),function(){let e=s();const t=e.init||{};e.init={...t}}(),c(),function(){let e=s();const t=e.loader_config||{};e.loader_config={...t}}(),s()}},782:(e,t,r)=>{""use strict"";r.d(t,{T:()=>n});const n=r(860).K7.pageViewTiming},860:(e,t,r)=>{""use strict"";r.d(t,{$J:()=>u,K7:()=>c,P3:()=>d,XX:()=>i,Yy:()=>s,df:()=>a,qY:()=>n,v4:()=>o});const n=""events"",i=""jserrors"",a=""browser/blobs"",o=""rum"",s=""browser/logs"",c={ajax:""ajax"",genericEvents:""generic_events"",jserrors:i,logging:""logging"",metrics:""metrics"",pageAction:""page_action"",pageViewEvent:""page_view_event"",pageViewTiming:""page_view_timing"",sessionReplay:""session_replay"",sessionTrace:""session_trace"",softNav:""soft_navigations"",spa:""spa""},d={[c.pageViewEvent]:1,[c.pageViewTiming]:2,[c.metrics]:3,[c.jserrors]:4,[c.spa]:5,[c.ajax]:6,[c.sessionTrace]:7,[c.softNav]:8,[c.sessionReplay]:9,[c.logging]:10,[c.genericEvents]:11},u={[c.pageViewEvent]:o,[c.pageViewTiming]:n,[c.ajax]:n,[c.spa]:n,[c.softNav]:n,[c.metrics]:i,[c.jserrors]:i,[c.sessionTrace]:a,[c.sessionReplay]:a,[c.logging]:s,[c.genericEvents]:""ins""}},944:(e,t,r)=>{""use strict"";r.d(t,{R:()=>i});var n=r(3241);function i(e,t){""function""==typeof console.debug&&(console.debug(""New Relic Warning: https://github.com/newrelic/newrelic-browser-agent/blob/main/docs/warning-codes.md#"".concat(e),t),(0,n.W)({agentIdentifier:null,drained:null,type:""data"",name:""warn"",feature:""warn"",data:{code:e,secondary:t}}))}},993:(e,t,r)=>{""use strict"";r.d(t,{A$:()=>a,ET:()=>o,TZ:()=>s,p_:()=>i});var n=r(860);const i={ERROR:""ERROR"",WARN:""WARN"",INFO:""INFO"",DEBUG:""DEBUG"",TRACE:""TRACE""},a={OFF:0,ERROR:1,WARN:2,INFO:3,DEBUG:4,TRACE:5},o=""log"",s=n.K7.logging},1687:(e,t,r)=>{""use strict"";r.d(t,{Ak:()=>d,Ze:()=>f,x3:()=>u});var n=r(3241),i=r(7836),a=r(3606),o=r(860),s=r(2646);const c={};function d(e,t){const r={staged:!1,priority:o.P3[t]||0};l(e),c[e].get(t)||c[e].set(t,r)}function u(e,t){e&&c[e]&&(c[e].get(t)&&c[e].delete(t),p(e,t,!1),c[e].size&&h(e))}function l(e){if(!e)throw new Error(""agentIdentifier required"");c[e]||(c[e]=new Map)}function f(e="""",t=""feature"",r=!1){if(l(e),!e||!c[e].get(t)||r)return p(e,t);c[e].get(t).staged=!0,h(e)}function h(e){const t=Array.from(c[e]);t.every(([e,t])=>t.staged)&&(t.sort((e,t)=>e[1].priority-t[1].priority),t.forEach(([t])=>{c[e].delete(t),p(e,t)}))}function p(e,t,r=!0){const o=e?i.ee.get(e):i.ee,c=a.i.handlers;if(!o.aborted&&o.backlog&&c){if((0,n.W)({agentIdentifier:e,type:""lifecycle"",name:""drain"",feature:t}),r){const e=o.backlog[t],r=c[t];if(r){for(let t=0;e&&t<e.length;++t)g(e[t],r);Object.entries(r).forEach(([e,t])=>{Object.values(t||{}).forEach(t=>{t[0]?.on&&t[0]?.context()instanceof s.y&&t[0].on(e,t[1])})})}}o.isolatedBacklog||delete c[t],o.backlog[t]=null,o.emit(""drain-""+t,[])}}function g(e,t){var r=e[1];Object.values(t[r]||{}).forEach(t=>{var r=e[0];if(t[0]===r){var n=t[1],i=e[3],a=e[2];n.apply(i,a)}})}},1741:(e,t,r)=>{""use strict"";r.d(t,{W:()=>a});var n=r(944),i=r(4261);class a{#e(e,...t){if(this[e]!==a.prototype[e])return this[e](...t);(0,n.R)(35,e)}addPageAction(e,t){return this.#e(i.hG,e,t)}register(e){return this.#e(i.eY,e)}recordCustomEvent(e,t){return this.#e(i.fF,e,t)}setPageViewName(e,t){return this.#e(i.Fw,e,t)}setCustomAttribute(e,t,r){return this.#e(i.cD,e,t,r)}noticeError(e,t){return this.#e(i.o5,e,t)}setUserId(e){return this.#e(i",success
jazz,Solitude,Billie Holiday,Solitude,3:28,"493,658","2,471,854",https://www.last.fm/music/Billie+Holiday/_/Solitude,"
<!DOCTYPE html>

<html class=""no-js playbar-masthead-release-shim youtube-provider-not-ready"" lang=""en"">
<head>
<meta charset=""utf-8""/>
<meta content=""IE=edge"" http-equiv=""X-UA-Compatible""/><script type=""text/javascript"">window.NREUM||(NREUM={});NREUM.info={""beacon"":""bam.nr-data.net"",""errorBeacon"":""bam.nr-data.net"",""licenseKey"":""0ed0ce50b0"",""applicationID"":""5588594"",""transactionName"":""Y1BRbUUFWkMEWxYMV1oadUxZB0BZClZNCV5ZG0RcVUpDRxIWAxVIRxteTEQNVx4TUQcSSxpWUk1WCFtXEF1YMUpVVlgXUAFA"",""queueTime"":0,""applicationTime"":1355,""agent"":""""};
(window.NREUM||(NREUM={})).init={ajax:{deny_list:[""bam.nr-data.net""]}};(window.NREUM||(NREUM={})).loader_config={xpid:""UwYPV15QGwYFXFlXDgU="",licenseKey:""0ed0ce50b0"",applicationID:""5588594"",browserID:""5591142""};;/*! For license information please see nr-loader-full-1.302.0.min.js.LICENSE.txt */
(()=>{var e,t,r={384:(e,t,r)=>{""use strict"";r.d(t,{NT:()=>o,US:()=>u,Zm:()=>s,bQ:()=>d,dV:()=>c,pV:()=>l});var n=r(6154),i=r(1863),a=r(1910);const o={beacon:""bam.nr-data.net"",errorBeacon:""bam.nr-data.net""};function s(){return n.gm.NREUM||(n.gm.NREUM={}),void 0===n.gm.newrelic&&(n.gm.newrelic=n.gm.NREUM),n.gm.NREUM}function c(){let e=s();return e.o||(e.o={ST:n.gm.setTimeout,SI:n.gm.setImmediate||n.gm.setInterval,CT:n.gm.clearTimeout,XHR:n.gm.XMLHttpRequest,REQ:n.gm.Request,EV:n.gm.Event,PR:n.gm.Promise,MO:n.gm.MutationObserver,FETCH:n.gm.fetch,WS:n.gm.WebSocket},(0,a.i)(...Object.values(e.o))),e}function d(e,t){let r=s();r.initializedAgents??={},t.initializedAt={ms:(0,i.t)(),date:new Date},r.initializedAgents[e]=t}function u(e,t){s()[e]=t}function l(){return function(){let e=s();const t=e.info||{};e.info={beacon:o.beacon,errorBeacon:o.errorBeacon,...t}}(),function(){let e=s();const t=e.init||{};e.init={...t}}(),c(),function(){let e=s();const t=e.loader_config||{};e.loader_config={...t}}(),s()}},782:(e,t,r)=>{""use strict"";r.d(t,{T:()=>n});const n=r(860).K7.pageViewTiming},860:(e,t,r)=>{""use strict"";r.d(t,{$J:()=>u,K7:()=>c,P3:()=>d,XX:()=>i,Yy:()=>s,df:()=>a,qY:()=>n,v4:()=>o});const n=""events"",i=""jserrors"",a=""browser/blobs"",o=""rum"",s=""browser/logs"",c={ajax:""ajax"",genericEvents:""generic_events"",jserrors:i,logging:""logging"",metrics:""metrics"",pageAction:""page_action"",pageViewEvent:""page_view_event"",pageViewTiming:""page_view_timing"",sessionReplay:""session_replay"",sessionTrace:""session_trace"",softNav:""soft_navigations"",spa:""spa""},d={[c.pageViewEvent]:1,[c.pageViewTiming]:2,[c.metrics]:3,[c.jserrors]:4,[c.spa]:5,[c.ajax]:6,[c.sessionTrace]:7,[c.softNav]:8,[c.sessionReplay]:9,[c.logging]:10,[c.genericEvents]:11},u={[c.pageViewEvent]:o,[c.pageViewTiming]:n,[c.ajax]:n,[c.spa]:n,[c.softNav]:n,[c.metrics]:i,[c.jserrors]:i,[c.sessionTrace]:a,[c.sessionReplay]:a,[c.logging]:s,[c.genericEvents]:""ins""}},944:(e,t,r)=>{""use strict"";r.d(t,{R:()=>i});var n=r(3241);function i(e,t){""function""==typeof console.debug&&(console.debug(""New Relic Warning: https://github.com/newrelic/newrelic-browser-agent/blob/main/docs/warning-codes.md#"".concat(e),t),(0,n.W)({agentIdentifier:null,drained:null,type:""data"",name:""warn"",feature:""warn"",data:{code:e,secondary:t}}))}},993:(e,t,r)=>{""use strict"";r.d(t,{A$:()=>a,ET:()=>o,TZ:()=>s,p_:()=>i});var n=r(860);const i={ERROR:""ERROR"",WARN:""WARN"",INFO:""INFO"",DEBUG:""DEBUG"",TRACE:""TRACE""},a={OFF:0,ERROR:1,WARN:2,INFO:3,DEBUG:4,TRACE:5},o=""log"",s=n.K7.logging},1687:(e,t,r)=>{""use strict"";r.d(t,{Ak:()=>d,Ze:()=>f,x3:()=>u});var n=r(3241),i=r(7836),a=r(3606),o=r(860),s=r(2646);const c={};function d(e,t){const r={staged:!1,priority:o.P3[t]||0};l(e),c[e].get(t)||c[e].set(t,r)}function u(e,t){e&&c[e]&&(c[e].get(t)&&c[e].delete(t),p(e,t,!1),c[e].size&&h(e))}function l(e){if(!e)throw new Error(""agentIdentifier required"");c[e]||(c[e]=new Map)}function f(e="""",t=""feature"",r=!1){if(l(e),!e||!c[e].get(t)||r)return p(e,t);c[e].get(t).staged=!0,h(e)}function h(e){const t=Array.from(c[e]);t.every(([e,t])=>t.staged)&&(t.sort((e,t)=>e[1].priority-t[1].priority),t.forEach(([t])=>{c[e].delete(t),p(e,t)}))}function p(e,t,r=!0){const o=e?i.ee.get(e):i.ee,c=a.i.handlers;if(!o.aborted&&o.backlog&&c){if((0,n.W)({agentIdentifier:e,type:""lifecycle"",name:""drain"",feature:t}),r){const e=o.backlog[t],r=c[t];if(r){for(let t=0;e&&t<e.length;++t)g(e[t],r);Object.entries(r).forEach(([e,t])=>{Object.values(t||{}).forEach(t=>{t[0]?.on&&t[0]?.context()instanceof s.y&&t[0].on(e,t[1])})})}}o.isolatedBacklog||delete c[t],o.backlog[t]=null,o.emit(""drain-""+t,[])}}function g(e,t){var r=e[1];Object.values(t[r]||{}).forEach(t=>{var r=e[0];if(t[0]===r){var n=t[1],i=e[3],a=e[2];n.apply(i,a)}})}},1741:(e,t,r)=>{""use strict"";r.d(t,{W:()=>a});var n=r(944),i=r(4261);class a{#e(e,...t){if(this[e]!==a.prototype[e])return this[e](...t);(0,n.R)(35,e)}addPageAction(e,t){return this.#e(i.hG,e,t)}register(e){return this.#e(i.eY,e)}recordCustomEvent(e,t){return this.#e(i.fF,e,t)}setPageViewName(e,t){return this.#e(i.Fw,e,t)}setCustomAttribute(e,t,r){return this.#e(i.cD,e,t,r)}noticeError(e,t){return this.#e(i.o5,e,t)}setUserId(e){return this.#e(i",success
jazz,I'll Be Seeing You,Billie Holiday,The Complete Billie Holiday on Verve 1945-1959,3:33,"511,680","2,394,072",https://www.last.fm/music/Billie+Holiday/_/I%27ll+Be+Seeing+You,"
<!DOCTYPE html>

<html class=""no-js playbar-masthead-release-shim youtube-provider-not-ready"" lang=""en"">
<head>
<meta charset=""utf-8""/>
<meta content=""IE=edge"" http-equiv=""X-UA-Compatible""/><script type=""text/javascript"">window.NREUM||(NREUM={});NREUM.info={""beacon"":""bam.nr-data.net"",""errorBeacon"":""bam.nr-data.net"",""licenseKey"":""0ed0ce50b0"",""applicationID"":""5588594"",""transactionName"":""Y1BRbUUFWkMEWxYMV1oadUxZB0BZClZNCV5ZG0RcVUpDRxIWAxVIRxteTEQNVx4TUQcSSxpWUk1WCFtXEF1YMUpVVlgXUAFA"",""queueTime"":0,""applicationTime"":1208,""agent"":""""};
(window.NREUM||(NREUM={})).init={ajax:{deny_list:[""bam.nr-data.net""]}};(window.NREUM||(NREUM={})).loader_config={xpid:""UwYPV15QGwYFXFlXDgU="",licenseKey:""0ed0ce50b0"",applicationID:""5588594"",browserID:""5591142""};;/*! For license information please see nr-loader-full-1.302.0.min.js.LICENSE.txt */
(()=>{var e,t,r={384:(e,t,r)=>{""use strict"";r.d(t,{NT:()=>o,US:()=>u,Zm:()=>s,bQ:()=>d,dV:()=>c,pV:()=>l});var n=r(6154),i=r(1863),a=r(1910);const o={beacon:""bam.nr-data.net"",errorBeacon:""bam.nr-data.net""};function s(){return n.gm.NREUM||(n.gm.NREUM={}),void 0===n.gm.newrelic&&(n.gm.newrelic=n.gm.NREUM),n.gm.NREUM}function c(){let e=s();return e.o||(e.o={ST:n.gm.setTimeout,SI:n.gm.setImmediate||n.gm.setInterval,CT:n.gm.clearTimeout,XHR:n.gm.XMLHttpRequest,REQ:n.gm.Request,EV:n.gm.Event,PR:n.gm.Promise,MO:n.gm.MutationObserver,FETCH:n.gm.fetch,WS:n.gm.WebSocket},(0,a.i)(...Object.values(e.o))),e}function d(e,t){let r=s();r.initializedAgents??={},t.initializedAt={ms:(0,i.t)(),date:new Date},r.initializedAgents[e]=t}function u(e,t){s()[e]=t}function l(){return function(){let e=s();const t=e.info||{};e.info={beacon:o.beacon,errorBeacon:o.errorBeacon,...t}}(),function(){let e=s();const t=e.init||{};e.init={...t}}(),c(),function(){let e=s();const t=e.loader_config||{};e.loader_config={...t}}(),s()}},782:(e,t,r)=>{""use strict"";r.d(t,{T:()=>n});const n=r(860).K7.pageViewTiming},860:(e,t,r)=>{""use strict"";r.d(t,{$J:()=>u,K7:()=>c,P3:()=>d,XX:()=>i,Yy:()=>s,df:()=>a,qY:()=>n,v4:()=>o});const n=""events"",i=""jserrors"",a=""browser/blobs"",o=""rum"",s=""browser/logs"",c={ajax:""ajax"",genericEvents:""generic_events"",jserrors:i,logging:""logging"",metrics:""metrics"",pageAction:""page_action"",pageViewEvent:""page_view_event"",pageViewTiming:""page_view_timing"",sessionReplay:""session_replay"",sessionTrace:""session_trace"",softNav:""soft_navigations"",spa:""spa""},d={[c.pageViewEvent]:1,[c.pageViewTiming]:2,[c.metrics]:3,[c.jserrors]:4,[c.spa]:5,[c.ajax]:6,[c.sessionTrace]:7,[c.softNav]:8,[c.sessionReplay]:9,[c.logging]:10,[c.genericEvents]:11},u={[c.pageViewEvent]:o,[c.pageViewTiming]:n,[c.ajax]:n,[c.spa]:n,[c.softNav]:n,[c.metrics]:i,[c.jserrors]:i,[c.sessionTrace]:a,[c.sessionReplay]:a,[c.logging]:s,[c.genericEvents]:""ins""}},944:(e,t,r)=>{""use strict"";r.d(t,{R:()=>i});var n=r(3241);function i(e,t){""function""==typeof console.debug&&(console.debug(""New Relic Warning: https://github.com/newrelic/newrelic-browser-agent/blob/main/docs/warning-codes.md#"".concat(e),t),(0,n.W)({agentIdentifier:null,drained:null,type:""data"",name:""warn"",feature:""warn"",data:{code:e,secondary:t}}))}},993:(e,t,r)=>{""use strict"";r.d(t,{A$:()=>a,ET:()=>o,TZ:()=>s,p_:()=>i});var n=r(860);const i={ERROR:""ERROR"",WARN:""WARN"",INFO:""INFO"",DEBUG:""DEBUG"",TRACE:""TRACE""},a={OFF:0,ERROR:1,WARN:2,INFO:3,DEBUG:4,TRACE:5},o=""log"",s=n.K7.logging},1687:(e,t,r)=>{""use strict"";r.d(t,{Ak:()=>d,Ze:()=>f,x3:()=>u});var n=r(3241),i=r(7836),a=r(3606),o=r(860),s=r(2646);const c={};function d(e,t){const r={staged:!1,priority:o.P3[t]||0};l(e),c[e].get(t)||c[e].set(t,r)}function u(e,t){e&&c[e]&&(c[e].get(t)&&c[e].delete(t),p(e,t,!1),c[e].size&&h(e))}function l(e){if(!e)throw new Error(""agentIdentifier required"");c[e]||(c[e]=new Map)}function f(e="""",t=""feature"",r=!1){if(l(e),!e||!c[e].get(t)||r)return p(e,t);c[e].get(t).staged=!0,h(e)}function h(e){const t=Array.from(c[e]);t.every(([e,t])=>t.staged)&&(t.sort((e,t)=>e[1].priority-t[1].priority),t.forEach(([t])=>{c[e].delete(t),p(e,t)}))}function p(e,t,r=!0){const o=e?i.ee.get(e):i.ee,c=a.i.handlers;if(!o.aborted&&o.backlog&&c){if((0,n.W)({agentIdentifier:e,type:""lifecycle"",name:""drain"",feature:t}),r){const e=o.backlog[t],r=c[t];if(r){for(let t=0;e&&t<e.length;++t)g(e[t],r);Object.entries(r).forEach(([e,t])=>{Object.values(t||{}).forEach(t=>{t[0]?.on&&t[0]?.context()instanceof s.y&&t[0].on(e,t[1])})})}}o.isolatedBacklog||delete c[t],o.backlog[t]=null,o.emit(""drain-""+t,[])}}function g(e,t){var r=e[1];Object.values(t[r]||{}).forEach(t=>{var r=e[0];if(t[0]===r){var n=t[1],i=e[3],a=e[2];n.apply(i,a)}})}},1741:(e,t,r)=>{""use strict"";r.d(t,{W:()=>a});var n=r(944),i=r(4261);class a{#e(e,...t){if(this[e]!==a.prototype[e])return this[e](...t);(0,n.R)(35,e)}addPageAction(e,t){return this.#e(i.hG,e,t)}register(e){return this.#e(i.eY,e)}recordCustomEvent(e,t){return this.#e(i.fF,e,t)}setPageViewName(e,t){return this.#e(i.Fw,e,t)}setCustomAttribute(e,t,r){return this.#e(i.cD,e,t,r)}noticeError(e,t){return this.#e(i.o5,e,t)}setUserId(e){return this.#e(i",success
jazz,N/A,N/A,N/A,N/A,N/A,N/A,https://www.last.fm/music/Bill+Evans+Trio/_/My+Foolish+Heart,N/A,502_error
jazz,L-O-V-E,Nat King Cole,The World of Nat King Cole,2:35,"713,846","3,331,291",https://www.last.fm/music/Nat+King+Cole/_/L-O-V-E,"
<!DOCTYPE html>

<html class=""no-js playbar-masthead-release-shim youtube-provider-not-ready"" lang=""en"">
<head>
<meta charset=""utf-8""/>
<meta content=""IE=edge"" http-equiv=""X-UA-Compatible""/><script type=""text/javascript"">window.NREUM||(NREUM={});NREUM.info={""beacon"":""bam.nr-data.net"",""errorBeacon"":""bam.nr-data.net"",""licenseKey"":""0ed0ce50b0"",""applicationID"":""5588594"",""transactionName"":""Y1BRbUUFWkMEWxYMV1oadUxZB0BZClZNCV5ZG0RcVUpDRxIWAxVIRxteTEQNVx4TUQcSSxpWUk1WCFtXEF1YMUpVVlgXUAFA"",""queueTime"":0,""applicationTime"":748,""agent"":""""};
(window.NREUM||(NREUM={})).init={ajax:{deny_list:[""bam.nr-data.net""]}};(window.NREUM||(NREUM={})).loader_config={xpid:""UwYPV15QGwYFXFlXDgU="",licenseKey:""0ed0ce50b0"",applicationID:""5588594"",browserID:""5591142""};;/*! For license information please see nr-loader-full-1.302.0.min.js.LICENSE.txt */
(()=>{var e,t,r={384:(e,t,r)=>{""use strict"";r.d(t,{NT:()=>o,US:()=>u,Zm:()=>s,bQ:()=>d,dV:()=>c,pV:()=>l});var n=r(6154),i=r(1863),a=r(1910);const o={beacon:""bam.nr-data.net"",errorBeacon:""bam.nr-data.net""};function s(){return n.gm.NREUM||(n.gm.NREUM={}),void 0===n.gm.newrelic&&(n.gm.newrelic=n.gm.NREUM),n.gm.NREUM}function c(){let e=s();return e.o||(e.o={ST:n.gm.setTimeout,SI:n.gm.setImmediate||n.gm.setInterval,CT:n.gm.clearTimeout,XHR:n.gm.XMLHttpRequest,REQ:n.gm.Request,EV:n.gm.Event,PR:n.gm.Promise,MO:n.gm.MutationObserver,FETCH:n.gm.fetch,WS:n.gm.WebSocket},(0,a.i)(...Object.values(e.o))),e}function d(e,t){let r=s();r.initializedAgents??={},t.initializedAt={ms:(0,i.t)(),date:new Date},r.initializedAgents[e]=t}function u(e,t){s()[e]=t}function l(){return function(){let e=s();const t=e.info||{};e.info={beacon:o.beacon,errorBeacon:o.errorBeacon,...t}}(),function(){let e=s();const t=e.init||{};e.init={...t}}(),c(),function(){let e=s();const t=e.loader_config||{};e.loader_config={...t}}(),s()}},782:(e,t,r)=>{""use strict"";r.d(t,{T:()=>n});const n=r(860).K7.pageViewTiming},860:(e,t,r)=>{""use strict"";r.d(t,{$J:()=>u,K7:()=>c,P3:()=>d,XX:()=>i,Yy:()=>s,df:()=>a,qY:()=>n,v4:()=>o});const n=""events"",i=""jserrors"",a=""browser/blobs"",o=""rum"",s=""browser/logs"",c={ajax:""ajax"",genericEvents:""generic_events"",jserrors:i,logging:""logging"",metrics:""metrics"",pageAction:""page_action"",pageViewEvent:""page_view_event"",pageViewTiming:""page_view_timing"",sessionReplay:""session_replay"",sessionTrace:""session_trace"",softNav:""soft_navigations"",spa:""spa""},d={[c.pageViewEvent]:1,[c.pageViewTiming]:2,[c.metrics]:3,[c.jserrors]:4,[c.spa]:5,[c.ajax]:6,[c.sessionTrace]:7,[c.softNav]:8,[c.sessionReplay]:9,[c.logging]:10,[c.genericEvents]:11},u={[c.pageViewEvent]:o,[c.pageViewTiming]:n,[c.ajax]:n,[c.spa]:n,[c.softNav]:n,[c.metrics]:i,[c.jserrors]:i,[c.sessionTrace]:a,[c.sessionReplay]:a,[c.logging]:s,[c.genericEvents]:""ins""}},944:(e,t,r)=>{""use strict"";r.d(t,{R:()=>i});var n=r(3241);function i(e,t){""function""==typeof console.debug&&(console.debug(""New Relic Warning: https://github.com/newrelic/newrelic-browser-agent/blob/main/docs/warning-codes.md#"".concat(e),t),(0,n.W)({agentIdentifier:null,drained:null,type:""data"",name:""warn"",feature:""warn"",data:{code:e,secondary:t}}))}},993:(e,t,r)=>{""use strict"";r.d(t,{A$:()=>a,ET:()=>o,TZ:()=>s,p_:()=>i});var n=r(860);const i={ERROR:""ERROR"",WARN:""WARN"",INFO:""INFO"",DEBUG:""DEBUG"",TRACE:""TRACE""},a={OFF:0,ERROR:1,WARN:2,INFO:3,DEBUG:4,TRACE:5},o=""log"",s=n.K7.logging},1687:(e,t,r)=>{""use strict"";r.d(t,{Ak:()=>d,Ze:()=>f,x3:()=>u});var n=r(3241),i=r(7836),a=r(3606),o=r(860),s=r(2646);const c={};function d(e,t){const r={staged:!1,priority:o.P3[t]||0};l(e),c[e].get(t)||c[e].set(t,r)}function u(e,t){e&&c[e]&&(c[e].get(t)&&c[e].delete(t),p(e,t,!1),c[e].size&&h(e))}function l(e){if(!e)throw new Error(""agentIdentifier required"");c[e]||(c[e]=new Map)}function f(e="""",t=""feature"",r=!1){if(l(e),!e||!c[e].get(t)||r)return p(e,t);c[e].get(t).staged=!0,h(e)}function h(e){const t=Array.from(c[e]);t.every(([e,t])=>t.staged)&&(t.sort((e,t)=>e[1].priority-t[1].priority),t.forEach(([t])=>{c[e].delete(t),p(e,t)}))}function p(e,t,r=!0){const o=e?i.ee.get(e):i.ee,c=a.i.handlers;if(!o.aborted&&o.backlog&&c){if((0,n.W)({agentIdentifier:e,type:""lifecycle"",name:""drain"",feature:t}),r){const e=o.backlog[t],r=c[t];if(r){for(let t=0;e&&t<e.length;++t)g(e[t],r);Object.entries(r).forEach(([e,t])=>{Object.values(t||{}).forEach(t=>{t[0]?.on&&t[0]?.context()instanceof s.y&&t[0].on(e,t[1])})})}}o.isolatedBacklog||delete c[t],o.backlog[t]=null,o.emit(""drain-""+t,[])}}function g(e,t){var r=e[1];Object.values(t[r]||{}).forEach(t=>{var r=e[0];if(t[0]===r){var n=t[1],i=e[3],a=e[2];n.apply(i,a)}})}},1741:(e,t,r)=>{""use strict"";r.d(t,{W:()=>a});var n=r(944),i=r(4261);class a{#e(e,...t){if(this[e]!==a.prototype[e])return this[e](...t);(0,n.R)(35,e)}addPageAction(e,t){return this.#e(i.hG,e,t)}register(e){return this.#e(i.eY,e)}recordCustomEvent(e,t){return this.#e(i.fF,e,t)}setPageViewName(e,t){return this.#e(i.Fw,e,t)}setCustomAttribute(e,t,r){return this.#e(i.cD,e,t,r)}noticeError(e,t){return this.#e(i.o5,e,t)}setUserId(e){return this.#e(i.",success
jazz,(I Love You) for Sentimental Reasons,Nat King Cole,The World of Nat King Cole,3:04,"240,782","960,911",https://www.last.fm/music/Nat+King+Cole/_/(I+Love+You)+for+Sentimental+Reasons,"
<!DOCTYPE html>

<html class=""no-js playbar-masthead-release-shim youtube-provider-not-ready"" lang=""en"">
<head>
<meta charset=""utf-8""/>
<meta content=""IE=edge"" http-equiv=""X-UA-Compatible""/><script type=""text/javascript"">window.NREUM||(NREUM={});NREUM.info={""beacon"":""bam.nr-data.net"",""errorBeacon"":""bam.nr-data.net"",""licenseKey"":""0ed0ce50b0"",""applicationID"":""5588594"",""transactionName"":""Y1BRbUUFWkMEWxYMV1oadUxZB0BZClZNCV5ZG0RcVUpDRxIWAxVIRxteTEQNVx4TUQcSSxpWUk1WCFtXEF1YMUpVVlgXUAFA"",""queueTime"":0,""applicationTime"":958,""agent"":""""};
(window.NREUM||(NREUM={})).init={ajax:{deny_list:[""bam.nr-data.net""]}};(window.NREUM||(NREUM={})).loader_config={xpid:""UwYPV15QGwYFXFlXDgU="",licenseKey:""0ed0ce50b0"",applicationID:""5588594"",browserID:""5591142""};;/*! For license information please see nr-loader-full-1.302.0.min.js.LICENSE.txt */
(()=>{var e,t,r={384:(e,t,r)=>{""use strict"";r.d(t,{NT:()=>o,US:()=>u,Zm:()=>s,bQ:()=>d,dV:()=>c,pV:()=>l});var n=r(6154),i=r(1863),a=r(1910);const o={beacon:""bam.nr-data.net"",errorBeacon:""bam.nr-data.net""};function s(){return n.gm.NREUM||(n.gm.NREUM={}),void 0===n.gm.newrelic&&(n.gm.newrelic=n.gm.NREUM),n.gm.NREUM}function c(){let e=s();return e.o||(e.o={ST:n.gm.setTimeout,SI:n.gm.setImmediate||n.gm.setInterval,CT:n.gm.clearTimeout,XHR:n.gm.XMLHttpRequest,REQ:n.gm.Request,EV:n.gm.Event,PR:n.gm.Promise,MO:n.gm.MutationObserver,FETCH:n.gm.fetch,WS:n.gm.WebSocket},(0,a.i)(...Object.values(e.o))),e}function d(e,t){let r=s();r.initializedAgents??={},t.initializedAt={ms:(0,i.t)(),date:new Date},r.initializedAgents[e]=t}function u(e,t){s()[e]=t}function l(){return function(){let e=s();const t=e.info||{};e.info={beacon:o.beacon,errorBeacon:o.errorBeacon,...t}}(),function(){let e=s();const t=e.init||{};e.init={...t}}(),c(),function(){let e=s();const t=e.loader_config||{};e.loader_config={...t}}(),s()}},782:(e,t,r)=>{""use strict"";r.d(t,{T:()=>n});const n=r(860).K7.pageViewTiming},860:(e,t,r)=>{""use strict"";r.d(t,{$J:()=>u,K7:()=>c,P3:()=>d,XX:()=>i,Yy:()=>s,df:()=>a,qY:()=>n,v4:()=>o});const n=""events"",i=""jserrors"",a=""browser/blobs"",o=""rum"",s=""browser/logs"",c={ajax:""ajax"",genericEvents:""generic_events"",jserrors:i,logging:""logging"",metrics:""metrics"",pageAction:""page_action"",pageViewEvent:""page_view_event"",pageViewTiming:""page_view_timing"",sessionReplay:""session_replay"",sessionTrace:""session_trace"",softNav:""soft_navigations"",spa:""spa""},d={[c.pageViewEvent]:1,[c.pageViewTiming]:2,[c.metrics]:3,[c.jserrors]:4,[c.spa]:5,[c.ajax]:6,[c.sessionTrace]:7,[c.softNav]:8,[c.sessionReplay]:9,[c.logging]:10,[c.genericEvents]:11},u={[c.pageViewEvent]:o,[c.pageViewTiming]:n,[c.ajax]:n,[c.spa]:n,[c.softNav]:n,[c.metrics]:i,[c.jserrors]:i,[c.sessionTrace]:a,[c.sessionReplay]:a,[c.logging]:s,[c.genericEvents]:""ins""}},944:(e,t,r)=>{""use strict"";r.d(t,{R:()=>i});var n=r(3241);function i(e,t){""function""==typeof console.debug&&(console.debug(""New Relic Warning: https://github.com/newrelic/newrelic-browser-agent/blob/main/docs/warning-codes.md#"".concat(e),t),(0,n.W)({agentIdentifier:null,drained:null,type:""data"",name:""warn"",feature:""warn"",data:{code:e,secondary:t}}))}},993:(e,t,r)=>{""use strict"";r.d(t,{A$:()=>a,ET:()=>o,TZ:()=>s,p_:()=>i});var n=r(860);const i={ERROR:""ERROR"",WARN:""WARN"",INFO:""INFO"",DEBUG:""DEBUG"",TRACE:""TRACE""},a={OFF:0,ERROR:1,WARN:2,INFO:3,DEBUG:4,TRACE:5},o=""log"",s=n.K7.logging},1687:(e,t,r)=>{""use strict"";r.d(t,{Ak:()=>d,Ze:()=>f,x3:()=>u});var n=r(3241),i=r(7836),a=r(3606),o=r(860),s=r(2646);const c={};function d(e,t){const r={staged:!1,priority:o.P3[t]||0};l(e),c[e].get(t)||c[e].set(t,r)}function u(e,t){e&&c[e]&&(c[e].get(t)&&c[e].delete(t),p(e,t,!1),c[e].size&&h(e))}function l(e){if(!e)throw new Error(""agentIdentifier required"");c[e]||(c[e]=new Map)}function f(e="""",t=""feature"",r=!1){if(l(e),!e||!c[e].get(t)||r)return p(e,t);c[e].get(t).staged=!0,h(e)}function h(e){const t=Array.from(c[e]);t.every(([e,t])=>t.staged)&&(t.sort((e,t)=>e[1].priority-t[1].priority),t.forEach(([t])=>{c[e].delete(t),p(e,t)}))}function p(e,t,r=!0){const o=e?i.ee.get(e):i.ee,c=a.i.handlers;if(!o.aborted&&o.backlog&&c){if((0,n.W)({agentIdentifier:e,type:""lifecycle"",name:""drain"",feature:t}),r){const e=o.backlog[t],r=c[t];if(r){for(let t=0;e&&t<e.length;++t)g(e[t],r);Object.entries(r).forEach(([e,t])=>{Object.values(t||{}).forEach(t=>{t[0]?.on&&t[0]?.context()instanceof s.y&&t[0].on(e,t[1])})})}}o.isolatedBacklog||delete c[t],o.backlog[t]=null,o.emit(""drain-""+t,[])}}function g(e,t){var r=e[1];Object.values(t[r]||{}).forEach(t=>{var r=e[0];if(t[0]===r){var n=t[1],i=e[3],a=e[2];n.apply(i,a)}})}},1741:(e,t,r)=>{""use strict"";r.d(t,{W:()=>a});var n=r(944),i=r(4261);class a{#e(e,...t){if(this[e]!==a.prototype[e])return this[e](...t);(0,n.R)(35,e)}addPageAction(e,t){return this.#e(i.hG,e,t)}register(e){return this.#e(i.eY,e)}recordCustomEvent(e,t){return this.#e(i.fF,e,t)}setPageViewName(e,t){return this.#e(i.Fw,e,t)}setCustomAttribute(e,t,r){return this.#e(i.cD,e,t,r)}noticeError(e,t){return this.#e(i.o5,e,t)}setUserId(e){return this.#e(i.",success
jazz,I Put a Spell on You,Nina Simone,Ne me quitte pas,2:35,"825,863","3,986,624",https://www.last.fm/music/Nina+Simone/_/I+Put+a+Spell+on+You,"
<!DOCTYPE html>

<html class=""no-js playbar-masthead-release-shim youtube-provider-not-ready"" lang=""en"">
<head>
<meta charset=""utf-8""/>
<meta content=""IE=edge"" http-equiv=""X-UA-Compatible""/><script type=""text/javascript"">window.NREUM||(NREUM={});NREUM.info={""beacon"":""bam.nr-data.net"",""errorBeacon"":""bam.nr-data.net"",""licenseKey"":""0ed0ce50b0"",""applicationID"":""5588594"",""transactionName"":""Y1BRbUUFWkMEWxYMV1oadUxZB0BZClZNCV5ZG0RcVUpDRxIWAxVIRxteTEQNVx4TUQcSSxpWUk1WCFtXEF1YMUpVVlgXUAFA"",""queueTime"":0,""applicationTime"":819,""agent"":""""};
(window.NREUM||(NREUM={})).init={ajax:{deny_list:[""bam.nr-data.net""]}};(window.NREUM||(NREUM={})).loader_config={xpid:""UwYPV15QGwYFXFlXDgU="",licenseKey:""0ed0ce50b0"",applicationID:""5588594"",browserID:""5591142""};;/*! For license information please see nr-loader-full-1.302.0.min.js.LICENSE.txt */
(()=>{var e,t,r={384:(e,t,r)=>{""use strict"";r.d(t,{NT:()=>o,US:()=>u,Zm:()=>s,bQ:()=>d,dV:()=>c,pV:()=>l});var n=r(6154),i=r(1863),a=r(1910);const o={beacon:""bam.nr-data.net"",errorBeacon:""bam.nr-data.net""};function s(){return n.gm.NREUM||(n.gm.NREUM={}),void 0===n.gm.newrelic&&(n.gm.newrelic=n.gm.NREUM),n.gm.NREUM}function c(){let e=s();return e.o||(e.o={ST:n.gm.setTimeout,SI:n.gm.setImmediate||n.gm.setInterval,CT:n.gm.clearTimeout,XHR:n.gm.XMLHttpRequest,REQ:n.gm.Request,EV:n.gm.Event,PR:n.gm.Promise,MO:n.gm.MutationObserver,FETCH:n.gm.fetch,WS:n.gm.WebSocket},(0,a.i)(...Object.values(e.o))),e}function d(e,t){let r=s();r.initializedAgents??={},t.initializedAt={ms:(0,i.t)(),date:new Date},r.initializedAgents[e]=t}function u(e,t){s()[e]=t}function l(){return function(){let e=s();const t=e.info||{};e.info={beacon:o.beacon,errorBeacon:o.errorBeacon,...t}}(),function(){let e=s();const t=e.init||{};e.init={...t}}(),c(),function(){let e=s();const t=e.loader_config||{};e.loader_config={...t}}(),s()}},782:(e,t,r)=>{""use strict"";r.d(t,{T:()=>n});const n=r(860).K7.pageViewTiming},860:(e,t,r)=>{""use strict"";r.d(t,{$J:()=>u,K7:()=>c,P3:()=>d,XX:()=>i,Yy:()=>s,df:()=>a,qY:()=>n,v4:()=>o});const n=""events"",i=""jserrors"",a=""browser/blobs"",o=""rum"",s=""browser/logs"",c={ajax:""ajax"",genericEvents:""generic_events"",jserrors:i,logging:""logging"",metrics:""metrics"",pageAction:""page_action"",pageViewEvent:""page_view_event"",pageViewTiming:""page_view_timing"",sessionReplay:""session_replay"",sessionTrace:""session_trace"",softNav:""soft_navigations"",spa:""spa""},d={[c.pageViewEvent]:1,[c.pageViewTiming]:2,[c.metrics]:3,[c.jserrors]:4,[c.spa]:5,[c.ajax]:6,[c.sessionTrace]:7,[c.softNav]:8,[c.sessionReplay]:9,[c.logging]:10,[c.genericEvents]:11},u={[c.pageViewEvent]:o,[c.pageViewTiming]:n,[c.ajax]:n,[c.spa]:n,[c.softNav]:n,[c.metrics]:i,[c.jserrors]:i,[c.sessionTrace]:a,[c.sessionReplay]:a,[c.logging]:s,[c.genericEvents]:""ins""}},944:(e,t,r)=>{""use strict"";r.d(t,{R:()=>i});var n=r(3241);function i(e,t){""function""==typeof console.debug&&(console.debug(""New Relic Warning: https://github.com/newrelic/newrelic-browser-agent/blob/main/docs/warning-codes.md#"".concat(e),t),(0,n.W)({agentIdentifier:null,drained:null,type:""data"",name:""warn"",feature:""warn"",data:{code:e,secondary:t}}))}},993:(e,t,r)=>{""use strict"";r.d(t,{A$:()=>a,ET:()=>o,TZ:()=>s,p_:()=>i});var n=r(860);const i={ERROR:""ERROR"",WARN:""WARN"",INFO:""INFO"",DEBUG:""DEBUG"",TRACE:""TRACE""},a={OFF:0,ERROR:1,WARN:2,INFO:3,DEBUG:4,TRACE:5},o=""log"",s=n.K7.logging},1687:(e,t,r)=>{""use strict"";r.d(t,{Ak:()=>d,Ze:()=>f,x3:()=>u});var n=r(3241),i=r(7836),a=r(3606),o=r(860),s=r(2646);const c={};function d(e,t){const r={staged:!1,priority:o.P3[t]||0};l(e),c[e].get(t)||c[e].set(t,r)}function u(e,t){e&&c[e]&&(c[e].get(t)&&c[e].delete(t),p(e,t,!1),c[e].size&&h(e))}function l(e){if(!e)throw new Error(""agentIdentifier required"");c[e]||(c[e]=new Map)}function f(e="""",t=""feature"",r=!1){if(l(e),!e||!c[e].get(t)||r)return p(e,t);c[e].get(t).staged=!0,h(e)}function h(e){const t=Array.from(c[e]);t.every(([e,t])=>t.staged)&&(t.sort((e,t)=>e[1].priority-t[1].priority),t.forEach(([t])=>{c[e].delete(t),p(e,t)}))}function p(e,t,r=!0){const o=e?i.ee.get(e):i.ee,c=a.i.handlers;if(!o.aborted&&o.backlog&&c){if((0,n.W)({agentIdentifier:e,type:""lifecycle"",name:""drain"",feature:t}),r){const e=o.backlog[t],r=c[t];if(r){for(let t=0;e&&t<e.length;++t)g(e[t],r);Object.entries(r).forEach(([e,t])=>{Object.values(t||{}).forEach(t=>{t[0]?.on&&t[0]?.context()instanceof s.y&&t[0].on(e,t[1])})})}}o.isolatedBacklog||delete c[t],o.backlog[t]=null,o.emit(""drain-""+t,[])}}function g(e,t){var r=e[1];Object.values(t[r]||{}).forEach(t=>{var r=e[0];if(t[0]===r){var n=t[1],i=e[3],a=e[2];n.apply(i,a)}})}},1741:(e,t,r)=>{""use strict"";r.d(t,{W:()=>a});var n=r(944),i=r(4261);class a{#e(e,...t){if(this[e]!==a.prototype[e])return this[e](...t);(0,n.R)(35,e)}addPageAction(e,t){return this.#e(i.hG,e,t)}register(e){return this.#e(i.eY,e)}recordCustomEvent(e,t){return this.#e(i.fF,e,t)}setPageViewName(e,t){return this.#e(i.Fw,e,t)}setCustomAttribute(e,t,r){return this.#e(i.cD,e,t,r)}noticeError(e,t){return this.#e(i.o5,e,t)}setUserId(e){return this.#e(i.",success
jazz,Tank!,The Seatbelts,Cowboy Bebop (Original Soundtrack),3:30,"32,854","225,696",https://www.last.fm/music/The+Seatbelts/_/Tank!,"
<!DOCTYPE html>

<html class=""no-js playbar-masthead-release-shim youtube-provider-not-ready"" lang=""en"">
<head>
<meta charset=""utf-8""/>
<meta content=""IE=edge"" http-equiv=""X-UA-Compatible""/><script type=""text/javascript"">window.NREUM||(NREUM={});NREUM.info={""beacon"":""bam.nr-data.net"",""errorBeacon"":""bam.nr-data.net"",""licenseKey"":""0ed0ce50b0"",""applicationID"":""5588594"",""transactionName"":""Y1BRbUUFWkMEWxYMV1oadUxZB0BZClZNCV5ZG0RcVUpDRxIWAxVIRxteTEQNVx4TUQcSSxpWUk1WCFtXEF1YMUpVVlgXUAFA"",""queueTime"":0,""applicationTime"":488,""agent"":""""};
(window.NREUM||(NREUM={})).init={ajax:{deny_list:[""bam.nr-data.net""]}};(window.NREUM||(NREUM={})).loader_config={xpid:""UwYPV15QGwYFXFlXDgU="",licenseKey:""0ed0ce50b0"",applicationID:""5588594"",browserID:""5591142""};;/*! For license information please see nr-loader-full-1.302.0.min.js.LICENSE.txt */
(()=>{var e,t,r={384:(e,t,r)=>{""use strict"";r.d(t,{NT:()=>o,US:()=>u,Zm:()=>s,bQ:()=>d,dV:()=>c,pV:()=>l});var n=r(6154),i=r(1863),a=r(1910);const o={beacon:""bam.nr-data.net"",errorBeacon:""bam.nr-data.net""};function s(){return n.gm.NREUM||(n.gm.NREUM={}),void 0===n.gm.newrelic&&(n.gm.newrelic=n.gm.NREUM),n.gm.NREUM}function c(){let e=s();return e.o||(e.o={ST:n.gm.setTimeout,SI:n.gm.setImmediate||n.gm.setInterval,CT:n.gm.clearTimeout,XHR:n.gm.XMLHttpRequest,REQ:n.gm.Request,EV:n.gm.Event,PR:n.gm.Promise,MO:n.gm.MutationObserver,FETCH:n.gm.fetch,WS:n.gm.WebSocket},(0,a.i)(...Object.values(e.o))),e}function d(e,t){let r=s();r.initializedAgents??={},t.initializedAt={ms:(0,i.t)(),date:new Date},r.initializedAgents[e]=t}function u(e,t){s()[e]=t}function l(){return function(){let e=s();const t=e.info||{};e.info={beacon:o.beacon,errorBeacon:o.errorBeacon,...t}}(),function(){let e=s();const t=e.init||{};e.init={...t}}(),c(),function(){let e=s();const t=e.loader_config||{};e.loader_config={...t}}(),s()}},782:(e,t,r)=>{""use strict"";r.d(t,{T:()=>n});const n=r(860).K7.pageViewTiming},860:(e,t,r)=>{""use strict"";r.d(t,{$J:()=>u,K7:()=>c,P3:()=>d,XX:()=>i,Yy:()=>s,df:()=>a,qY:()=>n,v4:()=>o});const n=""events"",i=""jserrors"",a=""browser/blobs"",o=""rum"",s=""browser/logs"",c={ajax:""ajax"",genericEvents:""generic_events"",jserrors:i,logging:""logging"",metrics:""metrics"",pageAction:""page_action"",pageViewEvent:""page_view_event"",pageViewTiming:""page_view_timing"",sessionReplay:""session_replay"",sessionTrace:""session_trace"",softNav:""soft_navigations"",spa:""spa""},d={[c.pageViewEvent]:1,[c.pageViewTiming]:2,[c.metrics]:3,[c.jserrors]:4,[c.spa]:5,[c.ajax]:6,[c.sessionTrace]:7,[c.softNav]:8,[c.sessionReplay]:9,[c.logging]:10,[c.genericEvents]:11},u={[c.pageViewEvent]:o,[c.pageViewTiming]:n,[c.ajax]:n,[c.spa]:n,[c.softNav]:n,[c.metrics]:i,[c.jserrors]:i,[c.sessionTrace]:a,[c.sessionReplay]:a,[c.logging]:s,[c.genericEvents]:""ins""}},944:(e,t,r)=>{""use strict"";r.d(t,{R:()=>i});var n=r(3241);function i(e,t){""function""==typeof console.debug&&(console.debug(""New Relic Warning: https://github.com/newrelic/newrelic-browser-agent/blob/main/docs/warning-codes.md#"".concat(e),t),(0,n.W)({agentIdentifier:null,drained:null,type:""data"",name:""warn"",feature:""warn"",data:{code:e,secondary:t}}))}},993:(e,t,r)=>{""use strict"";r.d(t,{A$:()=>a,ET:()=>o,TZ:()=>s,p_:()=>i});var n=r(860);const i={ERROR:""ERROR"",WARN:""WARN"",INFO:""INFO"",DEBUG:""DEBUG"",TRACE:""TRACE""},a={OFF:0,ERROR:1,WARN:2,INFO:3,DEBUG:4,TRACE:5},o=""log"",s=n.K7.logging},1687:(e,t,r)=>{""use strict"";r.d(t,{Ak:()=>d,Ze:()=>f,x3:()=>u});var n=r(3241),i=r(7836),a=r(3606),o=r(860),s=r(2646);const c={};function d(e,t){const r={staged:!1,priority:o.P3[t]||0};l(e),c[e].get(t)||c[e].set(t,r)}function u(e,t){e&&c[e]&&(c[e].get(t)&&c[e].delete(t),p(e,t,!1),c[e].size&&h(e))}function l(e){if(!e)throw new Error(""agentIdentifier required"");c[e]||(c[e]=new Map)}function f(e="""",t=""feature"",r=!1){if(l(e),!e||!c[e].get(t)||r)return p(e,t);c[e].get(t).staged=!0,h(e)}function h(e){const t=Array.from(c[e]);t.every(([e,t])=>t.staged)&&(t.sort((e,t)=>e[1].priority-t[1].priority),t.forEach(([t])=>{c[e].delete(t),p(e,t)}))}function p(e,t,r=!0){const o=e?i.ee.get(e):i.ee,c=a.i.handlers;if(!o.aborted&&o.backlog&&c){if((0,n.W)({agentIdentifier:e,type:""lifecycle"",name:""drain"",feature:t}),r){const e=o.backlog[t],r=c[t];if(r){for(let t=0;e&&t<e.length;++t)g(e[t],r);Object.entries(r).forEach(([e,t])=>{Object.values(t||{}).forEach(t=>{t[0]?.on&&t[0]?.context()instanceof s.y&&t[0].on(e,t[1])})})}}o.isolatedBacklog||delete c[t],o.backlog[t]=null,o.emit(""drain-""+t,[])}}function g(e,t){var r=e[1];Object.values(t[r]||{}).forEach(t=>{var r=e[0];if(t[0]===r){var n=t[1],i=e[3],a=e[2];n.apply(i,a)}})}},1741:(e,t,r)=>{""use strict"";r.d(t,{W:()=>a});var n=r(944),i=r(4261);class a{#e(e,...t){if(this[e]!==a.prototype[e])return this[e](...t);(0,n.R)(35,e)}addPageAction(e,t){return this.#e(i.hG,e,t)}register(e){return this.#e(i.eY,e)}recordCustomEvent(e,t){return this.#e(i.fF,e,t)}setPageViewName(e,t){return this.#e(i.Fw,e,t)}setCustomAttribute(e,t,r){return this.#e(i.cD,e,t,r)}noticeError(e,t){return this.#e(i.o5,e,t)}setUserId(e){return this.#e(i.",success
jazz,N/A,N/A,N/A,N/A,N/A,N/A,https://www.last.fm/music/Etta+James/_/At+Last,N/A,502_error
jazz,N/A,N/A,N/A,N/A,N/A,N/A,https://www.last.fm/music/Chet+Baker/_/That+Old+Feeling,N/A,502_error
jazz,N/A,N/A,N/A,N/A,N/A,N/A,https://www.last.fm/music/Miles+Davis+Quintet/_/It+Never+Entered+My+Mind,N/A,502_error
jazz,Blue Moon,Billie Holiday,The Complete Ella Fitzgerald Song Books,3:20,"478,234","1,893,430",https://www.last.fm/music/Billie+Holiday/_/Blue+Moon,"
<!DOCTYPE html>

<html class=""no-js playbar-masthead-release-shim youtube-provider-not-ready"" lang=""en"">
<head>
<meta charset=""utf-8""/>
<meta content=""IE=edge"" http-equiv=""X-UA-Compatible""/><script type=""text/javascript"">window.NREUM||(NREUM={});NREUM.info={""beacon"":""bam.nr-data.net"",""errorBeacon"":""bam.nr-data.net"",""licenseKey"":""0ed0ce50b0"",""applicationID"":""5588594"",""transactionName"":""Y1BRbUUFWkMEWxYMV1oadUxZB0BZClZNCV5ZG0RcVUpDRxIWAxVIRxteTEQNVx4TUQcSSxpWUk1WCFtXEF1YMUpVVlgXUAFA"",""queueTime"":0,""applicationTime"":1132,""agent"":""""};
(window.NREUM||(NREUM={})).init={ajax:{deny_list:[""bam.nr-data.net""]}};(window.NREUM||(NREUM={})).loader_config={xpid:""UwYPV15QGwYFXFlXDgU="",licenseKey:""0ed0ce50b0"",applicationID:""5588594"",browserID:""5591142""};;/*! For license information please see nr-loader-full-1.302.0.min.js.LICENSE.txt */
(()=>{var e,t,r={384:(e,t,r)=>{""use strict"";r.d(t,{NT:()=>o,US:()=>u,Zm:()=>s,bQ:()=>d,dV:()=>c,pV:()=>l});var n=r(6154),i=r(1863),a=r(1910);const o={beacon:""bam.nr-data.net"",errorBeacon:""bam.nr-data.net""};function s(){return n.gm.NREUM||(n.gm.NREUM={}),void 0===n.gm.newrelic&&(n.gm.newrelic=n.gm.NREUM),n.gm.NREUM}function c(){let e=s();return e.o||(e.o={ST:n.gm.setTimeout,SI:n.gm.setImmediate||n.gm.setInterval,CT:n.gm.clearTimeout,XHR:n.gm.XMLHttpRequest,REQ:n.gm.Request,EV:n.gm.Event,PR:n.gm.Promise,MO:n.gm.MutationObserver,FETCH:n.gm.fetch,WS:n.gm.WebSocket},(0,a.i)(...Object.values(e.o))),e}function d(e,t){let r=s();r.initializedAgents??={},t.initializedAt={ms:(0,i.t)(),date:new Date},r.initializedAgents[e]=t}function u(e,t){s()[e]=t}function l(){return function(){let e=s();const t=e.info||{};e.info={beacon:o.beacon,errorBeacon:o.errorBeacon,...t}}(),function(){let e=s();const t=e.init||{};e.init={...t}}(),c(),function(){let e=s();const t=e.loader_config||{};e.loader_config={...t}}(),s()}},782:(e,t,r)=>{""use strict"";r.d(t,{T:()=>n});const n=r(860).K7.pageViewTiming},860:(e,t,r)=>{""use strict"";r.d(t,{$J:()=>u,K7:()=>c,P3:()=>d,XX:()=>i,Yy:()=>s,df:()=>a,qY:()=>n,v4:()=>o});const n=""events"",i=""jserrors"",a=""browser/blobs"",o=""rum"",s=""browser/logs"",c={ajax:""ajax"",genericEvents:""generic_events"",jserrors:i,logging:""logging"",metrics:""metrics"",pageAction:""page_action"",pageViewEvent:""page_view_event"",pageViewTiming:""page_view_timing"",sessionReplay:""session_replay"",sessionTrace:""session_trace"",softNav:""soft_navigations"",spa:""spa""},d={[c.pageViewEvent]:1,[c.pageViewTiming]:2,[c.metrics]:3,[c.jserrors]:4,[c.spa]:5,[c.ajax]:6,[c.sessionTrace]:7,[c.softNav]:8,[c.sessionReplay]:9,[c.logging]:10,[c.genericEvents]:11},u={[c.pageViewEvent]:o,[c.pageViewTiming]:n,[c.ajax]:n,[c.spa]:n,[c.softNav]:n,[c.metrics]:i,[c.jserrors]:i,[c.sessionTrace]:a,[c.sessionReplay]:a,[c.logging]:s,[c.genericEvents]:""ins""}},944:(e,t,r)=>{""use strict"";r.d(t,{R:()=>i});var n=r(3241);function i(e,t){""function""==typeof console.debug&&(console.debug(""New Relic Warning: https://github.com/newrelic/newrelic-browser-agent/blob/main/docs/warning-codes.md#"".concat(e),t),(0,n.W)({agentIdentifier:null,drained:null,type:""data"",name:""warn"",feature:""warn"",data:{code:e,secondary:t}}))}},993:(e,t,r)=>{""use strict"";r.d(t,{A$:()=>a,ET:()=>o,TZ:()=>s,p_:()=>i});var n=r(860);const i={ERROR:""ERROR"",WARN:""WARN"",INFO:""INFO"",DEBUG:""DEBUG"",TRACE:""TRACE""},a={OFF:0,ERROR:1,WARN:2,INFO:3,DEBUG:4,TRACE:5},o=""log"",s=n.K7.logging},1687:(e,t,r)=>{""use strict"";r.d(t,{Ak:()=>d,Ze:()=>f,x3:()=>u});var n=r(3241),i=r(7836),a=r(3606),o=r(860),s=r(2646);const c={};function d(e,t){const r={staged:!1,priority:o.P3[t]||0};l(e),c[e].get(t)||c[e].set(t,r)}function u(e,t){e&&c[e]&&(c[e].get(t)&&c[e].delete(t),p(e,t,!1),c[e].size&&h(e))}function l(e){if(!e)throw new Error(""agentIdentifier required"");c[e]||(c[e]=new Map)}function f(e="""",t=""feature"",r=!1){if(l(e),!e||!c[e].get(t)||r)return p(e,t);c[e].get(t).staged=!0,h(e)}function h(e){const t=Array.from(c[e]);t.every(([e,t])=>t.staged)&&(t.sort((e,t)=>e[1].priority-t[1].priority),t.forEach(([t])=>{c[e].delete(t),p(e,t)}))}function p(e,t,r=!0){const o=e?i.ee.get(e):i.ee,c=a.i.handlers;if(!o.aborted&&o.backlog&&c){if((0,n.W)({agentIdentifier:e,type:""lifecycle"",name:""drain"",feature:t}),r){const e=o.backlog[t],r=c[t];if(r){for(let t=0;e&&t<e.length;++t)g(e[t],r);Object.entries(r).forEach(([e,t])=>{Object.values(t||{}).forEach(t=>{t[0]?.on&&t[0]?.context()instanceof s.y&&t[0].on(e,t[1])})})}}o.isolatedBacklog||delete c[t],o.backlog[t]=null,o.emit(""drain-""+t,[])}}function g(e,t){var r=e[1];Object.values(t[r]||{}).forEach(t=>{var r=e[0];if(t[0]===r){var n=t[1],i=e[3],a=e[2];n.apply(i,a)}})}},1741:(e,t,r)=>{""use strict"";r.d(t,{W:()=>a});var n=r(944),i=r(4261);class a{#e(e,...t){if(this[e]!==a.prototype[e])return this[e](...t);(0,n.R)(35,e)}addPageAction(e,t){return this.#e(i.hG,e,t)}register(e){return this.#e(i.eY,e)}recordCustomEvent(e,t){return this.#e(i.fF,e,t)}setPageViewName(e,t){return this.#e(i.Fw,e,t)}setCustomAttribute(e,t,r){return this.#e(i.cD,e,t,r)}noticeError(e,t){return this.#e(i.o5,e,t)}setUserId(e){return this.#e(i",success
jazz,Tears Dry on Their Own,Amy Winehouse,Back to Black,3:16,"1,586,380","14,589,761",https://www.last.fm/music/Amy+Winehouse/_/Tears+Dry+on+Their+Own,"
<!DOCTYPE html>

<html class=""no-js playbar-masthead-release-shim youtube-provider-not-ready"" lang=""en"">
<head>
<meta charset=""utf-8""/>
<meta content=""IE=edge"" http-equiv=""X-UA-Compatible""/><script type=""text/javascript"">window.NREUM||(NREUM={});NREUM.info={""beacon"":""bam.nr-data.net"",""errorBeacon"":""bam.nr-data.net"",""licenseKey"":""0ed0ce50b0"",""applicationID"":""5588594"",""transactionName"":""Y1BRbUUFWkMEWxYMV1oadUxZB0BZClZNCV5ZG0RcVUpDRxIWAxVIRxteTEQNVx4TUQcSSxpWUk1WCFtXEF1YMUpVVlgXUAFA"",""queueTime"":0,""applicationTime"":1097,""agent"":""""};
(window.NREUM||(NREUM={})).init={ajax:{deny_list:[""bam.nr-data.net""]}};(window.NREUM||(NREUM={})).loader_config={xpid:""UwYPV15QGwYFXFlXDgU="",licenseKey:""0ed0ce50b0"",applicationID:""5588594"",browserID:""5591142""};;/*! For license information please see nr-loader-full-1.302.0.min.js.LICENSE.txt */
(()=>{var e,t,r={384:(e,t,r)=>{""use strict"";r.d(t,{NT:()=>o,US:()=>u,Zm:()=>s,bQ:()=>d,dV:()=>c,pV:()=>l});var n=r(6154),i=r(1863),a=r(1910);const o={beacon:""bam.nr-data.net"",errorBeacon:""bam.nr-data.net""};function s(){return n.gm.NREUM||(n.gm.NREUM={}),void 0===n.gm.newrelic&&(n.gm.newrelic=n.gm.NREUM),n.gm.NREUM}function c(){let e=s();return e.o||(e.o={ST:n.gm.setTimeout,SI:n.gm.setImmediate||n.gm.setInterval,CT:n.gm.clearTimeout,XHR:n.gm.XMLHttpRequest,REQ:n.gm.Request,EV:n.gm.Event,PR:n.gm.Promise,MO:n.gm.MutationObserver,FETCH:n.gm.fetch,WS:n.gm.WebSocket},(0,a.i)(...Object.values(e.o))),e}function d(e,t){let r=s();r.initializedAgents??={},t.initializedAt={ms:(0,i.t)(),date:new Date},r.initializedAgents[e]=t}function u(e,t){s()[e]=t}function l(){return function(){let e=s();const t=e.info||{};e.info={beacon:o.beacon,errorBeacon:o.errorBeacon,...t}}(),function(){let e=s();const t=e.init||{};e.init={...t}}(),c(),function(){let e=s();const t=e.loader_config||{};e.loader_config={...t}}(),s()}},782:(e,t,r)=>{""use strict"";r.d(t,{T:()=>n});const n=r(860).K7.pageViewTiming},860:(e,t,r)=>{""use strict"";r.d(t,{$J:()=>u,K7:()=>c,P3:()=>d,XX:()=>i,Yy:()=>s,df:()=>a,qY:()=>n,v4:()=>o});const n=""events"",i=""jserrors"",a=""browser/blobs"",o=""rum"",s=""browser/logs"",c={ajax:""ajax"",genericEvents:""generic_events"",jserrors:i,logging:""logging"",metrics:""metrics"",pageAction:""page_action"",pageViewEvent:""page_view_event"",pageViewTiming:""page_view_timing"",sessionReplay:""session_replay"",sessionTrace:""session_trace"",softNav:""soft_navigations"",spa:""spa""},d={[c.pageViewEvent]:1,[c.pageViewTiming]:2,[c.metrics]:3,[c.jserrors]:4,[c.spa]:5,[c.ajax]:6,[c.sessionTrace]:7,[c.softNav]:8,[c.sessionReplay]:9,[c.logging]:10,[c.genericEvents]:11},u={[c.pageViewEvent]:o,[c.pageViewTiming]:n,[c.ajax]:n,[c.spa]:n,[c.softNav]:n,[c.metrics]:i,[c.jserrors]:i,[c.sessionTrace]:a,[c.sessionReplay]:a,[c.logging]:s,[c.genericEvents]:""ins""}},944:(e,t,r)=>{""use strict"";r.d(t,{R:()=>i});var n=r(3241);function i(e,t){""function""==typeof console.debug&&(console.debug(""New Relic Warning: https://github.com/newrelic/newrelic-browser-agent/blob/main/docs/warning-codes.md#"".concat(e),t),(0,n.W)({agentIdentifier:null,drained:null,type:""data"",name:""warn"",feature:""warn"",data:{code:e,secondary:t}}))}},993:(e,t,r)=>{""use strict"";r.d(t,{A$:()=>a,ET:()=>o,TZ:()=>s,p_:()=>i});var n=r(860);const i={ERROR:""ERROR"",WARN:""WARN"",INFO:""INFO"",DEBUG:""DEBUG"",TRACE:""TRACE""},a={OFF:0,ERROR:1,WARN:2,INFO:3,DEBUG:4,TRACE:5},o=""log"",s=n.K7.logging},1687:(e,t,r)=>{""use strict"";r.d(t,{Ak:()=>d,Ze:()=>f,x3:()=>u});var n=r(3241),i=r(7836),a=r(3606),o=r(860),s=r(2646);const c={};function d(e,t){const r={staged:!1,priority:o.P3[t]||0};l(e),c[e].get(t)||c[e].set(t,r)}function u(e,t){e&&c[e]&&(c[e].get(t)&&c[e].delete(t),p(e,t,!1),c[e].size&&h(e))}function l(e){if(!e)throw new Error(""agentIdentifier required"");c[e]||(c[e]=new Map)}function f(e="""",t=""feature"",r=!1){if(l(e),!e||!c[e].get(t)||r)return p(e,t);c[e].get(t).staged=!0,h(e)}function h(e){const t=Array.from(c[e]);t.every(([e,t])=>t.staged)&&(t.sort((e,t)=>e[1].priority-t[1].priority),t.forEach(([t])=>{c[e].delete(t),p(e,t)}))}function p(e,t,r=!0){const o=e?i.ee.get(e):i.ee,c=a.i.handlers;if(!o.aborted&&o.backlog&&c){if((0,n.W)({agentIdentifier:e,type:""lifecycle"",name:""drain"",feature:t}),r){const e=o.backlog[t],r=c[t];if(r){for(let t=0;e&&t<e.length;++t)g(e[t],r);Object.entries(r).forEach(([e,t])=>{Object.values(t||{}).forEach(t=>{t[0]?.on&&t[0]?.context()instanceof s.y&&t[0].on(e,t[1])})})}}o.isolatedBacklog||delete c[t],o.backlog[t]=null,o.emit(""drain-""+t,[])}}function g(e,t){var r=e[1];Object.values(t[r]||{}).forEach(t=>{var r=e[0];if(t[0]===r){var n=t[1],i=e[3],a=e[2];n.apply(i,a)}})}},1741:(e,t,r)=>{""use strict"";r.d(t,{W:()=>a});var n=r(944),i=r(4261);class a{#e(e,...t){if(this[e]!==a.prototype[e])return this[e](...t);(0,n.R)(35,e)}addPageAction(e,t){return this.#e(i.hG,e,t)}register(e){return this.#e(i.eY,e)}recordCustomEvent(e,t){return this.#e(i.fF,e,t)}setPageViewName(e,t){return this.#e(i.Fw,e,t)}setCustomAttribute(e,t,r){return this.#e(i.cD,e,t,r)}noticeError(e,t){return this.#e(i.o5,e,t)}setUserId(e){return this.#e(i",success
jazz,N/A,N/A,N/A,N/A,N/A,N/A,https://www.last.fm/music/Norah+Jones/_/Sunrise,N/A,502_error
jazz,N/A,N/A,N/A,N/A,N/A,N/A,https://www.last.fm/music/Stan+Getz/_/The+Girl+From+Ipanema,N/A,502_error
jazz,N/A,N/A,N/A,N/A,N/A,N/A,https://www.last.fm/music/John+Coltrane+Quartet/_/Say+It+(Over+And+Over+Again),N/A,502_error
jazz,N/A,N/A,N/A,N/A,N/A,N/A,https://www.last.fm/music/Frank+Sinatra/_/Fly+Me+to+the+Moon+(In+Other+Words),N/A,502_error
jazz,Corcovado (Quiet Nights Of Quiet Stars),Stan Getz,Bossa Nova,4:17,"385,189","1,721,150",https://www.last.fm/music/Stan+Getz/_/Corcovado+(Quiet+Nights+Of+Quiet+Stars),"
<!DOCTYPE html>

<html class=""no-js playbar-masthead-release-shim youtube-provider-not-ready"" lang=""en"">
<head>
<meta charset=""utf-8""/>
<meta content=""IE=edge"" http-equiv=""X-UA-Compatible""/><script type=""text/javascript"">window.NREUM||(NREUM={});NREUM.info={""beacon"":""bam.nr-data.net"",""errorBeacon"":""bam.nr-data.net"",""licenseKey"":""0ed0ce50b0"",""applicationID"":""5588594"",""transactionName"":""Y1BRbUUFWkMEWxYMV1oadUxZB0BZClZNCV5ZG0RcVUpDRxIWAxVIRxteTEQNVx4TUQcSSxpWUk1WCFtXEF1YMUpVVlgXUAFA"",""queueTime"":0,""applicationTime"":1029,""agent"":""""};
(window.NREUM||(NREUM={})).init={ajax:{deny_list:[""bam.nr-data.net""]}};(window.NREUM||(NREUM={})).loader_config={xpid:""UwYPV15QGwYFXFlXDgU="",licenseKey:""0ed0ce50b0"",applicationID:""5588594"",browserID:""5591142""};;/*! For license information please see nr-loader-full-1.302.0.min.js.LICENSE.txt */
(()=>{var e,t,r={384:(e,t,r)=>{""use strict"";r.d(t,{NT:()=>o,US:()=>u,Zm:()=>s,bQ:()=>d,dV:()=>c,pV:()=>l});var n=r(6154),i=r(1863),a=r(1910);const o={beacon:""bam.nr-data.net"",errorBeacon:""bam.nr-data.net""};function s(){return n.gm.NREUM||(n.gm.NREUM={}),void 0===n.gm.newrelic&&(n.gm.newrelic=n.gm.NREUM),n.gm.NREUM}function c(){let e=s();return e.o||(e.o={ST:n.gm.setTimeout,SI:n.gm.setImmediate||n.gm.setInterval,CT:n.gm.clearTimeout,XHR:n.gm.XMLHttpRequest,REQ:n.gm.Request,EV:n.gm.Event,PR:n.gm.Promise,MO:n.gm.MutationObserver,FETCH:n.gm.fetch,WS:n.gm.WebSocket},(0,a.i)(...Object.values(e.o))),e}function d(e,t){let r=s();r.initializedAgents??={},t.initializedAt={ms:(0,i.t)(),date:new Date},r.initializedAgents[e]=t}function u(e,t){s()[e]=t}function l(){return function(){let e=s();const t=e.info||{};e.info={beacon:o.beacon,errorBeacon:o.errorBeacon,...t}}(),function(){let e=s();const t=e.init||{};e.init={...t}}(),c(),function(){let e=s();const t=e.loader_config||{};e.loader_config={...t}}(),s()}},782:(e,t,r)=>{""use strict"";r.d(t,{T:()=>n});const n=r(860).K7.pageViewTiming},860:(e,t,r)=>{""use strict"";r.d(t,{$J:()=>u,K7:()=>c,P3:()=>d,XX:()=>i,Yy:()=>s,df:()=>a,qY:()=>n,v4:()=>o});const n=""events"",i=""jserrors"",a=""browser/blobs"",o=""rum"",s=""browser/logs"",c={ajax:""ajax"",genericEvents:""generic_events"",jserrors:i,logging:""logging"",metrics:""metrics"",pageAction:""page_action"",pageViewEvent:""page_view_event"",pageViewTiming:""page_view_timing"",sessionReplay:""session_replay"",sessionTrace:""session_trace"",softNav:""soft_navigations"",spa:""spa""},d={[c.pageViewEvent]:1,[c.pageViewTiming]:2,[c.metrics]:3,[c.jserrors]:4,[c.spa]:5,[c.ajax]:6,[c.sessionTrace]:7,[c.softNav]:8,[c.sessionReplay]:9,[c.logging]:10,[c.genericEvents]:11},u={[c.pageViewEvent]:o,[c.pageViewTiming]:n,[c.ajax]:n,[c.spa]:n,[c.softNav]:n,[c.metrics]:i,[c.jserrors]:i,[c.sessionTrace]:a,[c.sessionReplay]:a,[c.logging]:s,[c.genericEvents]:""ins""}},944:(e,t,r)=>{""use strict"";r.d(t,{R:()=>i});var n=r(3241);function i(e,t){""function""==typeof console.debug&&(console.debug(""New Relic Warning: https://github.com/newrelic/newrelic-browser-agent/blob/main/docs/warning-codes.md#"".concat(e),t),(0,n.W)({agentIdentifier:null,drained:null,type:""data"",name:""warn"",feature:""warn"",data:{code:e,secondary:t}}))}},993:(e,t,r)=>{""use strict"";r.d(t,{A$:()=>a,ET:()=>o,TZ:()=>s,p_:()=>i});var n=r(860);const i={ERROR:""ERROR"",WARN:""WARN"",INFO:""INFO"",DEBUG:""DEBUG"",TRACE:""TRACE""},a={OFF:0,ERROR:1,WARN:2,INFO:3,DEBUG:4,TRACE:5},o=""log"",s=n.K7.logging},1687:(e,t,r)=>{""use strict"";r.d(t,{Ak:()=>d,Ze:()=>f,x3:()=>u});var n=r(3241),i=r(7836),a=r(3606),o=r(860),s=r(2646);const c={};function d(e,t){const r={staged:!1,priority:o.P3[t]||0};l(e),c[e].get(t)||c[e].set(t,r)}function u(e,t){e&&c[e]&&(c[e].get(t)&&c[e].delete(t),p(e,t,!1),c[e].size&&h(e))}function l(e){if(!e)throw new Error(""agentIdentifier required"");c[e]||(c[e]=new Map)}function f(e="""",t=""feature"",r=!1){if(l(e),!e||!c[e].get(t)||r)return p(e,t);c[e].get(t).staged=!0,h(e)}function h(e){const t=Array.from(c[e]);t.every(([e,t])=>t.staged)&&(t.sort((e,t)=>e[1].priority-t[1].priority),t.forEach(([t])=>{c[e].delete(t),p(e,t)}))}function p(e,t,r=!0){const o=e?i.ee.get(e):i.ee,c=a.i.handlers;if(!o.aborted&&o.backlog&&c){if((0,n.W)({agentIdentifier:e,type:""lifecycle"",name:""drain"",feature:t}),r){const e=o.backlog[t],r=c[t];if(r){for(let t=0;e&&t<e.length;++t)g(e[t],r);Object.entries(r).forEach(([e,t])=>{Object.values(t||{}).forEach(t=>{t[0]?.on&&t[0]?.context()instanceof s.y&&t[0].on(e,t[1])})})}}o.isolatedBacklog||delete c[t],o.backlog[t]=null,o.emit(""drain-""+t,[])}}function g(e,t){var r=e[1];Object.values(t[r]||{}).forEach(t=>{var r=e[0];if(t[0]===r){var n=t[1],i=e[3],a=e[2];n.apply(i,a)}})}},1741:(e,t,r)=>{""use strict"";r.d(t,{W:()=>a});var n=r(944),i=r(4261);class a{#e(e,...t){if(this[e]!==a.prototype[e])return this[e](...t);(0,n.R)(35,e)}addPageAction(e,t){return this.#e(i.hG,e,t)}register(e){return this.#e(i.eY,e)}recordCustomEvent(e,t){return this.#e(i.fF,e,t)}setPageViewName(e,t){return this.#e(i.Fw,e,t)}setCustomAttribute(e,t,r){return this.#e(i.cD,e,t,r)}noticeError(e,t){return this.#e(i.o5,e,t)}setUserId(e){return this.#e(i",success
jazz,N/A,N/A,N/A,N/A,N/A,N/A,https://www.last.fm/music/Art+Blakey+&+The+Jazz+Messengers/_/Moanin%27,N/A,502_error
jazz,N/A,N/A,N/A,N/A,N/A,N/A,https://www.last.fm/music/Amy+Winehouse/_/Rehab,N/A,502_error
jazz,N/A,N/A,N/A,N/A,N/A,N/A,https://www.last.fm/music/Nat+King+Cole/_/Unforgettable,N/A,502_error
jazz,N/A,N/A,N/A,N/A,N/A,N/A,https://www.last.fm/music/John+Coltrane+Quartet/_/It%27s+Easy+To+Remember,N/A,502_error
jazz,N/A,N/A,N/A,N/A,N/A,N/A,https://www.last.fm/music/Radiohead/_/Life+in+a+Glasshouse,N/A,502_error
jazz,I'm in the Mood for Love,Julie London,Time for Love: The Best of Julie London,2:29,"329,303","1,338,182",https://www.last.fm/music/Julie+London/_/I%27m+in+the+Mood+for+Love,"
<!DOCTYPE html>

<html class=""no-js playbar-masthead-release-shim youtube-provider-not-ready"" lang=""en"">
<head>
<meta charset=""utf-8""/>
<meta content=""IE=edge"" http-equiv=""X-UA-Compatible""/><script type=""text/javascript"">window.NREUM||(NREUM={});NREUM.info={""beacon"":""bam.nr-data.net"",""errorBeacon"":""bam.nr-data.net"",""licenseKey"":""0ed0ce50b0"",""applicationID"":""5588594"",""transactionName"":""Y1BRbUUFWkMEWxYMV1oadUxZB0BZClZNCV5ZG0RcVUpDRxIWAxVIRxteTEQNVx4TUQcSSxpWUk1WCFtXEF1YMUpVVlgXUAFA"",""queueTime"":0,""applicationTime"":1765,""agent"":""""};
(window.NREUM||(NREUM={})).init={ajax:{deny_list:[""bam.nr-data.net""]}};(window.NREUM||(NREUM={})).loader_config={xpid:""UwYPV15QGwYFXFlXDgU="",licenseKey:""0ed0ce50b0"",applicationID:""5588594"",browserID:""5591142""};;/*! For license information please see nr-loader-full-1.302.0.min.js.LICENSE.txt */
(()=>{var e,t,r={384:(e,t,r)=>{""use strict"";r.d(t,{NT:()=>o,US:()=>u,Zm:()=>s,bQ:()=>d,dV:()=>c,pV:()=>l});var n=r(6154),i=r(1863),a=r(1910);const o={beacon:""bam.nr-data.net"",errorBeacon:""bam.nr-data.net""};function s(){return n.gm.NREUM||(n.gm.NREUM={}),void 0===n.gm.newrelic&&(n.gm.newrelic=n.gm.NREUM),n.gm.NREUM}function c(){let e=s();return e.o||(e.o={ST:n.gm.setTimeout,SI:n.gm.setImmediate||n.gm.setInterval,CT:n.gm.clearTimeout,XHR:n.gm.XMLHttpRequest,REQ:n.gm.Request,EV:n.gm.Event,PR:n.gm.Promise,MO:n.gm.MutationObserver,FETCH:n.gm.fetch,WS:n.gm.WebSocket},(0,a.i)(...Object.values(e.o))),e}function d(e,t){let r=s();r.initializedAgents??={},t.initializedAt={ms:(0,i.t)(),date:new Date},r.initializedAgents[e]=t}function u(e,t){s()[e]=t}function l(){return function(){let e=s();const t=e.info||{};e.info={beacon:o.beacon,errorBeacon:o.errorBeacon,...t}}(),function(){let e=s();const t=e.init||{};e.init={...t}}(),c(),function(){let e=s();const t=e.loader_config||{};e.loader_config={...t}}(),s()}},782:(e,t,r)=>{""use strict"";r.d(t,{T:()=>n});const n=r(860).K7.pageViewTiming},860:(e,t,r)=>{""use strict"";r.d(t,{$J:()=>u,K7:()=>c,P3:()=>d,XX:()=>i,Yy:()=>s,df:()=>a,qY:()=>n,v4:()=>o});const n=""events"",i=""jserrors"",a=""browser/blobs"",o=""rum"",s=""browser/logs"",c={ajax:""ajax"",genericEvents:""generic_events"",jserrors:i,logging:""logging"",metrics:""metrics"",pageAction:""page_action"",pageViewEvent:""page_view_event"",pageViewTiming:""page_view_timing"",sessionReplay:""session_replay"",sessionTrace:""session_trace"",softNav:""soft_navigations"",spa:""spa""},d={[c.pageViewEvent]:1,[c.pageViewTiming]:2,[c.metrics]:3,[c.jserrors]:4,[c.spa]:5,[c.ajax]:6,[c.sessionTrace]:7,[c.softNav]:8,[c.sessionReplay]:9,[c.logging]:10,[c.genericEvents]:11},u={[c.pageViewEvent]:o,[c.pageViewTiming]:n,[c.ajax]:n,[c.spa]:n,[c.softNav]:n,[c.metrics]:i,[c.jserrors]:i,[c.sessionTrace]:a,[c.sessionReplay]:a,[c.logging]:s,[c.genericEvents]:""ins""}},944:(e,t,r)=>{""use strict"";r.d(t,{R:()=>i});var n=r(3241);function i(e,t){""function""==typeof console.debug&&(console.debug(""New Relic Warning: https://github.com/newrelic/newrelic-browser-agent/blob/main/docs/warning-codes.md#"".concat(e),t),(0,n.W)({agentIdentifier:null,drained:null,type:""data"",name:""warn"",feature:""warn"",data:{code:e,secondary:t}}))}},993:(e,t,r)=>{""use strict"";r.d(t,{A$:()=>a,ET:()=>o,TZ:()=>s,p_:()=>i});var n=r(860);const i={ERROR:""ERROR"",WARN:""WARN"",INFO:""INFO"",DEBUG:""DEBUG"",TRACE:""TRACE""},a={OFF:0,ERROR:1,WARN:2,INFO:3,DEBUG:4,TRACE:5},o=""log"",s=n.K7.logging},1687:(e,t,r)=>{""use strict"";r.d(t,{Ak:()=>d,Ze:()=>f,x3:()=>u});var n=r(3241),i=r(7836),a=r(3606),o=r(860),s=r(2646);const c={};function d(e,t){const r={staged:!1,priority:o.P3[t]||0};l(e),c[e].get(t)||c[e].set(t,r)}function u(e,t){e&&c[e]&&(c[e].get(t)&&c[e].delete(t),p(e,t,!1),c[e].size&&h(e))}function l(e){if(!e)throw new Error(""agentIdentifier required"");c[e]||(c[e]=new Map)}function f(e="""",t=""feature"",r=!1){if(l(e),!e||!c[e].get(t)||r)return p(e,t);c[e].get(t).staged=!0,h(e)}function h(e){const t=Array.from(c[e]);t.every(([e,t])=>t.staged)&&(t.sort((e,t)=>e[1].priority-t[1].priority),t.forEach(([t])=>{c[e].delete(t),p(e,t)}))}function p(e,t,r=!0){const o=e?i.ee.get(e):i.ee,c=a.i.handlers;if(!o.aborted&&o.backlog&&c){if((0,n.W)({agentIdentifier:e,type:""lifecycle"",name:""drain"",feature:t}),r){const e=o.backlog[t],r=c[t];if(r){for(let t=0;e&&t<e.length;++t)g(e[t],r);Object.entries(r).forEach(([e,t])=>{Object.values(t||{}).forEach(t=>{t[0]?.on&&t[0]?.context()instanceof s.y&&t[0].on(e,t[1])})})}}o.isolatedBacklog||delete c[t],o.backlog[t]=null,o.emit(""drain-""+t,[])}}function g(e,t){var r=e[1];Object.values(t[r]||{}).forEach(t=>{var r=e[0];if(t[0]===r){var n=t[1],i=e[3],a=e[2];n.apply(i,a)}})}},1741:(e,t,r)=>{""use strict"";r.d(t,{W:()=>a});var n=r(944),i=r(4261);class a{#e(e,...t){if(this[e]!==a.prototype[e])return this[e](...t);(0,n.R)(35,e)}addPageAction(e,t){return this.#e(i.hG,e,t)}register(e){return this.#e(i.eY,e)}recordCustomEvent(e,t){return this.#e(i.fF,e,t)}setPageViewName(e,t){return this.#e(i.Fw,e,t)}setCustomAttribute(e,t,r){return this.#e(i.cD,e,t,r)}noticeError(e,t){return this.#e(i.o5,e,t)}setUserId(e){return this.#e(i",success
jazz,N/A,N/A,N/A,N/A,N/A,N/A,https://www.last.fm/music/Amy+Winehouse/_/Stronger+Than+Me,N/A,502_error
jazz,N/A,N/A,N/A,N/A,N/A,N/A,https://www.last.fm/music/Sade/_/Kiss+Of+Life,N/A,502_error
jazz,N/A,N/A,N/A,N/A,N/A,N/A,https://www.last.fm/music/Amy+Winehouse/_/Love+Is+a+Losing+Game,N/A,502_error
jazz,N/A,N/A,N/A,N/A,N/A,N/A,https://www.last.fm/music/Louis+Armstrong/_/Dream+a+Little+Dream+of+Me,N/A,502_error
jazz,Me & Mr Jones,Amy Winehouse,Back to Black,2:31,"902,301","6,043,558",https://www.last.fm/music/Amy+Winehouse/_/Me+&+Mr+Jones,"
<!DOCTYPE html>

<html class=""no-js playbar-masthead-release-shim youtube-provider-not-ready"" lang=""en"">
<head>
<meta charset=""utf-8""/>
<meta content=""IE=edge"" http-equiv=""X-UA-Compatible""/><script type=""text/javascript"">window.NREUM||(NREUM={});NREUM.info={""beacon"":""bam.nr-data.net"",""errorBeacon"":""bam.nr-data.net"",""licenseKey"":""0ed0ce50b0"",""applicationID"":""5588594"",""transactionName"":""Y1BRbUUFWkMEWxYMV1oadUxZB0BZClZNCV5ZG0RcVUpDRxIWAxVIRxteTEQNVx4TUQcSSxpWUk1WCFtXEF1YMUpVVlgXUAFA"",""queueTime"":0,""applicationTime"":978,""agent"":""""};
(window.NREUM||(NREUM={})).init={ajax:{deny_list:[""bam.nr-data.net""]}};(window.NREUM||(NREUM={})).loader_config={xpid:""UwYPV15QGwYFXFlXDgU="",licenseKey:""0ed0ce50b0"",applicationID:""5588594"",browserID:""5591142""};;/*! For license information please see nr-loader-full-1.302.0.min.js.LICENSE.txt */
(()=>{var e,t,r={384:(e,t,r)=>{""use strict"";r.d(t,{NT:()=>o,US:()=>u,Zm:()=>s,bQ:()=>d,dV:()=>c,pV:()=>l});var n=r(6154),i=r(1863),a=r(1910);const o={beacon:""bam.nr-data.net"",errorBeacon:""bam.nr-data.net""};function s(){return n.gm.NREUM||(n.gm.NREUM={}),void 0===n.gm.newrelic&&(n.gm.newrelic=n.gm.NREUM),n.gm.NREUM}function c(){let e=s();return e.o||(e.o={ST:n.gm.setTimeout,SI:n.gm.setImmediate||n.gm.setInterval,CT:n.gm.clearTimeout,XHR:n.gm.XMLHttpRequest,REQ:n.gm.Request,EV:n.gm.Event,PR:n.gm.Promise,MO:n.gm.MutationObserver,FETCH:n.gm.fetch,WS:n.gm.WebSocket},(0,a.i)(...Object.values(e.o))),e}function d(e,t){let r=s();r.initializedAgents??={},t.initializedAt={ms:(0,i.t)(),date:new Date},r.initializedAgents[e]=t}function u(e,t){s()[e]=t}function l(){return function(){let e=s();const t=e.info||{};e.info={beacon:o.beacon,errorBeacon:o.errorBeacon,...t}}(),function(){let e=s();const t=e.init||{};e.init={...t}}(),c(),function(){let e=s();const t=e.loader_config||{};e.loader_config={...t}}(),s()}},782:(e,t,r)=>{""use strict"";r.d(t,{T:()=>n});const n=r(860).K7.pageViewTiming},860:(e,t,r)=>{""use strict"";r.d(t,{$J:()=>u,K7:()=>c,P3:()=>d,XX:()=>i,Yy:()=>s,df:()=>a,qY:()=>n,v4:()=>o});const n=""events"",i=""jserrors"",a=""browser/blobs"",o=""rum"",s=""browser/logs"",c={ajax:""ajax"",genericEvents:""generic_events"",jserrors:i,logging:""logging"",metrics:""metrics"",pageAction:""page_action"",pageViewEvent:""page_view_event"",pageViewTiming:""page_view_timing"",sessionReplay:""session_replay"",sessionTrace:""session_trace"",softNav:""soft_navigations"",spa:""spa""},d={[c.pageViewEvent]:1,[c.pageViewTiming]:2,[c.metrics]:3,[c.jserrors]:4,[c.spa]:5,[c.ajax]:6,[c.sessionTrace]:7,[c.softNav]:8,[c.sessionReplay]:9,[c.logging]:10,[c.genericEvents]:11},u={[c.pageViewEvent]:o,[c.pageViewTiming]:n,[c.ajax]:n,[c.spa]:n,[c.softNav]:n,[c.metrics]:i,[c.jserrors]:i,[c.sessionTrace]:a,[c.sessionReplay]:a,[c.logging]:s,[c.genericEvents]:""ins""}},944:(e,t,r)=>{""use strict"";r.d(t,{R:()=>i});var n=r(3241);function i(e,t){""function""==typeof console.debug&&(console.debug(""New Relic Warning: https://github.com/newrelic/newrelic-browser-agent/blob/main/docs/warning-codes.md#"".concat(e),t),(0,n.W)({agentIdentifier:null,drained:null,type:""data"",name:""warn"",feature:""warn"",data:{code:e,secondary:t}}))}},993:(e,t,r)=>{""use strict"";r.d(t,{A$:()=>a,ET:()=>o,TZ:()=>s,p_:()=>i});var n=r(860);const i={ERROR:""ERROR"",WARN:""WARN"",INFO:""INFO"",DEBUG:""DEBUG"",TRACE:""TRACE""},a={OFF:0,ERROR:1,WARN:2,INFO:3,DEBUG:4,TRACE:5},o=""log"",s=n.K7.logging},1687:(e,t,r)=>{""use strict"";r.d(t,{Ak:()=>d,Ze:()=>f,x3:()=>u});var n=r(3241),i=r(7836),a=r(3606),o=r(860),s=r(2646);const c={};function d(e,t){const r={staged:!1,priority:o.P3[t]||0};l(e),c[e].get(t)||c[e].set(t,r)}function u(e,t){e&&c[e]&&(c[e].get(t)&&c[e].delete(t),p(e,t,!1),c[e].size&&h(e))}function l(e){if(!e)throw new Error(""agentIdentifier required"");c[e]||(c[e]=new Map)}function f(e="""",t=""feature"",r=!1){if(l(e),!e||!c[e].get(t)||r)return p(e,t);c[e].get(t).staged=!0,h(e)}function h(e){const t=Array.from(c[e]);t.every(([e,t])=>t.staged)&&(t.sort((e,t)=>e[1].priority-t[1].priority),t.forEach(([t])=>{c[e].delete(t),p(e,t)}))}function p(e,t,r=!0){const o=e?i.ee.get(e):i.ee,c=a.i.handlers;if(!o.aborted&&o.backlog&&c){if((0,n.W)({agentIdentifier:e,type:""lifecycle"",name:""drain"",feature:t}),r){const e=o.backlog[t],r=c[t];if(r){for(let t=0;e&&t<e.length;++t)g(e[t],r);Object.entries(r).forEach(([e,t])=>{Object.values(t||{}).forEach(t=>{t[0]?.on&&t[0]?.context()instanceof s.y&&t[0].on(e,t[1])})})}}o.isolatedBacklog||delete c[t],o.backlog[t]=null,o.emit(""drain-""+t,[])}}function g(e,t){var r=e[1];Object.values(t[r]||{}).forEach(t=>{var r=e[0];if(t[0]===r){var n=t[1],i=e[3],a=e[2];n.apply(i,a)}})}},1741:(e,t,r)=>{""use strict"";r.d(t,{W:()=>a});var n=r(944),i=r(4261);class a{#e(e,...t){if(this[e]!==a.prototype[e])return this[e](...t);(0,n.R)(35,e)}addPageAction(e,t){return this.#e(i.hG,e,t)}register(e){return this.#e(i.eY,e)}recordCustomEvent(e,t){return this.#e(i.fF,e,t)}setPageViewName(e,t){return this.#e(i.Fw,e,t)}setCustomAttribute(e,t,r){return this.#e(i.cD,e,t,r)}noticeError(e,t){return this.#e(i.o5,e,t)}setUserId(e){return this.#e(i.",success
jazz,There Will Never Be Another You,Lester Young,Lester Young With The Oscar Peterson Trio,3:37,"266,206","891,377",https://www.last.fm/music/Lester+Young/_/There+Will+Never+Be+Another+You,"
<!DOCTYPE html>

<html class=""no-js playbar-masthead-release-shim youtube-provider-not-ready"" lang=""en"">
<head>
<meta charset=""utf-8""/>
<meta content=""IE=edge"" http-equiv=""X-UA-Compatible""/><script type=""text/javascript"">window.NREUM||(NREUM={});NREUM.info={""beacon"":""bam.nr-data.net"",""errorBeacon"":""bam.nr-data.net"",""licenseKey"":""0ed0ce50b0"",""applicationID"":""5588594"",""transactionName"":""Y1BRbUUFWkMEWxYMV1oadUxZB0BZClZNCV5ZG0RcVUpDRxIWAxVIRxteTEQNVx4TUQcSSxpWUk1WCFtXEF1YMUpVVlgXUAFA"",""queueTime"":0,""applicationTime"":777,""agent"":""""};
(window.NREUM||(NREUM={})).init={ajax:{deny_list:[""bam.nr-data.net""]}};(window.NREUM||(NREUM={})).loader_config={xpid:""UwYPV15QGwYFXFlXDgU="",licenseKey:""0ed0ce50b0"",applicationID:""5588594"",browserID:""5591142""};;/*! For license information please see nr-loader-full-1.302.0.min.js.LICENSE.txt */
(()=>{var e,t,r={384:(e,t,r)=>{""use strict"";r.d(t,{NT:()=>o,US:()=>u,Zm:()=>s,bQ:()=>d,dV:()=>c,pV:()=>l});var n=r(6154),i=r(1863),a=r(1910);const o={beacon:""bam.nr-data.net"",errorBeacon:""bam.nr-data.net""};function s(){return n.gm.NREUM||(n.gm.NREUM={}),void 0===n.gm.newrelic&&(n.gm.newrelic=n.gm.NREUM),n.gm.NREUM}function c(){let e=s();return e.o||(e.o={ST:n.gm.setTimeout,SI:n.gm.setImmediate||n.gm.setInterval,CT:n.gm.clearTimeout,XHR:n.gm.XMLHttpRequest,REQ:n.gm.Request,EV:n.gm.Event,PR:n.gm.Promise,MO:n.gm.MutationObserver,FETCH:n.gm.fetch,WS:n.gm.WebSocket},(0,a.i)(...Object.values(e.o))),e}function d(e,t){let r=s();r.initializedAgents??={},t.initializedAt={ms:(0,i.t)(),date:new Date},r.initializedAgents[e]=t}function u(e,t){s()[e]=t}function l(){return function(){let e=s();const t=e.info||{};e.info={beacon:o.beacon,errorBeacon:o.errorBeacon,...t}}(),function(){let e=s();const t=e.init||{};e.init={...t}}(),c(),function(){let e=s();const t=e.loader_config||{};e.loader_config={...t}}(),s()}},782:(e,t,r)=>{""use strict"";r.d(t,{T:()=>n});const n=r(860).K7.pageViewTiming},860:(e,t,r)=>{""use strict"";r.d(t,{$J:()=>u,K7:()=>c,P3:()=>d,XX:()=>i,Yy:()=>s,df:()=>a,qY:()=>n,v4:()=>o});const n=""events"",i=""jserrors"",a=""browser/blobs"",o=""rum"",s=""browser/logs"",c={ajax:""ajax"",genericEvents:""generic_events"",jserrors:i,logging:""logging"",metrics:""metrics"",pageAction:""page_action"",pageViewEvent:""page_view_event"",pageViewTiming:""page_view_timing"",sessionReplay:""session_replay"",sessionTrace:""session_trace"",softNav:""soft_navigations"",spa:""spa""},d={[c.pageViewEvent]:1,[c.pageViewTiming]:2,[c.metrics]:3,[c.jserrors]:4,[c.spa]:5,[c.ajax]:6,[c.sessionTrace]:7,[c.softNav]:8,[c.sessionReplay]:9,[c.logging]:10,[c.genericEvents]:11},u={[c.pageViewEvent]:o,[c.pageViewTiming]:n,[c.ajax]:n,[c.spa]:n,[c.softNav]:n,[c.metrics]:i,[c.jserrors]:i,[c.sessionTrace]:a,[c.sessionReplay]:a,[c.logging]:s,[c.genericEvents]:""ins""}},944:(e,t,r)=>{""use strict"";r.d(t,{R:()=>i});var n=r(3241);function i(e,t){""function""==typeof console.debug&&(console.debug(""New Relic Warning: https://github.com/newrelic/newrelic-browser-agent/blob/main/docs/warning-codes.md#"".concat(e),t),(0,n.W)({agentIdentifier:null,drained:null,type:""data"",name:""warn"",feature:""warn"",data:{code:e,secondary:t}}))}},993:(e,t,r)=>{""use strict"";r.d(t,{A$:()=>a,ET:()=>o,TZ:()=>s,p_:()=>i});var n=r(860);const i={ERROR:""ERROR"",WARN:""WARN"",INFO:""INFO"",DEBUG:""DEBUG"",TRACE:""TRACE""},a={OFF:0,ERROR:1,WARN:2,INFO:3,DEBUG:4,TRACE:5},o=""log"",s=n.K7.logging},1687:(e,t,r)=>{""use strict"";r.d(t,{Ak:()=>d,Ze:()=>f,x3:()=>u});var n=r(3241),i=r(7836),a=r(3606),o=r(860),s=r(2646);const c={};function d(e,t){const r={staged:!1,priority:o.P3[t]||0};l(e),c[e].get(t)||c[e].set(t,r)}function u(e,t){e&&c[e]&&(c[e].get(t)&&c[e].delete(t),p(e,t,!1),c[e].size&&h(e))}function l(e){if(!e)throw new Error(""agentIdentifier required"");c[e]||(c[e]=new Map)}function f(e="""",t=""feature"",r=!1){if(l(e),!e||!c[e].get(t)||r)return p(e,t);c[e].get(t).staged=!0,h(e)}function h(e){const t=Array.from(c[e]);t.every(([e,t])=>t.staged)&&(t.sort((e,t)=>e[1].priority-t[1].priority),t.forEach(([t])=>{c[e].delete(t),p(e,t)}))}function p(e,t,r=!0){const o=e?i.ee.get(e):i.ee,c=a.i.handlers;if(!o.aborted&&o.backlog&&c){if((0,n.W)({agentIdentifier:e,type:""lifecycle"",name:""drain"",feature:t}),r){const e=o.backlog[t],r=c[t];if(r){for(let t=0;e&&t<e.length;++t)g(e[t],r);Object.entries(r).forEach(([e,t])=>{Object.values(t||{}).forEach(t=>{t[0]?.on&&t[0]?.context()instanceof s.y&&t[0].on(e,t[1])})})}}o.isolatedBacklog||delete c[t],o.backlog[t]=null,o.emit(""drain-""+t,[])}}function g(e,t){var r=e[1];Object.values(t[r]||{}).forEach(t=>{var r=e[0];if(t[0]===r){var n=t[1],i=e[3],a=e[2];n.apply(i,a)}})}},1741:(e,t,r)=>{""use strict"";r.d(t,{W:()=>a});var n=r(944),i=r(4261);class a{#e(e,...t){if(this[e]!==a.prototype[e])return this[e](...t);(0,n.R)(35,e)}addPageAction(e,t){return this.#e(i.hG,e,t)}register(e){return this.#e(i.eY,e)}recordCustomEvent(e,t){return this.#e(i.fF,e,t)}setPageViewName(e,t){return this.#e(i.Fw,e,t)}setCustomAttribute(e,t,r){return this.#e(i.cD,e,t,r)}noticeError(e,t){return this.#e(i.o5,e,t)}setUserId(e){return this.#e(i.",success
jazz,N/A,N/A,N/A,N/A,N/A,N/A,https://www.last.fm/music/Bobby+Darin/_/Beyond+the+Sea,N/A,502_error
jazz,N/A,N/A,N/A,N/A,N/A,N/A,https://www.last.fm/music/Erroll+Garner/_/Misty,N/A,502_error
jazz,N/A,N/A,N/A,N/A,N/A,N/A,https://www.last.fm/music/The+Ink+Spots/_/I+Don%27t+Want+to+Set+the+World+on+Fire,N/A,502_error
